2.4, 4.4, 8.4, 12.4, 16.4, 20.4, 24.4, 28.4, 32.4, 36.4, 40.4, 44.4, 48.4, 52.4, 56.4, 60.4, 64.4, 68.4, 72.4, 76.4, 80.4, 84.4, 88.4, 92.4, 96.4, 100.4, 104.4, 108.4, 112.4, 116.4, 120.4, 124.4, 128.4, 132.4, 136.4, 140.4, 144.4, 148.4, 152.4, 156.4, 160.4, 164.4, 168.4, 172.4, 176.4, 180.4, 184.4, 188.4, 192.4, 196.4, 200.4, 204.4, 208.4, 212.4, 216.4, 220.4, 224.4, 228.4, 232.4, 236.4, 240.4, 244.4, 248.4, 252.4, 256.4, 260.4, 264.4, 268.4, 272.4, 276.4, 280.4, 284.4, 288.4, 292.4, 296.4, 300.4, 304.4, 308.4, 312.4, 316.4, 320.4, 324.4, 328.4, 332.4, 336.4, 340.4, 344.4, 348.4, 352.4, 356.4, 360.4, 364.4, 368.4, 372.4, 376.4, 380.4, 384.4, 388.4, 392.4, 396.4, 400.4, 404.4, 408.4, 412.4, 416.4, 420.4, 424.4, 428.4, 432.4, 436.4, 440.4, 444.4, 448.4, 452.4, 456.4, 460.4, 464.4, 468.4, 472.4, 476.4, 480.4, 484.4, 488.4, 492.4, 496.4, 500.4, 504.4, 507.4
514.4, 516.4, 520.4, 524.4, 528.4, 532.4, 536.4, 540.4, 544.4, 548.4, 552.4, 556.4, 560.4, 564.4, 568.4, 572.4, 576.4, 580.4, 584.4, 588.4, 592.4, 596.4, 600.4, 604.4, 608.4, 612.4, 616.4, 620.4, 624.4, 628.4, 632.4, 636.4, 640.4, 644.4, 648.4, 652.4, 656.4, 660.4, 664.4, 668.4, 672.4, 676.4, 680.4, 684.4, 688.4, 692.4, 696.4, 700.4, 704.4, 708.4, 712.4, 716.4, 720.4, 724.4, 728.4, 732.4, 736.4, 740.4, 744.4, 748.4, 752.4, 756.4, 760.4, 764.4, 768.4, 772.4, 776.4, 780.4, 784.4, 788.4, 792.4, 796.4, 800.4, 804.4, 808.4, 812.4, 816.4, 820.4, 824.4, 828.4, 832.4, 836.4, 840.4, 844.4, 848.4, 852.4, 856.4, 860.4, 864.4, 868.4, 872.4, 876.4, 880.4, 884.4, 888.4, 892.4, 896.4, 900.4, 904.4, 908.4, 912.4, 916.4, 920.4, 924.4, 928.4, 932.4, 936.4, 940.4, 944.4, 948.4, 952.4, 956.4, 960.4, 964.4, 968.4, 972.4, 976.4, 980.4, 984.4, 988.4, 992.4, 996.4, 1000.4, 1004.4, 1008.4, 1012.4, 1016.4, 1019.4
1026.4, 1028.4, 1032.4, 1036.4, 1040.4, 1044.4, 1048.4, 1052.4, 1056.4, 1060.4, 1064.4, 1068.4, 1072.4, 1076.4, 1080.4, 1084.4, 1088.4, 1092.4, 1096.4, 1100.4, 1104.4, 1108.4, 1112.4, 1116.4, 1120.4, 1124.4, 1128.4, 1132.4, 1136.4, 1140.4, 1144.4, 1148.4, 1152.4, 1156.4, 1160.4, 1164.4, 1168.4, 1172.4, 1176.4, 1180.4, 1184.4, 1188.4, 1192.4, 1196.4, 1200.4, 1204.4, 1208.4, 1212.4, 1216.4, 1220.4, 1224.4, 1228.4, 1232.4, 1236.4, 1240.4, 1244.4, 1248.4, 1252.4, 1256.4, 1260.4, 1264.4, 1268.4, 1272.4, 1276.4, 1280.4, 1284.4, 1288.4, 1292.4, 1296.4, 1300.4, 1304.4, 1308.4, 1312.4, 1316.4, 1320.4, 1324.4, 1328.4, 1332.4, 1336.4, 1340.4, 1344.4, 1348.4, 1352.4, 1356.4, 1360.4, 1364.4, 1368.4, 1372.4, 1376.4, 1380.4, 1384.4, 1388.4, 1392.4, 1396.4, 1400.4, 1404.4, 1408.4, 1412.4, 1416.4, 1420.4, 1424.4, 1428.4, 1432.4, 1436.4, 1440.4, 1444.4, 1448.4, 1452.4, 1456.4, 1460.4, 1464.4, 1468.4, 1472.4, 1476.4, 1480.4, 1484.4, 1488.4, 1492.4, 1496.4, 1500.4, 1504.4, 1508.4, 1512.4, 1516.4, 1520.4, 1524.4, 1528.4, 1531.4
1538.4, 1540.4, 1544.4, 1548.4, 1552.4, 1556.4, 1560.4, 1564.4, 1568.4, 1572.4, 1576.4, 1580.4, 1584.4, 1588.4, 1592.4, 1596.4, 1600.4, 1604.4, 1608.4, 1612.4, 1616.4, 1620.4, 1624.4, 1628.4, 1632.4, 1636.4, 1640.4, 1644.4, 1648.4, 1652.4, 1656.4, 1660.4, 1664.4, 1668.4, 1672.4, 1676.4, 1680.4, 1684.4, 1688.4, 1692.4, 1696.4, 1700.4, 1704.4, 1708.4, 1712.4, 1716.4, 1720.4, 1724.4, 1728.4, 1732.4, 1736.4, 1740.4, 1744.4, 1748.4, 1752.4, 1756.4, 1760.4, 1764.4, 1768.4, 1772.4, 1776.4, 1780.4, 1784.4, 1788.4, 1792.4, 1796.4, 1800.4, 1804.4, 1808.4, 1812.4, 1816.4, 1820.4, 1824.4, 1828.4, 1832.4, 1836.4, 1840.4, 1844.4, 1848.4, 1852.4, 1856.4, 1860.4, 1864.4, 1868.4, 1872.4, 1876.4, 1880.4, 1884.4, 1888.4, 1892.4, 1896.4, 1900.4, 1904.4, 1908.4, 1912.4, 1916.4, 1920.4, 1924.4, 1928.4, 1932.4, 1936.4, 1940.4, 1944.4, 1948.4, 1952.4, 1956.4, 1960.4, 1964.4, 1968.4, 1972.4, 1976.4, 1980.4, 1984.4, 1988.4, 1992.4, 1996.4, 2000.4, 2004.4, 2008.4, 2012.4, 2016.4, 2020.4, 2024.4, 2028.4, 2032.4, 2036.4, 2040.4, 2043.4
2050.4, 2052.4, 2056.4, 2060.4, 2064.4, 2068.4, 2072.4, 2076.4, 2080.4, 2084.4, 2088.4, 2092.4, 2096.4, 2100.4, 2104.4, 2108.4, 2112.4, 2116.4, 2120.4, 2124.4, 2128.4, 2132.4, 2136.4, 2140.4, 2144.4, 2148.4, 2152.4, 2156.4, 2160.4, 2164.4, 2168.4, 2172.4, 2176.4, 2180.4, 2184.4, 2188.4, 2192.4, 2196.4, 2200.4, 2204.4, 2208.4, 2212.4, 2216.4, 2220.4, 2224.4, 2228.4, 2232.4, 2236.4, 2240.4, 2244.4, 2248.4, 2252.4, 2256.4, 2260.4, 2264.4, 2268.4, 2272.4, 2276.4, 2280.4, 2284.4, 2288.4, 2292.4, 2296.4, 2300.4, 2304.4, 2308.4, 2312.4, 2316.4, 2320.4, 2324.4, 2328.4, 2332.4, 2336.4, 2340.4, 2344.4, 2348.4, 2352.4, 2356.4, 2360.4, 2364.4, 2368.4, 2372.4, 2376.4, 2380.4, 2384.4, 2388.4, 2392.4, 2396.4, 2400.4, 2404.4, 2408.4, 2412.4, 2416.4, 2420.4, 2424.4, 2428.4, 2432.4, 2436.4, 2440.4, 2444.4, 2448.4, 2452.4, 2456.4, 2460.4, 2464.4, 2468.4, 2472.4, 2476.4, 2480.4, 2484.4, 2488.4, 2492.4, 2496.4, 2500.4, 2504.4, 2508.4, 2512.4, 2516.4, 2520.4, 2524.4, 2528.4, 2532.4, 2536.4, 2540.4, 2544.4, 2548.4, 2552.4, 2555.4
2562.4, 2564.4, 2568.4, 2572.4, 2576.4, 2580.4, 2584.4, 2588.4, 2592.4, 2596.4, 2600.4, 2604.4, 2608.4, 2612.4, 2616.4, 2620.4, 2624.4, 2628.4, 2632.4, 2636.4, 2640.4, 2644.4, 2648.4, 2652.4, 2656.4, 2660.4, 2664.4, 2668.4, 2672.4, 2676.4, 2680.4, 2684.4, 2688.4, 2692.4, 2696.4, 2700.4, 2704.4, 2708.4, 2712.4, 2716.4, 2720.4, 2724.4, 2728.4, 2732.4, 2736.4, 2740.4, 2744.4, 2748.4, 2752.4, 2756.4, 2760.4, 2764.4, 2768.4, 2772.4, 2776.4, 2780.4, 2784.4, 2788.4, 2792.4, 2796.4, 2800.4, 2804.4, 2808.4, 2812.4, 2816.4, 2820.4, 2824.4, 2828.4, 2832.4, 2836.4, 2840.4, 2844.4, 2848.4, 2852.4, 2856.4, 2860.4, 2864.4, 2868.4, 2872.4, 2876.4, 2880.4, 2884.4, 2888.4, 2892.4, 2896.4, 2900.4, 2904.4, 2908.4, 2912.4, 2916.4, 2920.4, 2924.4, 2928.4, 2932.4, 2936.4, 2940.4, 2944.4, 2948.4, 2952.4, 2956.4, 2960.4, 2964.4, 2968.4, 2972.4, 2976.4, 2980.4, 2984.4, 2988.4, 2992.4, 2996.4, 3000.4, 3004.4, 3008.4, 3012.4, 3016.4, 3020.4, 3024.4, 3028.4, 3032.4, 3036.4, 3040.4, 3044.4, 3048.4, 3052.4, 3056.4, 3060.4, 3064.4, 3067.4
3074.4, 3076.4, 3080.4, 3084.4, 3088.4, 3092.4, 3096.4, 3100.4, 3104.4, 3108.4, 3112.4, 3116.4, 3120.4, 3124.4, 3128.4, 3132.4, 3136.4, 3140.4, 3144.4, 3148.4, 3152.4, 3156.4, 3160.4, 3164.4, 3168.4, 3172.4, 3176.4, 3180.4, 3184.4, 3188.4, 3192.4, 3196.4, 3200.4, 3204.4, 3208.4, 3212.4, 3216.4, 3220.4, 3224.4, 3228.4, 3232.4, 3236.4, 3240.4, 3244.4, 3248.4, 3252.4, 3256.4, 3260.4, 3264.4, 3268.4, 3272.4, 3276.4, 3280.4, 3284.4, 3288.4, 3292.4, 3296.4, 3300.4, 3304.4, 3308.4, 3312.4, 3316.4, 3320.4, 3324.4, 3328.4, 3332.4, 3336.4, 3340.4, 3344.4, 3348.4, 3352.4, 3356.4, 3360.4, 3364.4, 3368.4, 3372.4, 3376.4, 3380.4, 3384.4, 3388.4, 3392.4, 3396.4, 3400.4, 3404.4, 3408.4, 3412.4, 3416.4, 3420.4, 3424.4, 3428.4, 3432.4, 3436.4, 3440.4, 3444.4, 3448.4, 3452.4, 3456.4, 3460.4, 3464.4, 3468.4, 3472.4, 3476.4, 3480.4, 3484.4, 3488.4, 3492.4, 3496.4, 3500.4, 3504.4, 3508.4, 3512.4, 3516.4, 3520.4, 3524.4, 3528.4, 3532.4, 3536.4, 3540.4, 3544.4, 3548.4, 3552.4, 3556.4, 3560.4, 3564.4, 3568.4, 3572.4, 3576.4, 3579.4
3586.4, 3588.4, 3592.4, 3596.4, 3600.4, 3604.4, 3608.4, 3612.4, 3616.4, 3620.4, 3624.4, 3628.4, 3632.4, 3636.4, 3640.4, 3644.4, 3648.4, 3652.4, 3656.4, 3660.4, 3664.4, 3668.4, 3672.4, 3676.4, 3680.4, 3684.4, 3688.4, 3692.4, 3696.4, 3700.4, 3704.4, 3708.4, 3712.4, 3716.4, 3720.4, 3724.4, 3728.4, 3732.4, 3736.4, 3740.4, 3744.4, 3748.4, 3752.4, 3756.4, 3760.4, 3764.4, 3768.4, 3772.4, 3776.4, 3780.4, 3784.4, 3788.4, 3792.4, 3796.4, 3800.4, 3804.4, 3808.4, 3812.4, 3816.4, 3820.4, 3824.4, 3828.4, 3832.4, 3836.4, 3840.4, 3844.4, 3848.4, 3852.4, 3856.4, 3860.4, 3864.4, 3868.4, 3872.4, 3876.4, 3880.4, 3884.4, 3888.4, 3892.4, 3896.4, 3900.4, 3904.4, 3908.4, 3912.4, 3916.4, 3920.4, 3924.4, 3928.4, 3932.4, 3936.4, 3940.4, 3944.4, 3948.4, 3952.4, 3956.4, 3960.4, 3964.4, 3968.4, 3972.4, 3976.4, 3980.4, 3984.4, 3988.4, 3992.4, 3996.4, 4000.4, 4004.4, 4008.4, 4012.4, 4016.4, 4020.4, 4024.4, 4028.4, 4032.4, 4036.4, 4040.4, 4044.4, 4048.4, 4052.4, 4056.4, 4060.4, 4064.4, 4068.4, 4072.4, 4076.4, 4080.4, 4084.4, 4088.4, 4091.4
4098.4, 4100.4, 4104.4, 4108.4, 4112.4, 4116.4, 4120.4, 4124.4, 4128.4, 4132.4, 4136.4, 4140.4, 4144.4, 4148.4, 4152.4, 4156.4, 4160.4, 4164.4, 4168.4, 4172.4, 4176.4, 4180.4, 4184.4, 4188.4, 4192.4, 4196.4, 4200.4, 4204.4, 4208.4, 4212.4, 4216.4, 4220.4, 4224.4, 4228.4, 4232.4, 4236.4, 4240.4, 4244.4, 4248.4, 4252.4, 4256.4, 4260.4, 4264.4, 4268.4, 4272.4, 4276.4, 4280.4, 4284.4, 4288.4, 4292.4, 4296.4, 4300.4, 4304.4, 4308.4, 4312.4, 4316.4, 4320.4, 4324.4, 4328.4, 4332.4, 4336.4, 4340.4, 4344.4, 4348.4, 4352.4, 4356.4, 4360.4, 4364.4, 4368.4, 4372.4, 4376.4, 4380.4, 4384.4, 4388.4, 4392.4, 4396.4, 4400.4, 4404.4, 4408.4, 4412.4, 4416.4, 4420.4, 4424.4, 4428.4, 4432.4, 4436.4, 4440.4, 4444.4, 4448.4, 4452.4, 4456.4, 4460.4, 4464.4, 4468.4, 4472.4, 4476.4, 4480.4, 4484.4, 4488.4, 4492.4, 4496.4, 4500.4, 4504.4, 4508.4, 4512.4, 4516.4, 4520.4, 4524.4, 4528.4, 4532.4, 4536.4, 4540.4, 4544.4, 4548.4, 4552.4, 4556.4, 4560.4, 4564.4, 4568.4, 4572.4, 4576.4, 4580.4, 4584.4, 4588.4, 4592.4, 4596.4, 4600.4, 4603.4
4610.4, 4612.4, 4616.4, 4620.4, 4624.4, 4628.4, 4632.4, 4636.4, 4640.4, 4644.4, 4648.4, 4652.4, 4656.4, 4660.4, 4664.4, 4668.4, 4672.4, 4676.4, 4680.4, 4684.4, 4688.4, 4692.4, 4696.4, 4700.4, 4704.4, 4708.4, 4712.4, 4716.4, 4720.4, 4724.4, 4728.4, 4732.4, 4736.4, 4740.4, 4744.4, 4748.4, 4752.4, 4756.4, 4760.4, 4764.4, 4768.4, 4772.4, 4776.4, 4780.4, 4784.4, 4788.4, 4792.4, 4796.4, 4800.4, 4804.4, 4808.4, 4812.4, 4816.4, 4820.4, 4824.4, 4828.4, 4832.4, 4836.4, 4840.4, 4844.4, 4848.4, 4852.4, 4856.4, 4860.4, 4864.4, 4868.4, 4872.4, 4876.4, 4880.4, 4884.4, 4888.4, 4892.4, 4896.4, 4900.4, 4904.4, 4908.4, 4912.4, 4916.4, 4920.4, 4924.4, 4928.4, 4932.4, 4936.4, 4940.4, 4944.4, 4948.4, 4952.4, 4956.4, 4960.4, 4964.4, 4968.4, 4972.4, 4976.4, 4980.4, 4984.4, 4988.4, 4992.4, 4996.4, 5000.4, 5004.4, 5008.4, 5012.4, 5016.4, 5020.4, 5024.4, 5028.4, 5032.4, 5036.4, 5040.4, 5044.4, 5048.4, 5052.4, 5056.4, 5060.4, 5064.4, 5068.4, 5072.4, 5076.4, 5080.4, 5084.4, 5088.4, 5092.4, 5096.4, 5100.4, 5104.4, 5108.4, 5112.4, 5115.4
5122.4, 5124.4, 5128.4, 5132.4, 5136.4, 5140.4, 5144.4, 5148.4, 5152.4, 5156.4, 5160.4, 5164.4, 5168.4, 5172.4, 5176.4, 5180.4, 5184.4, 5188.4, 5192.4, 5196.4, 5200.4, 5204.4, 5208.4, 5212.4, 5216.4, 5220.4, 5224.4, 5228.4, 5232.4, 5236.4, 5240.4, 5244.4, 5248.4, 5252.4, 5256.4, 5260.4, 5264.4, 5268.4, 5272.4, 5276.4, 5280.4, 5284.4, 5288.4, 5292.4, 5296.4, 5300.4, 5304.4, 5308.4, 5312.4, 5316.4, 5320.4, 5324.4, 5328.4, 5332.4, 5336.4, 5340.4, 5344.4, 5348.4, 5352.4, 5356.4, 5360.4, 5364.4, 5368.4, 5372.4, 5376.4, 5380.4, 5384.4, 5388.4, 5392.4, 5396.4, 5400.4, 5404.4, 5408.4, 5412.4, 5416.4, 5420.4, 5424.4, 5428.4, 5432.4, 5436.4, 5440.4, 5444.4, 5448.4, 5452.4, 5456.4, 5460.4, 5464.4, 5468.4, 5472.4, 5476.4, 5480.4, 5484.4, 5488.4, 5492.4, 5496.4, 5500.4, 5504.4, 5508.4, 5512.4, 5516.4, 5520.4, 5524.4, 5528.4, 5532.4, 5536.4, 5540.4, 5544.4, 5548.4, 5552.4, 5556.4, 5560.4, 5564.4, 5568.4, 5572.4, 5576.4, 5580.4, 5584.4, 5588.4, 5592.4, 5596.4, 5600.4, 5604.4, 5608.4, 5612.4, 5616.4, 5620.4, 5624.4, 5627.4
5634.4, 5636.4, 5640.4, 5644.4, 5648.4, 5652.4, 5656.4, 5660.4, 5664.4, 5668.4, 5672.4, 5676.4, 5680.4, 5684.4, 5688.4, 5692.4, 5696.4, 5700.4, 5704.4, 5708.4, 5712.4, 5716.4, 5720.4, 5724.4, 5728.4, 5732.4, 5736.4, 5740.4, 5744.4, 5748.4, 5752.4, 5756.4, 5760.4, 5764.4, 5768.4, 5772.4, 5776.4, 5780.4, 5784.4, 5788.4, 5792.4, 5796.4, 5800.4, 5804.4, 5808.4, 5812.4, 5816.4, 5820.4, 5824.4, 5828.4, 5832.4, 5836.4, 5840.4, 5844.4, 5848.4, 5852.4, 5856.4, 5860.4, 5864.4, 5868.4, 5872.4, 5876.4, 5880.4, 5884.4, 5888.4, 5892.4, 5896.4, 5900.4, 5904.4, 5908.4, 5912.4, 5916.4, 5920.4, 5924.4, 5928.4, 5932.4, 5936.4, 5940.4, 5944.4, 5948.4, 5952.4, 5956.4, 5960.4, 5964.4, 5968.4, 5972.4, 5976.4, 5980.4, 5984.4, 5988.4, 5992.4, 5996.4, 6000.4, 6004.4, 6008.4, 6012.4, 6016.4, 6020.4, 6024.4, 6028.4, 6032.4, 6036.4, 6040.4, 6044.4, 6048.4, 6052.4, 6056.4, 6060.4, 6064.4, 6068.4, 6072.4, 6076.4, 6080.4, 6084.4, 6088.4, 6092.4, 6096.4, 6100.4, 6104.4, 6108.4, 6112.4, 6116.4, 6120.4, 6124.4, 6128.4, 6132.4, 6136.4, 6139.4
6146.4, 6148.4, 6152.4, 6156.4, 6160.4, 6164.4, 6168.4, 6172.4, 6176.4, 6180.4, 6184.4, 6188.4, 6192.4, 6196.4, 6200.4, 6204.4, 6208.4, 6212.4, 6216.4, 6220.4, 6224.4, 6228.4, 6232.4, 6236.4, 6240.4, 6244.4, 6248.4, 6252.4, 6256.4, 6260.4, 6264.4, 6268.4, 6272.4, 6276.4, 6280.4, 6284.4, 6288.4, 6292.4, 6296.4, 6300.4, 6304.4, 6308.4, 6312.4, 6316.4, 6320.4, 6324.4, 6328.4, 6332.4, 6336.4, 6340.4, 6344.4, 6348.4, 6352.4, 6356.4, 6360.4, 6364.4, 6368.4, 6372.4, 6376.4, 6380.4, 6384.4, 6388.4, 6392.4, 6396.4, 6400.4, 6404.4, 6408.4, 6412.4, 6416.4, 6420.4, 6424.4, 6428.4, 6432.4, 6436.4, 6440.4, 6444.4, 6448.4, 6452.4, 6456.4, 6460.4, 6464.4, 6468.4, 6472.4, 6476.4, 6480.4, 6484.4, 6488.4, 6492.4, 6496.4, 6500.4, 6504.4, 6508.4, 6512.4, 6516.4, 6520.4, 6524.4, 6528.4, 6532.4, 6536.4, 6540.4, 6544.4, 6548.4, 6552.4, 6556.4, 6560.4, 6564.4, 6568.4, 6572.4, 6576.4, 6580.4, 6584.4, 6588.4, 6592.4, 6596.4, 6600.4, 6604.4, 6608.4, 6612.4, 6616.4, 6620.4, 6624.4, 6628.4, 6632.4, 6636.4, 6640.4, 6644.4, 6648.4, 6651.4
6658.4, 6660.4, 6664.4, 6668.4, 6672.4, 6676.4, 6680.4, 6684.4, 6688.4, 6692.4, 6696.4, 6700.4, 6704.4, 6708.4, 6712.4, 6716.4, 6720.4, 6724.4, 6728.4, 6732.4, 6736.4, 6740.4, 6744.4, 6748.4, 6752.4, 6756.4, 6760.4, 6764.4, 6768.4, 6772.4, 6776.4, 6780.4, 6784.4, 6788.4, 6792.4, 6796.4, 6800.4, 6804.4, 6808.4, 6812.4, 6816.4, 6820.4, 6824.4, 6828.4, 6832.4, 6836.4, 6840.4, 6844.4, 6848.4, 6852.4, 6856.4, 6860.4, 6864.4, 6868.4, 6872.4, 6876.4, 6880.4, 6884.4, 6888.4, 6892.4, 6896.4, 6900.4, 6904.4, 6908.4, 6912.4, 6916.4, 6920.4, 6924.4, 6928.4, 6932.4, 6936.4, 6940.4, 6944.4, 6948.4, 6952.4, 6956.4, 6960.4, 6964.4, 6968.4, 6972.4, 6976.4, 6980.4, 6984.4, 6988.4, 6992.4, 6996.4, 7000.4, 7004.4, 7008.4, 7012.4, 7016.4, 7020.4, 7024.4, 7028.4, 7032.4, 7036.4, 7040.4, 7044.4, 7048.4, 7052.4, 7056.4, 7060.4, 7064.4, 7068.4, 7072.4, 7076.4, 7080.4, 7084.4, 7088.4, 7092.4, 7096.4, 7100.4, 7104.4, 7108.4, 7112.4, 7116.4, 7120.4, 7124.4, 7128.4, 7132.4, 7136.4, 7140.4, 7144.4, 7148.4, 7152.4, 7156.4, 7160.4, 7163.4
7170.4, 7172.4, 7176.4, 7180.4, 7184.4, 7188.4, 7192.4, 7196.4, 7200.4, 7204.4, 7208.4, 7212.4, 7216.4, 7220.4, 7224.4, 7228.4, 7232.4, 7236.4, 7240.4, 7244.4, 7248.4, 7252.4, 7256.4, 7260.4, 7264.4, 7268.4, 7272.4, 7276.4, 7280.4, 7284.4, 7288.4, 7292.4, 7296.4, 7300.4, 7304.4, 7308.4, 7312.4, 7316.4, 7320.4, 7324.4, 7328.4, 7332.4, 7336.4, 7340.4, 7344.4, 7348.4, 7352.4, 7356.4, 7360.4, 7364.4, 7368.4, 7372.4, 7376.4, 7380.4, 7384.4, 7388.4, 7392.4, 7396.4, 7400.4, 7404.4, 7408.4, 7412.4, 7416.4, 7420.4, 7424.4, 7428.4, 7432.4, 7436.4, 7440.4, 7444.4, 7448.4, 7452.4, 7456.4, 7460.4, 7464.4, 7468.4, 7472.4, 7476.4, 7480.4, 7484.4, 7488.4, 7492.4, 7496.4, 7500.4, 7504.4, 7508.4, 7512.4, 7516.4, 7520.4, 7524.4, 7528.4, 7532.4, 7536.4, 7540.4, 7544.4, 7548.4, 7552.4, 7556.4, 7560.4, 7564.4, 7568.4, 7572.4, 7576.4, 7580.4, 7584.4, 7588.4, 7592.4, 7596.4, 7600.4, 7604.4, 7608.4, 7612.4, 7616.4, 7620.4, 7624.4, 7628.4, 7632.4, 7636.4, 7640.4, 7644.4, 7648.4, 7652.4, 7656.4, 7660.4, 7664.4, 7668.4, 7672.4, 7675.4
7682.4, 7684.4, 7688.4, 7692.4, 7696.4, 7700.4, 7704.4, 7708.4, 7712.4, 7716.4, 7720.4, 7724.4, 7728.4, 7732.4, 7736.4, 7740.4, 7744.4, 7748.4, 7752.4, 7756.4, 7760.4, 7764.4, 7768.4, 7772.4, 7776.4, 7780.4, 7784.4, 7788.4, 7792.4, 7796.4, 7800.4, 7804.4, 7808.4, 7812.4, 7816.4, 7820.4, 7824.4, 7828.4, 7832.4, 7836.4, 7840.4, 7844.4, 7848.4, 7852.4, 7856.4, 7860.4, 7864.4, 7868.4, 7872.4, 7876.4, 7880.4, 7884.4, 7888.4, 7892.4, 7896.4, 7900.4, 7904.4, 7908.4, 7912.4, 7916.4, 7920.4, 7924.4, 7928.4, 7932.4, 7936.4, 7940.4, 7944.4, 7948.4, 7952.4, 7956.4, 7960.4, 7964.4, 7968.4, 7972.4, 7976.4, 7980.4, 7984.4, 7988.4, 7992.4, 7996.4, 8000.4, 8004.4, 8008.4, 8012.4, 8016.4, 8020.4, 8024.4, 8028.4, 8032.4, 8036.4, 8040.4, 8044.4, 8048.4, 8052.4, 8056.4, 8060.4, 8064.4, 8068.4, 8072.4, 8076.4, 8080.4, 8084.4, 8088.4, 8092.4, 8096.4, 8100.4, 8104.4, 8108.4, 8112.4, 8116.4, 8120.4, 8124.4, 8128.4, 8132.4, 8136.4, 8140.4, 8144.4, 8148.4, 8152.4, 8156.4, 8160.4, 8164.4, 8168.4, 8172.4, 8176.4, 8180.4, 8184.4, 8187.4
8194.4, 8196.4, 8200.4, 8204.4, 8208.4, 8212.4, 8216.4, 8220.4, 8224.4, 8228.4, 8232.4, 8236.4, 8240.4, 8244.4, 8248.4, 8252.4, 8256.4, 8260.4, 8264.4, 8268.4, 8272.4, 8276.4, 8280.4, 8284.4, 8288.4, 8292.4, 8296.4, 8300.4, 8304.4, 8308.4, 8312.4, 8316.4, 8320.4, 8324.4, 8328.4, 8332.4, 8336.4, 8340.4, 8344.4, 8348.4, 8352.4, 8356.4, 8360.4, 8364.4, 8368.4, 8372.4, 8376.4, 8380.4, 8384.4, 8388.4, 8392.4, 8396.4, 8400.4, 8404.4, 8408.4, 8412.4, 8416.4, 8420.4, 8424.4, 8428.4, 8432.4, 8436.4, 8440.4, 8444.4, 8448.4, 8452.4, 8456.4, 8460.4, 8464.4, 8468.4, 8472.4, 8476.4, 8480.4, 8484.4, 8488.4, 8492.4, 8496.4, 8500.4, 8504.4, 8508.4, 8512.4, 8516.4, 8520.4, 8524.4, 8528.4, 8532.4, 8536.4, 8540.4, 8544.4, 8548.4, 8552.4, 8556.4, 8560.4, 8564.4, 8568.4, 8572.4, 8576.4, 8580.4, 8584.4, 8588.4, 8592.4, 8596.4, 8600.4, 8604.4, 8608.4, 8612.4, 8616.4, 8620.4, 8624.4, 8628.4, 8632.4, 8636.4, 8640.4, 8644.4, 8648.4, 8652.4, 8656.4, 8660.4, 8664.4, 8668.4, 8672.4, 8676.4, 8680.4, 8684.4, 8688.4, 8692.4, 8696.4, 8699.4
8706.4, 8708.4, 8712.4, 8716.4, 8720.4, 8724.4, 8728.4, 8732.4, 8736.4, 8740.4, 8744.4, 8748.4, 8752.4, 8756.4, 8760.4, 8764.4, 8768.4, 8772.4, 8776.4, 8780.4, 8784.4, 8788.4, 8792.4, 8796.4, 8800.4, 8804.4, 8808.4, 8812.4, 8816.4, 8820.4, 8824.4, 8828.4, 8832.4, 8836.4, 8840.4, 8844.4, 8848.4, 8852.4, 8856.4, 8860.4, 8864.4, 8868.4, 8872.4, 8876.4, 8880.4, 8884.4, 8888.4, 8892.4, 8896.4, 8900.4, 8904.4, 8908.4, 8912.4, 8916.4, 8920.4, 8924.4, 8928.4, 8932.4, 8936.4, 8940.4, 8944.4, 8948.4, 8952.4, 8956.4, 8960.4, 8964.4, 8968.4, 8972.4, 8976.4, 8980.4, 8984.4, 8988.4, 8992.4, 8996.4, 9000.4, 9004.4, 9008.4, 9012.4, 9016.4, 9020.4, 9024.4, 9028.4, 9032.4, 9036.4, 9040.4, 9044.4, 9048.4, 9052.4, 9056.4, 9060.4, 9064.4, 9068.4, 9072.4, 9076.4, 9080.4, 9084.4, 9088.4, 9092.4, 9096.4, 9100.4, 9104.4, 9108.4, 9112.4, 9116.4, 9120.4, 9124.4, 9128.4, 9132.4, 9136.4, 9140.4, 9144.4, 9148.4, 9152.4, 9156.4, 9160.4, 9164.4, 9168.4, 9172.4, 9176.4, 9180.4, 9184.4, 9188.4, 9192.4, 9196.4, 9200.4, 9204.4, 9208.4, 9211.4
9218.4, 9220.4, 9224.4, 9228.4, 9232.4, 9236.4, 9240.4, 9244.4, 9248.4, 9252.4, 9256.4, 9260.4, 9264.4, 9268.4, 9272.4, 9276.4, 9280.4, 9284.4, 9288.4, 9292.4, 9296.4, 9300.4, 9304.4, 9308.4, 9312.4, 9316.4, 9320.4, 9324.4, 9328.4, 9332.4, 9336.4, 9340.4, 9344.4, 9348.4, 9352.4, 9356.4, 9360.4, 9364.4, 9368.4, 9372.4, 9376.4, 9380.4, 9384.4, 9388.4, 9392.4, 9396.4, 9400.4, 9404.4, 9408.4, 9412.4, 9416.4, 9420.4, 9424.4, 9428.4, 9432.4, 9436.4, 9440.4, 9444.4, 9448.4, 9452.4, 9456.4, 9460.4, 9464.4, 9468.4, 9472.4, 9476.4, 9480.4, 9484.4, 9488.4, 9492.4, 9496.4, 9500.4, 9504.4, 9508.4, 9512.4, 9516.4, 9520.4, 9524.4, 9528.4, 9532.4, 9536.4, 9540.4, 9544.4, 9548.4, 9552.4, 9556.4, 9560.4, 9564.4, 9568.4, 9572.4, 9576.4, 9580.4, 9584.4, 9588.4, 9592.4, 9596.4, 9600.4, 9604.4, 9608.4, 9612.4, 9616.4, 9620.4, 9624.4, 9628.4, 9632.4, 9636.4, 9640.4, 9644.4, 9648.4, 9652.4, 9656.4, 9660.4, 9664.4, 9668.4, 9672.4, 9676.4, 9680.4, 9684.4, 9688.4, 9692.4, 9696.4, 9700.4, 9704.4, 9708.4, 9712.4, 9716.4, 9720.4, 9723.4
9730.4, 9732.4, 9736.4, 9740.4, 9744.4, 9748.4, 9752.4, 9756.4, 9760.4, 9764.4, 9768.4, 9772.4, 9776.4, 9780.4, 9784.4, 9788.4, 9792.4, 9796.4, 9800.4, 9804.4, 9808.4, 9812.4, 9816.4, 9820.4, 9824.4, 9828.4, 9832.4, 9836.4, 9840.4, 9844.4, 9848.4, 9852.4, 9856.4, 9860.4, 9864.4, 9868.4, 9872.4, 9876.4, 9880.4, 9884.4, 9888.4, 9892.4, 9896.4, 9900.4, 9904.4, 9908.4, 9912.4, 9916.4, 9920.4, 9924.4, 9928.4, 9932.4, 9936.4, 9940.4, 9944.4, 9948.4, 9952.4, 9956.4, 9960.4, 9964.4, 9968.4, 9972.4, 9976.4, 9980.4, 9984.4, 9988.4, 9992.4, 9996.4, 10000.4, 10004.4, 10008.4, 10012.4, 10016.4, 10020.4, 10024.4, 10028.4, 10032.4, 10036.4, 10040.4, 10044.4, 10048.4, 10052.4, 10056.4, 10060.4, 10064.4, 10068.4, 10072.4, 10076.4, 10080.4, 10084.4, 10088.4, 10092.4, 10096.4, 10100.4, 10104.4, 10108.4, 10112.4, 10116.4, 10120.4, 10124.4, 10128.4, 10132.4, 10136.4, 10140.4, 10144.4, 10148.4, 10152.4, 10156.4, 10160.4, 10164.4, 10168.4, 10172.4, 10176.4, 10180.4, 10184.4, 10188.4, 10192.4, 10196.4, 10200.4, 10204.4, 10208.4, 10212.4, 10216.4, 10220.4, 10224.4, 10228.4, 10232.4, 10235.4
10242.4, 10244.4, 10248.4, 10252.4, 10256.4, 10260.4, 10264.4, 10268.4, 10272.4, 10276.4, 10280.4, 10284.4, 10288.4, 10292.4, 10296.4, 10300.4, 10304.4, 10308.4, 10312.4, 10316.4, 10320.4, 10324.4, 10328.4, 10332.4, 10336.4, 10340.4, 10344.4, 10348.4, 10352.4, 10356.4, 10360.4, 10364.4, 10368.4, 10372.4, 10376.4, 10380.4, 10384.4, 10388.4, 10392.4, 10396.4, 10400.4, 10404.4, 10408.4, 10412.4, 10416.4, 10420.4, 10424.4, 10428.4, 10432.4, 10436.4, 10440.4, 10444.4, 10448.4, 10452.4, 10456.4, 10460.4, 10464.4, 10468.4, 10472.4, 10476.4, 10480.4, 10484.4, 10488.4, 10492.4, 10496.4, 10500.4, 10504.4, 10508.4, 10512.4, 10516.4, 10520.4, 10524.4, 10528.4, 10532.4, 10536.4, 10540.4, 10544.4, 10548.4, 10552.4, 10556.4, 10560.4, 10564.4, 10568.4, 10572.4, 10576.4, 10580.4, 10584.4, 10588.4, 10592.4, 10596.4, 10600.4, 10604.4, 10608.4, 10612.4, 10616.4, 10620.4, 10624.4, 10628.4, 10632.4, 10636.4, 10640.4, 10644.4, 10648.4, 10652.4, 10656.4, 10660.4, 10664.4, 10668.4, 10672.4, 10676.4, 10680.4, 10684.4, 10688.4, 10692.4, 10696.4, 10700.4, 10704.4, 10708.4, 10712.4, 10716.4, 10720.4, 10724.4, 10728.4, 10732.4, 10736.4, 10740.4, 10744.4, 10747.4
10754.4, 10756.4, 10760.4, 10764.4, 10768.4, 10772.4, 10776.4, 10780.4, 10784.4, 10788.4, 10792.4, 10796.4, 10800.4, 10804.4, 10808.4, 10812.4, 10816.4, 10820.4, 10824.4, 10828.4, 10832.4, 10836.4, 10840.4, 10844.4, 10848.4, 10852.4, 10856.4, 10860.4, 10864.4, 10868.4, 10872.4, 10876.4, 10880.4, 10884.4, 10888.4, 10892.4, 10896.4, 10900.4, 10904.4, 10908.4, 10912.4, 10916.4, 10920.4, 10924.4, 10928.4, 10932.4, 10936.4, 10940.4, 10944.4, 10948.4, 10952.4, 10956.4, 10960.4, 10964.4, 10968.4, 10972.4, 10976.4, 10980.4, 10984.4, 10988.4, 10992.4, 10996.4, 11000.4, 11004.4, 11008.4, 11012.4, 11016.4, 11020.4, 11024.4, 11028.4, 11032.4, 11036.4, 11040.4, 11044.4, 11048.4, 11052.4, 11056.4, 11060.4, 11064.4, 11068.4, 11072.4, 11076.4, 11080.4, 11084.4, 11088.4, 11092.4, 11096.4, 11100.4, 11104.4, 11108.4, 11112.4, 11116.4, 11120.4, 11124.4, 11128.4, 11132.4, 11136.4, 11140.4, 11144.4, 11148.4, 11152.4, 11156.4, 11160.4, 11164.4, 11168.4, 11172.4, 11176.4, 11180.4, 11184.4, 11188.4, 11192.4, 11196.4, 11200.4, 11204.4, 11208.4, 11212.4, 11216.4, 11220.4, 11224.4, 11228.4, 11232.4, 11236.4, 11240.4, 11244.4, 11248.4, 11252.4, 11256.4, 11259.4
11266.4, 11268.4, 11272.4, 11276.4, 11280.4, 11284.4, 11288.4, 11292.4, 11296.4, 11300.4, 11304.4, 11308.4, 11312.4, 11316.4, 11320.4, 11324.4, 11328.4, 11332.4, 11336.4, 11340.4, 11344.4, 11348.4, 11352.4, 11356.4, 11360.4, 11364.4, 11368.4, 11372.4, 11376.4, 11380.4, 11384.4, 11388.4, 11392.4, 11396.4, 11400.4, 11404.4, 11408.4, 11412.4, 11416.4, 11420.4, 11424.4, 11428.4, 11432.4, 11436.4, 11440.4, 11444.4, 11448.4, 11452.4, 11456.4, 11460.4, 11464.4, 11468.4, 11472.4, 11476.4, 11480.4, 11484.4, 11488.4, 11492.4, 11496.4, 11500.4, 11504.4, 11508.4, 11512.4, 11516.4, 11520.4, 11524.4, 11528.4, 11532.4, 11536.4, 11540.4, 11544.4, 11548.4, 11552.4, 11556.4, 11560.4, 11564.4, 11568.4, 11572.4, 11576.4, 11580.4, 11584.4, 11588.4, 11592.4, 11596.4, 11600.4, 11604.4, 11608.4, 11612.4, 11616.4, 11620.4, 11624.4, 11628.4, 11632.4, 11636.4, 11640.4, 11644.4, 11648.4, 11652.4, 11656.4, 11660.4, 11664.4, 11668.4, 11672.4, 11676.4, 11680.4, 11684.4, 11688.4, 11692.4, 11696.4, 11700.4, 11704.4, 11708.4, 11712.4, 11716.4, 11720.4, 11724.4, 11728.4, 11732.4, 11736.4, 11740.4, 11744.4, 11748.4, 11752.4, 11756.4, 11760.4, 11764.4, 11768.4, 11771.4
11778.4, 11780.4, 11784.4, 11788.4, 11792.4, 11796.4, 11800.4, 11804.4, 11808.4, 11812.4, 11816.4, 11820.4, 11824.4, 11828.4, 11832.4, 11836.4, 11840.4, 11844.4, 11848.4, 11852.4, 11856.4, 11860.4, 11864.4, 11868.4, 11872.4, 11876.4, 11880.4, 11884.4, 11888.4, 11892.4, 11896.4, 11900.4, 11904.4, 11908.4, 11912.4, 11916.4, 11920.4, 11924.4, 11928.4, 11932.4, 11936.4, 11940.4, 11944.4, 11948.4, 11952.4, 11956.4, 11960.4, 11964.4, 11968.4, 11972.4, 11976.4, 11980.4, 11984.4, 11988.4, 11992.4, 11996.4, 12000.4, 12004.4, 12008.4, 12012.4, 12016.4, 12020.4, 12024.4, 12028.4, 12032.4, 12036.4, 12040.4, 12044.4, 12048.4, 12052.4, 12056.4, 12060.4, 12064.4, 12068.4, 12072.4, 12076.4, 12080.4, 12084.4, 12088.4, 12092.4, 12096.4, 12100.4, 12104.4, 12108.4, 12112.4, 12116.4, 12120.4, 12124.4, 12128.4, 12132.4, 12136.4, 12140.4, 12144.4, 12148.4, 12152.4, 12156.4, 12160.4, 12164.4, 12168.4, 12172.4, 12176.4, 12180.4, 12184.4, 12188.4, 12192.4, 12196.4, 12200.4, 12204.4, 12208.4, 12212.4, 12216.4, 12220.4, 12224.4, 12228.4, 12232.4, 12236.4, 12240.4, 12244.4, 12248.4, 12252.4, 12256.4, 12260.4, 12264.4, 12268.4, 12272.4, 12276.4, 12280.4, 12283.4
12290.4, 12292.4, 12296.4, 12300.4, 12304.4, 12308.4, 12312.4, 12316.4, 12320.4, 12324.4, 12328.4, 12332.4, 12336.4, 12340.4, 12344.4, 12348.4, 12352.4, 12356.4, 12360.4, 12364.4, 12368.4, 12372.4, 12376.4, 12380.4, 12384.4, 12388.4, 12392.4, 12396.4, 12400.4, 12404.4, 12408.4, 12412.4, 12416.4, 12420.4, 12424.4, 12428.4, 12432.4, 12436.4, 12440.4, 12444.4, 12448.4, 12452.4, 12456.4, 12460.4, 12464.4, 12468.4, 12472.4, 12476.4, 12480.4, 12484.4, 12488.4, 12492.4, 12496.4, 12500.4, 12504.4, 12508.4, 12512.4, 12516.4, 12520.4, 12524.4, 12528.4, 12532.4, 12536.4, 12540.4, 12544.4, 12548.4, 12552.4, 12556.4, 12560.4, 12564.4, 12568.4, 12572.4, 12576.4, 12580.4, 12584.4, 12588.4, 12592.4, 12596.4, 12600.4, 12604.4, 12608.4, 12612.4, 12616.4, 12620.4, 12624.4, 12628.4, 12632.4, 12636.4, 12640.4, 12644.4, 12648.4, 12652.4, 12656.4, 12660.4, 12664.4, 12668.4, 12672.4, 12676.4, 12680.4, 12684.4, 12688.4, 12692.4, 12696.4, 12700.4, 12704.4, 12708.4, 12712.4, 12716.4, 12720.4, 12724.4, 12728.4, 12732.4, 12736.4, 12740.4, 12744.4, 12748.4, 12752.4, 12756.4, 12760.4, 12764.4, 12768.4, 12772.4, 12776.4, 12780.4, 12784.4, 12788.4, 12792.4, 12795.4
12802.4, 12804.4, 12808.4, 12812.4, 12816.4, 12820.4, 12824.4, 12828.4, 12832.4, 12836.4, 12840.4, 12844.4, 12848.4, 12852.4, 12856.4, 12860.4, 12864.4, 12868.4, 12872.4, 12876.4, 12880.4, 12884.4, 12888.4, 12892.4, 12896.4, 12900.4, 12904.4, 12908.4, 12912.4, 12916.4, 12920.4, 12924.4, 12928.4, 12932.4, 12936.4, 12940.4, 12944.4, 12948.4, 12952.4, 12956.4, 12960.4, 12964.4, 12968.4, 12972.4, 12976.4, 12980.4, 12984.4, 12988.4, 12992.4, 12996.4, 13000.4, 13004.4, 13008.4, 13012.4, 13016.4, 13020.4, 13024.4, 13028.4, 13032.4, 13036.4, 13040.4, 13044.4, 13048.4, 13052.4, 13056.4, 13060.4, 13064.4, 13068.4, 13072.4, 13076.4, 13080.4, 13084.4, 13088.4, 13092.4, 13096.4, 13100.4, 13104.4, 13108.4, 13112.4, 13116.4, 13120.4, 13124.4, 13128.4, 13132.4, 13136.4, 13140.4, 13144.4, 13148.4, 13152.4, 13156.4, 13160.4, 13164.4, 13168.4, 13172.4, 13176.4, 13180.4, 13184.4, 13188.4, 13192.4, 13196.4, 13200.4, 13204.4, 13208.4, 13212.4, 13216.4, 13220.4, 13224.4, 13228.4, 13232.4, 13236.4, 13240.4, 13244.4, 13248.4, 13252.4, 13256.4, 13260.4, 13264.4, 13268.4, 13272.4, 13276.4, 13280.4, 13284.4, 13288.4, 13292.4, 13296.4, 13300.4, 13304.4, 13307.4
13314.4, 13316.4, 13320.4, 13324.4, 13328.4, 13332.4, 13336.4, 13340.4, 13344.4, 13348.4, 13352.4, 13356.4, 13360.4, 13364.4, 13368.4, 13372.4, 13376.4, 13380.4, 13384.4, 13388.4, 13392.4, 13396.4, 13400.4, 13404.4, 13408.4, 13412.4, 13416.4, 13420.4, 13424.4, 13428.4, 13432.4, 13436.4, 13440.4, 13444.4, 13448.4, 13452.4, 13456.4, 13460.4, 13464.4, 13468.4, 13472.4, 13476.4, 13480.4, 13484.4, 13488.4, 13492.4, 13496.4, 13500.4, 13504.4, 13508.4, 13512.4, 13516.4, 13520.4, 13524.4, 13528.4, 13532.4, 13536.4, 13540.4, 13544.4, 13548.4, 13552.4, 13556.4, 13560.4, 13564.4, 13568.4, 13572.4, 13576.4, 13580.4, 13584.4, 13588.4, 13592.4, 13596.4, 13600.4, 13604.4, 13608.4, 13612.4, 13616.4, 13620.4, 13624.4, 13628.4, 13632.4, 13636.4, 13640.4, 13644.4, 13648.4, 13652.4, 13656.4, 13660.4, 13664.4, 13668.4, 13672.4, 13676.4, 13680.4, 13684.4, 13688.4, 13692.4, 13696.4, 13700.4, 13704.4, 13708.4, 13712.4, 13716.4, 13720.4, 13724.4, 13728.4, 13732.4, 13736.4, 13740.4, 13744.4, 13748.4, 13752.4, 13756.4, 13760.4, 13764.4, 13768.4, 13772.4, 13776.4, 13780.4, 13784.4, 13788.4, 13792.4, 13796.4, 13800.4, 13804.4, 13808.4, 13812.4, 13816.4, 13819.4
13826.4, 13828.4, 13832.4, 13836.4, 13840.4, 13844.4, 13848.4, 13852.4, 13856.4, 13860.4, 13864.4, 13868.4, 13872.4, 13876.4, 13880.4, 13884.4, 13888.4, 13892.4, 13896.4, 13900.4, 13904.4, 13908.4, 13912.4, 13916.4, 13920.4, 13924.4, 13928.4, 13932.4, 13936.4, 13940.4, 13944.4, 13948.4, 13952.4, 13956.4, 13960.4, 13964.4, 13968.4, 13972.4, 13976.4, 13980.4, 13984.4, 13988.4, 13992.4, 13996.4, 14000.4, 14004.4, 14008.4, 14012.4, 14016.4, 14020.4, 14024.4, 14028.4, 14032.4, 14036.4, 14040.4, 14044.4, 14048.4, 14052.4, 14056.4, 14060.4, 14064.4, 14068.4, 14072.4, 14076.4, 14080.4, 14084.4, 14088.4, 14092.4, 14096.4, 14100.4, 14104.4, 14108.4, 14112.4, 14116.4, 14120.4, 14124.4, 14128.4, 14132.4, 14136.4, 14140.4, 14144.4, 14148.4, 14152.4, 14156.4, 14160.4, 14164.4, 14168.4, 14172.4, 14176.4, 14180.4, 14184.4, 14188.4, 14192.4, 14196.4, 14200.4, 14204.4, 14208.4, 14212.4, 14216.4, 14220.4, 14224.4, 14228.4, 14232.4, 14236.4, 14240.4, 14244.4, 14248.4, 14252.4, 14256.4, 14260.4, 14264.4, 14268.4, 14272.4, 14276.4, 14280.4, 14284.4, 14288.4, 14292.4, 14296.4, 14300.4, 14304.4, 14308.4, 14312.4, 14316.4, 14320.4, 14324.4, 14328.4, 14331.4
14338.4, 14340.4, 14344.4, 14348.4, 14352.4, 14356.4, 14360.4, 14364.4, 14368.4, 14372.4, 14376.4, 14380.4, 14384.4, 14388.4, 14392.4, 14396.4, 14400.4, 14404.4, 14408.4, 14412.4, 14416.4, 14420.4, 14424.4, 14428.4, 14432.4, 14436.4, 14440.4, 14444.4, 14448.4, 14452.4, 14456.4, 14460.4, 14464.4, 14468.4, 14472.4, 14476.4, 14480.4, 14484.4, 14488.4, 14492.4, 14496.4, 14500.4, 14504.4, 14508.4, 14512.4, 14516.4, 14520.4, 14524.4, 14528.4, 14532.4, 14536.4, 14540.4, 14544.4, 14548.4, 14552.4, 14556.4, 14560.4, 14564.4, 14568.4, 14572.4, 14576.4, 14580.4, 14584.4, 14588.4, 14592.4, 14596.4, 14600.4, 14604.4, 14608.4, 14612.4, 14616.4, 14620.4, 14624.4, 14628.4, 14632.4, 14636.4, 14640.4, 14644.4, 14648.4, 14652.4, 14656.4, 14660.4, 14664.4, 14668.4, 14672.4, 14676.4, 14680.4, 14684.4, 14688.4, 14692.4, 14696.4, 14700.4, 14704.4, 14708.4, 14712.4, 14716.4, 14720.4, 14724.4, 14728.4, 14732.4, 14736.4, 14740.4, 14744.4, 14748.4, 14752.4, 14756.4, 14760.4, 14764.4, 14768.4, 14772.4, 14776.4, 14780.4, 14784.4, 14788.4, 14792.4, 14796.4, 14800.4, 14804.4, 14808.4, 14812.4, 14816.4, 14820.4, 14824.4, 14828.4, 14832.4, 14836.4, 14840.4, 14843.4
14850.4, 14852.4, 14856.4, 14860.4, 14864.4, 14868.4, 14872.4, 14876.4, 14880.4, 14884.4, 14888.4, 14892.4, 14896.4, 14900.4, 14904.4, 14908.4, 14912.4, 14916.4, 14920.4, 14924.4, 14928.4, 14932.4, 14936.4, 14940.4, 14944.4, 14948.4, 14952.4, 14956.4, 14960.4, 14964.4, 14968.4, 14972.4, 14976.4, 14980.4, 14984.4, 14988.4, 14992.4, 14996.4, 15000.4, 15004.4, 15008.4, 15012.4, 15016.4, 15020.4, 15024.4, 15028.4, 15032.4, 15036.4, 15040.4, 15044.4, 15048.4, 15052.4, 15056.4, 15060.4, 15064.4, 15068.4, 15072.4, 15076.4, 15080.4, 15084.4, 15088.4, 15092.4, 15096.4, 15100.4, 15104.4, 15108.4, 15112.4, 15116.4, 15120.4, 15124.4, 15128.4, 15132.4, 15136.4, 15140.4, 15144.4, 15148.4, 15152.4, 15156.4, 15160.4, 15164.4, 15168.4, 15172.4, 15176.4, 15180.4, 15184.4, 15188.4, 15192.4, 15196.4, 15200.4, 15204.4, 15208.4, 15212.4, 15216.4, 15220.4, 15224.4, 15228.4, 15232.4, 15236.4, 15240.4, 15244.4, 15248.4, 15252.4, 15256.4, 15260.4, 15264.4, 15268.4, 15272.4, 15276.4, 15280.4, 15284.4, 15288.4, 15292.4, 15296.4, 15300.4, 15304.4, 15308.4, 15312.4, 15316.4, 15320.4, 15324.4, 15328.4, 15332.4, 15336.4, 15340.4, 15344.4, 15348.4, 15352.4, 15355.4
15362.4, 15364.4, 15368.4, 15372.4, 15376.4, 15380.4, 15384.4, 15388.4, 15392.4, 15396.4, 15400.4, 15404.4, 15408.4, 15412.4, 15416.4, 15420.4, 15424.4, 15428.4, 15432.4, 15436.4, 15440.4, 15444.4, 15448.4, 15452.4, 15456.4, 15460.4, 15464.4, 15468.4, 15472.4, 15476.4, 15480.4, 15484.4, 15488.4, 15492.4, 15496.4, 15500.4, 15504.4, 15508.4, 15512.4, 15516.4, 15520.4, 15524.4, 15528.4, 15532.4, 15536.4, 15540.4, 15544.4, 15548.4, 15552.4, 15556.4, 15560.4, 15564.4, 15568.4, 15572.4, 15576.4, 15580.4, 15584.4, 15588.4, 15592.4, 15596.4, 15600.4, 15604.4, 15608.4, 15612.4, 15616.4, 15620.4, 15624.4, 15628.4, 15632.4, 15636.4, 15640.4, 15644.4, 15648.4, 15652.4, 15656.4, 15660.4, 15664.4, 15668.4, 15672.4, 15676.4, 15680.4, 15684.4, 15688.4, 15692.4, 15696.4, 15700.4, 15704.4, 15708.4, 15712.4, 15716.4, 15720.4, 15724.4, 15728.4, 15732.4, 15736.4, 15740.4, 15744.4, 15748.4, 15752.4, 15756.4, 15760.4, 15764.4, 15768.4, 15772.4, 15776.4, 15780.4, 15784.4, 15788.4, 15792.4, 15796.4, 15800.4, 15804.4, 15808.4, 15812.4, 15816.4, 15820.4, 15824.4, 15828.4, 15832.4, 15836.4, 15840.4, 15844.4, 15848.4, 15852.4, 15856.4, 15860.4, 15864.4, 15867.4
15874.4, 15876.4, 15880.4, 15884.4, 15888.4, 15892.4, 15896.4, 15900.4, 15904.4, 15908.4, 15912.4, 15916.4, 15920.4, 15924.4, 15928.4, 15932.4, 15936.4, 15940.4, 15944.4, 15948.4, 15952.4, 15956.4, 15960.4, 15964.4, 15968.4, 15972.4, 15976.4, 15980.4, 15984.4, 15988.4, 15992.4, 15996.4, 16000.4, 16004.4, 16008.4, 16012.4, 16016.4, 16020.4, 16024.4, 16028.4, 16032.4, 16036.4, 16040.4, 16044.4, 16048.4, 16052.4, 16056.4, 16060.4, 16064.4, 16068.4, 16072.4, 16076.4, 16080.4, 16084.4, 16088.4, 16092.4, 16096.4, 16100.4, 16104.4, 16108.4, 16112.4, 16116.4, 16120.4, 16124.4, 16128.4, 16132.4, 16136.4, 16140.4, 16144.4, 16148.4, 16152.4, 16156.4, 16160.4, 16164.4, 16168.4, 16172.4, 16176.4, 16180.4, 16184.4, 16188.4, 16192.4, 16196.4, 16200.4, 16204.4, 16208.4, 16212.4, 16216.4, 16220.4, 16224.4, 16228.4, 16232.4, 16236.4, 16240.4, 16244.4, 16248.4, 16252.4, 16256.4, 16260.4, 16264.4, 16268.4, 16272.4, 16276.4, 16280.4, 16284.4, 16288.4, 16292.4, 16296.4, 16300.4, 16304.4, 16308.4, 16312.4, 16316.4, 16320.4, 16324.4, 16328.4, 16332.4, 16336.4, 16340.4, 16344.4, 16348.4, 16352.4, 16356.4, 16360.4, 16364.4, 16368.4, 16372.4, 16376.4, 16379.4
16386.4, 16388.4, 16392.4, 16396.4, 16400.4, 16404.4, 16408.4, 16412.4, 16416.4, 16420.4, 16424.4, 16428.4, 16432.4, 16436.4, 16440.4, 16444.4, 16448.4, 16452.4, 16456.4, 16460.4, 16464.4, 16468.4, 16472.4, 16476.4, 16480.4, 16484.4, 16488.4, 16492.4, 16496.4, 16500.4, 16504.4, 16508.4, 16512.4, 16516.4, 16520.4, 16524.4, 16528.4, 16532.4, 16536.4, 16540.4, 16544.4, 16548.4, 16552.4, 16556.4, 16560.4, 16564.4, 16568.4, 16572.4, 16576.4, 16580.4, 16584.4, 16588.4, 16592.4, 16596.4, 16600.4, 16604.4, 16608.4, 16612.4, 16616.4, 16620.4, 16624.4, 16628.4, 16632.4, 16636.4, 16640.4, 16644.4, 16648.4, 16652.4, 16656.4, 16660.4, 16664.4, 16668.4, 16672.4, 16676.4, 16680.4, 16684.4, 16688.4, 16692.4, 16696.4, 16700.4, 16704.4, 16708.4, 16712.4, 16716.4, 16720.4, 16724.4, 16728.4, 16732.4, 16736.4, 16740.4, 16744.4, 16748.4, 16752.4, 16756.4, 16760.4, 16764.4, 16768.4, 16772.4, 16776.4, 16780.4, 16784.4, 16788.4, 16792.4, 16796.4, 16800.4, 16804.4, 16808.4, 16812.4, 16816.4, 16820.4, 16824.4, 16828.4, 16832.4, 16836.4, 16840.4, 16844.4, 16848.4, 16852.4, 16856.4, 16860.4, 16864.4, 16868.4, 16872.4, 16876.4, 16880.4, 16884.4, 16888.4, 16891.4
16898.4, 16900.4, 16904.4, 16908.4, 16912.4, 16916.4, 16920.4, 16924.4, 16928.4, 16932.4, 16936.4, 16940.4, 16944.4, 16948.4, 16952.4, 16956.4, 16960.4, 16964.4, 16968.4, 16972.4, 16976.4, 16980.4, 16984.4, 16988.4, 16992.4, 16996.4, 17000.4, 17004.4, 17008.4, 17012.4, 17016.4, 17020.4, 17024.4, 17028.4, 17032.4, 17036.4, 17040.4, 17044.4, 17048.4, 17052.4, 17056.4, 17060.4, 17064.4, 17068.4, 17072.4, 17076.4, 17080.4, 17084.4, 17088.4, 17092.4, 17096.4, 17100.4, 17104.4, 17108.4, 17112.4, 17116.4, 17120.4, 17124.4, 17128.4, 17132.4, 17136.4, 17140.4, 17144.4, 17148.4, 17152.4, 17156.4, 17160.4, 17164.4, 17168.4, 17172.4, 17176.4, 17180.4, 17184.4, 17188.4, 17192.4, 17196.4, 17200.4, 17204.4, 17208.4, 17212.4, 17216.4, 17220.4, 17224.4, 17228.4, 17232.4, 17236.4, 17240.4, 17244.4, 17248.4, 17252.4, 17256.4, 17260.4, 17264.4, 17268.4, 17272.4, 17276.4, 17280.4, 17284.4, 17288.4, 17292.4, 17296.4, 17300.4, 17304.4, 17308.4, 17312.4, 17316.4, 17320.4, 17324.4, 17328.4, 17332.4, 17336.4, 17340.4, 17344.4, 17348.4, 17352.4, 17356.4, 17360.4, 17364.4, 17368.4, 17372.4, 17376.4, 17380.4, 17384.4, 17388.4, 17392.4, 17396.4, 17400.4, 17403.4
17410.4, 17412.4, 17416.4, 17420.4, 17424.4, 17428.4, 17432.4, 17436.4, 17440.4, 17444.4, 17448.4, 17452.4, 17456.4, 17460.4, 17464.4, 17468.4, 17472.4, 17476.4, 17480.4, 17484.4, 17488.4, 17492.4, 17496.4, 17500.4, 17504.4, 17508.4, 17512.4, 17516.4, 17520.4, 17524.4, 17528.4, 17532.4, 17536.4, 17540.4, 17544.4, 17548.4, 17552.4, 17556.4, 17560.4, 17564.4, 17568.4, 17572.4, 17576.4, 17580.4, 17584.4, 17588.4, 17592.4, 17596.4, 17600.4, 17604.4, 17608.4, 17612.4, 17616.4, 17620.4, 17624.4, 17628.4, 17632.4, 17636.4, 17640.4, 17644.4, 17648.4, 17652.4, 17656.4, 17660.4, 17664.4, 17668.4, 17672.4, 17676.4, 17680.4, 17684.4, 17688.4, 17692.4, 17696.4, 17700.4, 17704.4, 17708.4, 17712.4, 17716.4, 17720.4, 17724.4, 17728.4, 17732.4, 17736.4, 17740.4, 17744.4, 17748.4, 17752.4, 17756.4, 17760.4, 17764.4, 17768.4, 17772.4, 17776.4, 17780.4, 17784.4, 17788.4, 17792.4, 17796.4, 17800.4, 17804.4, 17808.4, 17812.4, 17816.4, 17820.4, 17824.4, 17828.4, 17832.4, 17836.4, 17840.4, 17844.4, 17848.4, 17852.4, 17856.4, 17860.4, 17864.4, 17868.4, 17872.4, 17876.4, 17880.4, 17884.4, 17888.4, 17892.4, 17896.4, 17900.4, 17904.4, 17908.4, 17912.4, 17915.4
17922.4, 17924.4, 17928.4, 17932.4, 17936.4, 17940.4, 17944.4, 17948.4, 17952.4, 17956.4, 17960.4, 17964.4, 17968.4, 17972.4, 17976.4, 17980.4, 17984.4, 17988.4, 17992.4, 17996.4, 18000.4, 18004.4, 18008.4, 18012.4, 18016.4, 18020.4, 18024.4, 18028.4, 18032.4, 18036.4, 18040.4, 18044.4, 18048.4, 18052.4, 18056.4, 18060.4, 18064.4, 18068.4, 18072.4, 18076.4, 18080.4, 18084.4, 18088.4, 18092.4, 18096.4, 18100.4, 18104.4, 18108.4, 18112.4, 18116.4, 18120.4, 18124.4, 18128.4, 18132.4, 18136.4, 18140.4, 18144.4, 18148.4, 18152.4, 18156.4, 18160.4, 18164.4, 18168.4, 18172.4, 18176.4, 18180.4, 18184.4, 18188.4, 18192.4, 18196.4, 18200.4, 18204.4, 18208.4, 18212.4, 18216.4, 18220.4, 18224.4, 18228.4, 18232.4, 18236.4, 18240.4, 18244.4, 18248.4, 18252.4, 18256.4, 18260.4, 18264.4, 18268.4, 18272.4, 18276.4, 18280.4, 18284.4, 18288.4, 18292.4, 18296.4, 18300.4, 18304.4, 18308.4, 18312.4, 18316.4, 18320.4, 18324.4, 18328.4, 18332.4, 18336.4, 18340.4, 18344.4, 18348.4, 18352.4, 18356.4, 18360.4, 18364.4, 18368.4, 18372.4, 18376.4, 18380.4, 18384.4, 18388.4, 18392.4, 18396.4, 18400.4, 18404.4, 18408.4, 18412.4, 18416.4, 18420.4, 18424.4, 18427.4
18434.4, 18436.4, 18440.4, 18444.4, 18448.4, 18452.4, 18456.4, 18460.4, 18464.4, 18468.4, 18472.4, 18476.4, 18480.4, 18484.4, 18488.4, 18492.4, 18496.4, 18500.4, 18504.4, 18508.4, 18512.4, 18516.4, 18520.4, 18524.4, 18528.4, 18532.4, 18536.4, 18540.4, 18544.4, 18548.4, 18552.4, 18556.4, 18560.4, 18564.4, 18568.4, 18572.4, 18576.4, 18580.4, 18584.4, 18588.4, 18592.4, 18596.4, 18600.4, 18604.4, 18608.4, 18612.4, 18616.4, 18620.4, 18624.4, 18628.4, 18632.4, 18636.4, 18640.4, 18644.4, 18648.4, 18652.4, 18656.4, 18660.4, 18664.4, 18668.4, 18672.4, 18676.4, 18680.4, 18684.4, 18688.4, 18692.4, 18696.4, 18700.4, 18704.4, 18708.4, 18712.4, 18716.4, 18720.4, 18724.4, 18728.4, 18732.4, 18736.4, 18740.4, 18744.4, 18748.4, 18752.4, 18756.4, 18760.4, 18764.4, 18768.4, 18772.4, 18776.4, 18780.4, 18784.4, 18788.4, 18792.4, 18796.4, 18800.4, 18804.4, 18808.4, 18812.4, 18816.4, 18820.4, 18824.4, 18828.4, 18832.4, 18836.4, 18840.4, 18844.4, 18848.4, 18852.4, 18856.4, 18860.4, 18864.4, 18868.4, 18872.4, 18876.4, 18880.4, 18884.4, 18888.4, 18892.4, 18896.4, 18900.4, 18904.4, 18908.4, 18912.4, 18916.4, 18920.4, 18924.4, 18928.4, 18932.4, 18936.4, 18939.4
18946.4, 18948.4, 18952.4, 18956.4, 18960.4, 18964.4, 18968.4, 18972.4, 18976.4, 18980.4, 18984.4, 18988.4, 18992.4, 18996.4, 19000.4, 19004.4, 19008.4, 19012.4, 19016.4, 19020.4, 19024.4, 19028.4, 19032.4, 19036.4, 19040.4, 19044.4, 19048.4, 19052.4, 19056.4, 19060.4, 19064.4, 19068.4, 19072.4, 19076.4, 19080.4, 19084.4, 19088.4, 19092.4, 19096.4, 19100.4, 19104.4, 19108.4, 19112.4, 19116.4, 19120.4, 19124.4, 19128.4, 19132.4, 19136.4, 19140.4, 19144.4, 19148.4, 19152.4, 19156.4, 19160.4, 19164.4, 19168.4, 19172.4, 19176.4, 19180.4, 19184.4, 19188.4, 19192.4, 19196.4, 19200.4, 19204.4, 19208.4, 19212.4, 19216.4, 19220.4, 19224.4, 19228.4, 19232.4, 19236.4, 19240.4, 19244.4, 19248.4, 19252.4, 19256.4, 19260.4, 19264.4, 19268.4, 19272.4, 19276.4, 19280.4, 19284.4, 19288.4, 19292.4, 19296.4, 19300.4, 19304.4, 19308.4, 19312.4, 19316.4, 19320.4, 19324.4, 19328.4, 19332.4, 19336.4, 19340.4, 19344.4, 19348.4, 19352.4, 19356.4, 19360.4, 19364.4, 19368.4, 19372.4, 19376.4, 19380.4, 19384.4, 19388.4, 19392.4, 19396.4, 19400.4, 19404.4, 19408.4, 19412.4, 19416.4, 19420.4, 19424.4, 19428.4, 19432.4, 19436.4, 19440.4, 19444.4, 19448.4, 19451.4
19458.4, 19460.4, 19464.4, 19468.4, 19472.4, 19476.4, 19480.4, 19484.4, 19488.4, 19492.4, 19496.4, 19500.4, 19504.4, 19508.4, 19512.4, 19516.4, 19520.4, 19524.4, 19528.4, 19532.4, 19536.4, 19540.4, 19544.4, 19548.4, 19552.4, 19556.4, 19560.4, 19564.4, 19568.4, 19572.4, 19576.4, 19580.4, 19584.4, 19588.4, 19592.4, 19596.4, 19600.4, 19604.4, 19608.4, 19612.4, 19616.4, 19620.4, 19624.4, 19628.4, 19632.4, 19636.4, 19640.4, 19644.4, 19648.4, 19652.4, 19656.4, 19660.4, 19664.4, 19668.4, 19672.4, 19676.4, 19680.4, 19684.4, 19688.4, 19692.4, 19696.4, 19700.4, 19704.4, 19708.4, 19712.4, 19716.4, 19720.4, 19724.4, 19728.4, 19732.4, 19736.4, 19740.4, 19744.4, 19748.4, 19752.4, 19756.4, 19760.4, 19764.4, 19768.4, 19772.4, 19776.4, 19780.4, 19784.4, 19788.4, 19792.4, 19796.4, 19800.4, 19804.4, 19808.4, 19812.4, 19816.4, 19820.4, 19824.4, 19828.4, 19832.4, 19836.4, 19840.4, 19844.4, 19848.4, 19852.4, 19856.4, 19860.4, 19864.4, 19868.4, 19872.4, 19876.4, 19880.4, 19884.4, 19888.4, 19892.4, 19896.4, 19900.4, 19904.4, 19908.4, 19912.4, 19916.4, 19920.4, 19924.4, 19928.4, 19932.4, 19936.4, 19940.4, 19944.4, 19948.4, 19952.4, 19956.4, 19960.4, 19963.4
19970.4, 19972.4, 19976.4, 19980.4, 19984.4, 19988.4, 19992.4, 19996.4, 20000.4, 20004.4, 20008.4, 20012.4, 20016.4, 20020.4, 20024.4, 20028.4, 20032.4, 20036.4, 20040.4, 20044.4, 20048.4, 20052.4, 20056.4, 20060.4, 20064.4, 20068.4, 20072.4, 20076.4, 20080.4, 20084.4, 20088.4, 20092.4, 20096.4, 20100.4, 20104.4, 20108.4, 20112.4, 20116.4, 20120.4, 20124.4, 20128.4, 20132.4, 20136.4, 20140.4, 20144.4, 20148.4, 20152.4, 20156.4, 20160.4, 20164.4, 20168.4, 20172.4, 20176.4, 20180.4, 20184.4, 20188.4, 20192.4, 20196.4, 20200.4, 20204.4, 20208.4, 20212.4, 20216.4, 20220.4, 20224.4, 20228.4, 20232.4, 20236.4, 20240.4, 20244.4, 20248.4, 20252.4, 20256.4, 20260.4, 20264.4, 20268.4, 20272.4, 20276.4, 20280.4, 20284.4, 20288.4, 20292.4, 20296.4, 20300.4, 20304.4, 20308.4, 20312.4, 20316.4, 20320.4, 20324.4, 20328.4, 20332.4, 20336.4, 20340.4, 20344.4, 20348.4, 20352.4, 20356.4, 20360.4, 20364.4, 20368.4, 20372.4, 20376.4, 20380.4, 20384.4, 20388.4, 20392.4, 20396.4, 20400.4, 20404.4, 20408.4, 20412.4, 20416.4, 20420.4, 20424.4, 20428.4, 20432.4, 20436.4, 20440.4, 20444.4, 20448.4, 20452.4, 20456.4, 20460.4, 20464.4, 20468.4, 20472.4, 20475.4
20482.4, 20484.4, 20488.4, 20492.4, 20496.4, 20500.4, 20504.4, 20508.4, 20512.4, 20516.4, 20520.4, 20524.4, 20528.4, 20532.4, 20536.4, 20540.4, 20544.4, 20548.4, 20552.4, 20556.4, 20560.4, 20564.4, 20568.4, 20572.4, 20576.4, 20580.4, 20584.4, 20588.4, 20592.4, 20596.4, 20600.4, 20604.4, 20608.4, 20612.4, 20616.4, 20620.4, 20624.4, 20628.4, 20632.4, 20636.4, 20640.4, 20644.4, 20648.4, 20652.4, 20656.4, 20660.4, 20664.4, 20668.4, 20672.4, 20676.4, 20680.4, 20684.4, 20688.4, 20692.4, 20696.4, 20700.4, 20704.4, 20708.4, 20712.4, 20716.4, 20720.4, 20724.4, 20728.4, 20732.4, 20736.4, 20740.4, 20744.4, 20748.4, 20752.4, 20756.4, 20760.4, 20764.4, 20768.4, 20772.4, 20776.4, 20780.4, 20784.4, 20788.4, 20792.4, 20796.4, 20800.4, 20804.4, 20808.4, 20812.4, 20816.4, 20820.4, 20824.4, 20828.4, 20832.4, 20836.4, 20840.4, 20844.4, 20848.4, 20852.4, 20856.4, 20860.4, 20864.4, 20868.4, 20872.4, 20876.4, 20880.4, 20884.4, 20888.4, 20892.4, 20896.4, 20900.4, 20904.4, 20908.4, 20912.4, 20916.4, 20920.4, 20924.4, 20928.4, 20932.4, 20936.4, 20940.4, 20944.4, 20948.4, 20952.4, 20956.4, 20960.4, 20964.4, 20968.4, 20972.4, 20976.4, 20980.4, 20984.4, 20987.4
20994.4, 20996.4, 21000.4, 21004.4, 21008.4, 21012.4, 21016.4, 21020.4, 21024.4, 21028.4, 21032.4, 21036.4, 21040.4, 21044.4, 21048.4, 21052.4, 21056.4, 21060.4, 21064.4, 21068.4, 21072.4, 21076.4, 21080.4, 21084.4, 21088.4, 21092.4, 21096.4, 21100.4, 21104.4, 21108.4, 21112.4, 21116.4, 21120.4, 21124.4, 21128.4, 21132.4, 21136.4, 21140.4, 21144.4, 21148.4, 21152.4, 21156.4, 21160.4, 21164.4, 21168.4, 21172.4, 21176.4, 21180.4, 21184.4, 21188.4, 21192.4, 21196.4, 21200.4, 21204.4, 21208.4, 21212.4, 21216.4, 21220.4, 21224.4, 21228.4, 21232.4, 21236.4, 21240.4, 21244.4, 21248.4, 21252.4, 21256.4, 21260.4, 21264.4, 21268.4, 21272.4, 21276.4, 21280.4, 21284.4, 21288.4, 21292.4, 21296.4, 21300.4, 21304.4, 21308.4, 21312.4, 21316.4, 21320.4, 21324.4, 21328.4, 21332.4, 21336.4, 21340.4, 21344.4, 21348.4, 21352.4, 21356.4, 21360.4, 21364.4, 21368.4, 21372.4, 21376.4, 21380.4, 21384.4, 21388.4, 21392.4, 21396.4, 21400.4, 21404.4, 21408.4, 21412.4, 21416.4, 21420.4, 21424.4, 21428.4, 21432.4, 21436.4, 21440.4, 21444.4, 21448.4, 21452.4, 21456.4, 21460.4, 21464.4, 21468.4, 21472.4, 21476.4, 21480.4, 21484.4, 21488.4, 21492.4, 21496.4, 21499.4
21506.4, 21508.4, 21512.4, 21516.4, 21520.4, 21524.4, 21528.4, 21532.4, 21536.4, 21540.4, 21544.4, 21548.4, 21552.4, 21556.4, 21560.4, 21564.4, 21568.4, 21572.4, 21576.4, 21580.4, 21584.4, 21588.4, 21592.4, 21596.4, 21600.4, 21604.4, 21608.4, 21612.4, 21616.4, 21620.4, 21624.4, 21628.4, 21632.4, 21636.4, 21640.4, 21644.4, 21648.4, 21652.4, 21656.4, 21660.4, 21664.4, 21668.4, 21672.4, 21676.4, 21680.4, 21684.4, 21688.4, 21692.4, 21696.4, 21700.4, 21704.4, 21708.4, 21712.4, 21716.4, 21720.4, 21724.4, 21728.4, 21732.4, 21736.4, 21740.4, 21744.4, 21748.4, 21752.4, 21756.4, 21760.4, 21764.4, 21768.4, 21772.4, 21776.4, 21780.4, 21784.4, 21788.4, 21792.4, 21796.4, 21800.4, 21804.4, 21808.4, 21812.4, 21816.4, 21820.4, 21824.4, 21828.4, 21832.4, 21836.4, 21840.4, 21844.4, 21848.4, 21852.4, 21856.4, 21860.4, 21864.4, 21868.4, 21872.4, 21876.4, 21880.4, 21884.4, 21888.4, 21892.4, 21896.4, 21900.4, 21904.4, 21908.4, 21912.4, 21916.4, 21920.4, 21924.4, 21928.4, 21932.4, 21936.4, 21940.4, 21944.4, 21948.4, 21952.4, 21956.4, 21960.4, 21964.4, 21968.4, 21972.4, 21976.4, 21980.4, 21984.4, 21988.4, 21992.4, 21996.4, 22000.4, 22004.4, 22008.4, 22011.4
22018.4, 22020.4, 22024.4, 22028.4, 22032.4, 22036.4, 22040.4, 22044.4, 22048.4, 22052.4, 22056.4, 22060.4, 22064.4, 22068.4, 22072.4, 22076.4, 22080.4, 22084.4, 22088.4, 22092.4, 22096.4, 22100.4, 22104.4, 22108.4, 22112.4, 22116.4, 22120.4, 22124.4, 22128.4, 22132.4, 22136.4, 22140.4, 22144.4, 22148.4, 22152.4, 22156.4, 22160.4, 22164.4, 22168.4, 22172.4, 22176.4, 22180.4, 22184.4, 22188.4, 22192.4, 22196.4, 22200.4, 22204.4, 22208.4, 22212.4, 22216.4, 22220.4, 22224.4, 22228.4, 22232.4, 22236.4, 22240.4, 22244.4, 22248.4, 22252.4, 22256.4, 22260.4, 22264.4, 22268.4, 22272.4, 22276.4, 22280.4, 22284.4, 22288.4, 22292.4, 22296.4, 22300.4, 22304.4, 22308.4, 22312.4, 22316.4, 22320.4, 22324.4, 22328.4, 22332.4, 22336.4, 22340.4, 22344.4, 22348.4, 22352.4, 22356.4, 22360.4, 22364.4, 22368.4, 22372.4, 22376.4, 22380.4, 22384.4, 22388.4, 22392.4, 22396.4, 22400.4, 22404.4, 22408.4, 22412.4, 22416.4, 22420.4, 22424.4, 22428.4, 22432.4, 22436.4, 22440.4, 22444.4, 22448.4, 22452.4, 22456.4, 22460.4, 22464.4, 22468.4, 22472.4, 22476.4, 22480.4, 22484.4, 22488.4, 22492.4, 22496.4, 22500.4, 22504.4, 22508.4, 22512.4, 22516.4, 22520.4, 22523.4
22530.4, 22532.4, 22536.4, 22540.4, 22544.4, 22548.4, 22552.4, 22556.4, 22560.4, 22564.4, 22568.4, 22572.4, 22576.4, 22580.4, 22584.4, 22588.4, 22592.4, 22596.4, 22600.4, 22604.4, 22608.4, 22612.4, 22616.4, 22620.4, 22624.4, 22628.4, 22632.4, 22636.4, 22640.4, 22644.4, 22648.4, 22652.4, 22656.4, 22660.4, 22664.4, 22668.4, 22672.4, 22676.4, 22680.4, 22684.4, 22688.4, 22692.4, 22696.4, 22700.4, 22704.4, 22708.4, 22712.4, 22716.4, 22720.4, 22724.4, 22728.4, 22732.4, 22736.4, 22740.4, 22744.4, 22748.4, 22752.4, 22756.4, 22760.4, 22764.4, 22768.4, 22772.4, 22776.4, 22780.4, 22784.4, 22788.4, 22792.4, 22796.4, 22800.4, 22804.4, 22808.4, 22812.4, 22816.4, 22820.4, 22824.4, 22828.4, 22832.4, 22836.4, 22840.4, 22844.4, 22848.4, 22852.4, 22856.4, 22860.4, 22864.4, 22868.4, 22872.4, 22876.4, 22880.4, 22884.4, 22888.4, 22892.4, 22896.4, 22900.4, 22904.4, 22908.4, 22912.4, 22916.4, 22920.4, 22924.4, 22928.4, 22932.4, 22936.4, 22940.4, 22944.4, 22948.4, 22952.4, 22956.4, 22960.4, 22964.4, 22968.4, 22972.4, 22976.4, 22980.4, 22984.4, 22988.4, 22992.4, 22996.4, 23000.4, 23004.4, 23008.4, 23012.4, 23016.4, 23020.4, 23024.4, 23028.4, 23032.4, 23035.4
23042.4, 23044.4, 23048.4, 23052.4, 23056.4, 23060.4, 23064.4, 23068.4, 23072.4, 23076.4, 23080.4, 23084.4, 23088.4, 23092.4, 23096.4, 23100.4, 23104.4, 23108.4, 23112.4, 23116.4, 23120.4, 23124.4, 23128.4, 23132.4, 23136.4, 23140.4, 23144.4, 23148.4, 23152.4, 23156.4, 23160.4, 23164.4, 23168.4, 23172.4, 23176.4, 23180.4, 23184.4, 23188.4, 23192.4, 23196.4, 23200.4, 23204.4, 23208.4, 23212.4, 23216.4, 23220.4, 23224.4, 23228.4, 23232.4, 23236.4, 23240.4, 23244.4, 23248.4, 23252.4, 23256.4, 23260.4, 23264.4, 23268.4, 23272.4, 23276.4, 23280.4, 23284.4, 23288.4, 23292.4, 23296.4, 23300.4, 23304.4, 23308.4, 23312.4, 23316.4, 23320.4, 23324.4, 23328.4, 23332.4, 23336.4, 23340.4, 23344.4, 23348.4, 23352.4, 23356.4, 23360.4, 23364.4, 23368.4, 23372.4, 23376.4, 23380.4, 23384.4, 23388.4, 23392.4, 23396.4, 23400.4, 23404.4, 23408.4, 23412.4, 23416.4, 23420.4, 23424.4, 23428.4, 23432.4, 23436.4, 23440.4, 23444.4, 23448.4, 23452.4, 23456.4, 23460.4, 23464.4, 23468.4, 23472.4, 23476.4, 23480.4, 23484.4, 23488.4, 23492.4, 23496.4, 23500.4, 23504.4, 23508.4, 23512.4, 23516.4, 23520.4, 23524.4, 23528.4, 23532.4, 23536.4, 23540.4, 23544.4, 23547.4
23554.4, 23556.4, 23560.4, 23564.4, 23568.4, 23572.4, 23576.4, 23580.4, 23584.4, 23588.4, 23592.4, 23596.4, 23600.4, 23604.4, 23608.4, 23612.4, 23616.4, 23620.4, 23624.4, 23628.4, 23632.4, 23636.4, 23640.4, 23644.4, 23648.4, 23652.4, 23656.4, 23660.4, 23664.4, 23668.4, 23672.4, 23676.4, 23680.4, 23684.4, 23688.4, 23692.4, 23696.4, 23700.4, 23704.4, 23708.4, 23712.4, 23716.4, 23720.4, 23724.4, 23728.4, 23732.4, 23736.4, 23740.4, 23744.4, 23748.4, 23752.4, 23756.4, 23760.4, 23764.4, 23768.4, 23772.4, 23776.4, 23780.4, 23784.4, 23788.4, 23792.4, 23796.4, 23800.4, 23804.4, 23808.4, 23812.4, 23816.4, 23820.4, 23824.4, 23828.4, 23832.4, 23836.4, 23840.4, 23844.4, 23848.4, 23852.4, 23856.4, 23860.4, 23864.4, 23868.4, 23872.4, 23876.4, 23880.4, 23884.4, 23888.4, 23892.4, 23896.4, 23900.4, 23904.4, 23908.4, 23912.4, 23916.4, 23920.4, 23924.4, 23928.4, 23932.4, 23936.4, 23940.4, 23944.4, 23948.4, 23952.4, 23956.4, 23960.4, 23964.4, 23968.4, 23972.4, 23976.4, 23980.4, 23984.4, 23988.4, 23992.4, 23996.4, 24000.4, 24004.4, 24008.4, 24012.4, 24016.4, 24020.4, 24024.4, 24028.4, 24032.4, 24036.4, 24040.4, 24044.4, 24048.4, 24052.4, 24056.4, 24059.4
24066.4, 24068.4, 24072.4, 24076.4, 24080.4, 24084.4, 24088.4, 24092.4, 24096.4, 24100.4, 24104.4, 24108.4, 24112.4, 24116.4, 24120.4, 24124.4, 24128.4, 24132.4, 24136.4, 24140.4, 24144.4, 24148.4, 24152.4, 24156.4, 24160.4, 24164.4, 24168.4, 24172.4, 24176.4, 24180.4, 24184.4, 24188.4, 24192.4, 24196.4, 24200.4, 24204.4, 24208.4, 24212.4, 24216.4, 24220.4, 24224.4, 24228.4, 24232.4, 24236.4, 24240.4, 24244.4, 24248.4, 24252.4, 24256.4, 24260.4, 24264.4, 24268.4, 24272.4, 24276.4, 24280.4, 24284.4, 24288.4, 24292.4, 24296.4, 24300.4, 24304.4, 24308.4, 24312.4, 24316.4, 24320.4, 24324.4, 24328.4, 24332.4, 24336.4, 24340.4, 24344.4, 24348.4, 24352.4, 24356.4, 24360.4, 24364.4, 24368.4, 24372.4, 24376.4, 24380.4, 24384.4, 24388.4, 24392.4, 24396.4, 24400.4, 24404.4, 24408.4, 24412.4, 24416.4, 24420.4, 24424.4, 24428.4, 24432.4, 24436.4, 24440.4, 24444.4, 24448.4, 24452.4, 24456.4, 24460.4, 24464.4, 24468.4, 24472.4, 24476.4, 24480.4, 24484.4, 24488.4, 24492.4, 24496.4, 24500.4, 24504.4, 24508.4, 24512.4, 24516.4, 24520.4, 24524.4, 24528.4, 24532.4, 24536.4, 24540.4, 24544.4, 24548.4, 24552.4, 24556.4, 24560.4, 24564.4, 24568.4, 24571.4
24578.4, 24580.4, 24584.4, 24588.4, 24592.4, 24596.4, 24600.4, 24604.4, 24608.4, 24612.4, 24616.4, 24620.4, 24624.4, 24628.4, 24632.4, 24636.4, 24640.4, 24644.4, 24648.4, 24652.4, 24656.4, 24660.4, 24664.4, 24668.4, 24672.4, 24676.4, 24680.4, 24684.4, 24688.4, 24692.4, 24696.4, 24700.4, 24704.4, 24708.4, 24712.4, 24716.4, 24720.4, 24724.4, 24728.4, 24732.4, 24736.4, 24740.4, 24744.4, 24748.4, 24752.4, 24756.4, 24760.4, 24764.4, 24768.4, 24772.4, 24776.4, 24780.4, 24784.4, 24788.4, 24792.4, 24796.4, 24800.4, 24804.4, 24808.4, 24812.4, 24816.4, 24820.4, 24824.4, 24828.4, 24832.4, 24836.4, 24840.4, 24844.4, 24848.4, 24852.4, 24856.4, 24860.4, 24864.4, 24868.4, 24872.4, 24876.4, 24880.4, 24884.4, 24888.4, 24892.4, 24896.4, 24900.4, 24904.4, 24908.4, 24912.4, 24916.4, 24920.4, 24924.4, 24928.4, 24932.4, 24936.4, 24940.4, 24944.4, 24948.4, 24952.4, 24956.4, 24960.4, 24964.4, 24968.4, 24972.4, 24976.4, 24980.4, 24984.4, 24988.4, 24992.4, 24996.4, 25000.4, 25004.4, 25008.4, 25012.4, 25016.4, 25020.4, 25024.4, 25028.4, 25032.4, 25036.4, 25040.4, 25044.4, 25048.4, 25052.4, 25056.4, 25060.4, 25064.4, 25068.4, 25072.4, 25076.4, 25080.4, 25083.4
25090.4, 25092.4, 25096.4, 25100.4, 25104.4, 25108.4, 25112.4, 25116.4, 25120.4, 25124.4, 25128.4, 25132.4, 25136.4, 25140.4, 25144.4, 25148.4, 25152.4, 25156.4, 25160.4, 25164.4, 25168.4, 25172.4, 25176.4, 25180.4, 25184.4, 25188.4, 25192.4, 25196.4, 25200.4, 25204.4, 25208.4, 25212.4, 25216.4, 25220.4, 25224.4, 25228.4, 25232.4, 25236.4, 25240.4, 25244.4, 25248.4, 25252.4, 25256.4, 25260.4, 25264.4, 25268.4, 25272.4, 25276.4, 25280.4, 25284.4, 25288.4, 25292.4, 25296.4, 25300.4, 25304.4, 25308.4, 25312.4, 25316.4, 25320.4, 25324.4, 25328.4, 25332.4, 25336.4, 25340.4, 25344.4, 25348.4, 25352.4, 25356.4, 25360.4, 25364.4, 25368.4, 25372.4, 25376.4, 25380.4, 25384.4, 25388.4, 25392.4, 25396.4, 25400.4, 25404.4, 25408.4, 25412.4, 25416.4, 25420.4, 25424.4, 25428.4, 25432.4, 25436.4, 25440.4, 25444.4, 25448.4, 25452.4, 25456.4, 25460.4, 25464.4, 25468.4, 25472.4, 25476.4, 25480.4, 25484.4, 25488.4, 25492.4, 25496.4, 25500.4, 25504.4, 25508.4, 25512.4, 25516.4, 25520.4, 25524.4, 25528.4, 25532.4, 25536.4, 25540.4, 25544.4, 25548.4, 25552.4, 25556.4, 25560.4, 25564.4, 25568.4, 25572.4, 25576.4, 25580.4, 25584.4, 25588.4, 25592.4, 25595.4
25602.4, 25604.4, 25608.4, 25612.4, 25616.4, 25620.4, 25624.4, 25628.4, 25632.4, 25636.4, 25640.4, 25644.4, 25648.4, 25652.4, 25656.4, 25660.4, 25664.4, 25668.4, 25672.4, 25676.4, 25680.4, 25684.4, 25688.4, 25692.4, 25696.4, 25700.4, 25704.4, 25708.4, 25712.4, 25716.4, 25720.4, 25724.4, 25728.4, 25732.4, 25736.4, 25740.4, 25744.4, 25748.4, 25752.4, 25756.4, 25760.4, 25764.4, 25768.4, 25772.4, 25776.4, 25780.4, 25784.4, 25788.4, 25792.4, 25796.4, 25800.4, 25804.4, 25808.4, 25812.4, 25816.4, 25820.4, 25824.4, 25828.4, 25832.4, 25836.4, 25840.4, 25844.4, 25848.4, 25852.4, 25856.4, 25860.4, 25864.4, 25868.4, 25872.4, 25876.4, 25880.4, 25884.4, 25888.4, 25892.4, 25896.4, 25900.4, 25904.4, 25908.4, 25912.4, 25916.4, 25920.4, 25924.4, 25928.4, 25932.4, 25936.4, 25940.4, 25944.4, 25948.4, 25952.4, 25956.4, 25960.4, 25964.4, 25968.4, 25972.4, 25976.4, 25980.4, 25984.4, 25988.4, 25992.4, 25996.4, 26000.4, 26004.4, 26008.4, 26012.4, 26016.4, 26020.4, 26024.4, 26028.4, 26032.4, 26036.4, 26040.4, 26044.4, 26048.4, 26052.4, 26056.4, 26060.4, 26064.4, 26068.4, 26072.4, 26076.4, 26080.4, 26084.4, 26088.4, 26092.4, 26096.4, 26100.4, 26104.4, 26107.4
26114.4, 26116.4, 26120.4, 26124.4, 26128.4, 26132.4, 26136.4, 26140.4, 26144.4, 26148.4, 26152.4, 26156.4, 26160.4, 26164.4, 26168.4, 26172.4, 26176.4, 26180.4, 26184.4, 26188.4, 26192.4, 26196.4, 26200.4, 26204.4, 26208.4, 26212.4, 26216.4, 26220.4, 26224.4, 26228.4, 26232.4, 26236.4, 26240.4, 26244.4, 26248.4, 26252.4, 26256.4, 26260.4, 26264.4, 26268.4, 26272.4, 26276.4, 26280.4, 26284.4, 26288.4, 26292.4, 26296.4, 26300.4, 26304.4, 26308.4, 26312.4, 26316.4, 26320.4, 26324.4, 26328.4, 26332.4, 26336.4, 26340.4, 26344.4, 26348.4, 26352.4, 26356.4, 26360.4, 26364.4, 26368.4, 26372.4, 26376.4, 26380.4, 26384.4, 26388.4, 26392.4, 26396.4, 26400.4, 26404.4, 26408.4, 26412.4, 26416.4, 26420.4, 26424.4, 26428.4, 26432.4, 26436.4, 26440.4, 26444.4, 26448.4, 26452.4, 26456.4, 26460.4, 26464.4, 26468.4, 26472.4, 26476.4, 26480.4, 26484.4, 26488.4, 26492.4, 26496.4, 26500.4, 26504.4, 26508.4, 26512.4, 26516.4, 26520.4, 26524.4, 26528.4, 26532.4, 26536.4, 26540.4, 26544.4, 26548.4, 26552.4, 26556.4, 26560.4, 26564.4, 26568.4, 26572.4, 26576.4, 26580.4, 26584.4, 26588.4, 26592.4, 26596.4, 26600.4, 26604.4, 26608.4, 26612.4, 26616.4, 26619.4
26626.4, 26628.4, 26632.4, 26636.4, 26640.4, 26644.4, 26648.4, 26652.4, 26656.4, 26660.4, 26664.4, 26668.4, 26672.4, 26676.4, 26680.4, 26684.4, 26688.4, 26692.4, 26696.4, 26700.4, 26704.4, 26708.4, 26712.4, 26716.4, 26720.4, 26724.4, 26728.4, 26732.4, 26736.4, 26740.4, 26744.4, 26748.4, 26752.4, 26756.4, 26760.4, 26764.4, 26768.4, 26772.4, 26776.4, 26780.4, 26784.4, 26788.4, 26792.4, 26796.4, 26800.4, 26804.4, 26808.4, 26812.4, 26816.4, 26820.4, 26824.4, 26828.4, 26832.4, 26836.4, 26840.4, 26844.4, 26848.4, 26852.4, 26856.4, 26860.4, 26864.4, 26868.4, 26872.4, 26876.4, 26880.4, 26884.4, 26888.4, 26892.4, 26896.4, 26900.4, 26904.4, 26908.4, 26912.4, 26916.4, 26920.4, 26924.4, 26928.4, 26932.4, 26936.4, 26940.4, 26944.4, 26948.4, 26952.4, 26956.4, 26960.4, 26964.4, 26968.4, 26972.4, 26976.4, 26980.4, 26984.4, 26988.4, 26992.4, 26996.4, 27000.4, 27004.4, 27008.4, 27012.4, 27016.4, 27020.4, 27024.4, 27028.4, 27032.4, 27036.4, 27040.4, 27044.4, 27048.4, 27052.4, 27056.4, 27060.4, 27064.4, 27068.4, 27072.4, 27076.4, 27080.4, 27084.4, 27088.4, 27092.4, 27096.4, 27100.4, 27104.4, 27108.4, 27112.4, 27116.4, 27120.4, 27124.4, 27128.4, 27131.4
27138.4, 27140.4, 27144.4, 27148.4, 27152.4, 27156.4, 27160.4, 27164.4, 27168.4, 27172.4, 27176.4, 27180.4, 27184.4, 27188.4, 27192.4, 27196.4, 27200.4, 27204.4, 27208.4, 27212.4, 27216.4, 27220.4, 27224.4, 27228.4, 27232.4, 27236.4, 27240.4, 27244.4, 27248.4, 27252.4, 27256.4, 27260.4, 27264.4, 27268.4, 27272.4, 27276.4, 27280.4, 27284.4, 27288.4, 27292.4, 27296.4, 27300.4, 27304.4, 27308.4, 27312.4, 27316.4, 27320.4, 27324.4, 27328.4, 27332.4, 27336.4, 27340.4, 27344.4, 27348.4, 27352.4, 27356.4, 27360.4, 27364.4, 27368.4, 27372.4, 27376.4, 27380.4, 27384.4, 27388.4, 27392.4, 27396.4, 27400.4, 27404.4, 27408.4, 27412.4, 27416.4, 27420.4, 27424.4, 27428.4, 27432.4, 27436.4, 27440.4, 27444.4, 27448.4, 27452.4, 27456.4, 27460.4, 27464.4, 27468.4, 27472.4, 27476.4, 27480.4, 27484.4, 27488.4, 27492.4, 27496.4, 27500.4, 27504.4, 27508.4, 27512.4, 27516.4, 27520.4, 27524.4, 27528.4, 27532.4, 27536.4, 27540.4, 27544.4, 27548.4, 27552.4, 27556.4, 27560.4, 27564.4, 27568.4, 27572.4, 27576.4, 27580.4, 27584.4, 27588.4, 27592.4, 27596.4, 27600.4, 27604.4, 27608.4, 27612.4, 27616.4, 27620.4, 27624.4, 27628.4, 27632.4, 27636.4, 27640.4, 27643.4
27650.4, 27652.4, 27656.4, 27660.4, 27664.4, 27668.4, 27672.4, 27676.4, 27680.4, 27684.4, 27688.4, 27692.4, 27696.4, 27700.4, 27704.4, 27708.4, 27712.4, 27716.4, 27720.4, 27724.4, 27728.4, 27732.4, 27736.4, 27740.4, 27744.4, 27748.4, 27752.4, 27756.4, 27760.4, 27764.4, 27768.4, 27772.4, 27776.4, 27780.4, 27784.4, 27788.4, 27792.4, 27796.4, 27800.4, 27804.4, 27808.4, 27812.4, 27816.4, 27820.4, 27824.4, 27828.4, 27832.4, 27836.4, 27840.4, 27844.4, 27848.4, 27852.4, 27856.4, 27860.4, 27864.4, 27868.4, 27872.4, 27876.4, 27880.4, 27884.4, 27888.4, 27892.4, 27896.4, 27900.4, 27904.4, 27908.4, 27912.4, 27916.4, 27920.4, 27924.4, 27928.4, 27932.4, 27936.4, 27940.4, 27944.4, 27948.4, 27952.4, 27956.4, 27960.4, 27964.4, 27968.4, 27972.4, 27976.4, 27980.4, 27984.4, 27988.4, 27992.4, 27996.4, 28000.4, 28004.4, 28008.4, 28012.4, 28016.4, 28020.4, 28024.4, 28028.4, 28032.4, 28036.4, 28040.4, 28044.4, 28048.4, 28052.4, 28056.4, 28060.4, 28064.4, 28068.4, 28072.4, 28076.4, 28080.4, 28084.4, 28088.4, 28092.4, 28096.4, 28100.4, 28104.4, 28108.4, 28112.4, 28116.4, 28120.4, 28124.4, 28128.4, 28132.4, 28136.4, 28140.4, 28144.4, 28148.4, 28152.4, 28155.4
28162.4, 28164.4, 28168.4, 28172.4, 28176.4, 28180.4, 28184.4, 28188.4, 28192.4, 28196.4, 28200.4, 28204.4, 28208.4, 28212.4, 28216.4, 28220.4, 28224.4, 28228.4, 28232.4, 28236.4, 28240.4, 28244.4, 28248.4, 28252.4, 28256.4, 28260.4, 28264.4, 28268.4, 28272.4, 28276.4, 28280.4, 28284.4, 28288.4, 28292.4, 28296.4, 28300.4, 28304.4, 28308.4, 28312.4, 28316.4, 28320.4, 28324.4, 28328.4, 28332.4, 28336.4, 28340.4, 28344.4, 28348.4, 28352.4, 28356.4, 28360.4, 28364.4, 28368.4, 28372.4, 28376.4, 28380.4, 28384.4, 28388.4, 28392.4, 28396.4, 28400.4, 28404.4, 28408.4, 28412.4, 28416.4, 28420.4, 28424.4, 28428.4, 28432.4, 28436.4, 28440.4, 28444.4, 28448.4, 28452.4, 28456.4, 28460.4, 28464.4, 28468.4, 28472.4, 28476.4, 28480.4, 28484.4, 28488.4, 28492.4, 28496.4, 28500.4, 28504.4, 28508.4, 28512.4, 28516.4, 28520.4, 28524.4, 28528.4, 28532.4, 28536.4, 28540.4, 28544.4, 28548.4, 28552.4, 28556.4, 28560.4, 28564.4, 28568.4, 28572.4, 28576.4, 28580.4, 28584.4, 28588.4, 28592.4, 28596.4, 28600.4, 28604.4, 28608.4, 28612.4, 28616.4, 28620.4, 28624.4, 28628.4, 28632.4, 28636.4, 28640.4, 28644.4, 28648.4, 28652.4, 28656.4, 28660.4, 28664.4, 28667.4
28674.4, 28676.4, 28680.4, 28684.4, 28688.4, 28692.4, 28696.4, 28700.4, 28704.4, 28708.4, 28712.4, 28716.4, 28720.4, 28724.4, 28728.4, 28732.4, 28736.4, 28740.4, 28744.4, 28748.4, 28752.4, 28756.4, 28760.4, 28764.4, 28768.4, 28772.4, 28776.4, 28780.4, 28784.4, 28788.4, 28792.4, 28796.4, 28800.4, 28804.4, 28808.4, 28812.4, 28816.4, 28820.4, 28824.4, 28828.4, 28832.4, 28836.4, 28840.4, 28844.4, 28848.4, 28852.4, 28856.4, 28860.4, 28864.4, 28868.4, 28872.4, 28876.4, 28880.4, 28884.4, 28888.4, 28892.4, 28896.4, 28900.4, 28904.4, 28908.4, 28912.4, 28916.4, 28920.4, 28924.4, 28928.4, 28932.4, 28936.4, 28940.4, 28944.4, 28948.4, 28952.4, 28956.4, 28960.4, 28964.4, 28968.4, 28972.4, 28976.4, 28980.4, 28984.4, 28988.4, 28992.4, 28996.4, 29000.4, 29004.4, 29008.4, 29012.4, 29016.4, 29020.4, 29024.4, 29028.4, 29032.4, 29036.4, 29040.4, 29044.4, 29048.4, 29052.4, 29056.4, 29060.4, 29064.4, 29068.4, 29072.4, 29076.4, 29080.4, 29084.4, 29088.4, 29092.4, 29096.4, 29100.4, 29104.4, 29108.4, 29112.4, 29116.4, 29120.4, 29124.4, 29128.4, 29132.4, 29136.4, 29140.4, 29144.4, 29148.4, 29152.4, 29156.4, 29160.4, 29164.4, 29168.4, 29172.4, 29176.4, 29179.4
29186.4, 29188.4, 29192.4, 29196.4, 29200.4, 29204.4, 29208.4, 29212.4, 29216.4, 29220.4, 29224.4, 29228.4, 29232.4, 29236.4, 29240.4, 29244.4, 29248.4, 29252.4, 29256.4, 29260.4, 29264.4, 29268.4, 29272.4, 29276.4, 29280.4, 29284.4, 29288.4, 29292.4, 29296.4, 29300.4, 29304.4, 29308.4, 29312.4, 29316.4, 29320.4, 29324.4, 29328.4, 29332.4, 29336.4, 29340.4, 29344.4, 29348.4, 29352.4, 29356.4, 29360.4, 29364.4, 29368.4, 29372.4, 29376.4, 29380.4, 29384.4, 29388.4, 29392.4, 29396.4, 29400.4, 29404.4, 29408.4, 29412.4, 29416.4, 29420.4, 29424.4, 29428.4, 29432.4, 29436.4, 29440.4, 29444.4, 29448.4, 29452.4, 29456.4, 29460.4, 29464.4, 29468.4, 29472.4, 29476.4, 29480.4, 29484.4, 29488.4, 29492.4, 29496.4, 29500.4, 29504.4, 29508.4, 29512.4, 29516.4, 29520.4, 29524.4, 29528.4, 29532.4, 29536.4, 29540.4, 29544.4, 29548.4, 29552.4, 29556.4, 29560.4, 29564.4, 29568.4, 29572.4, 29576.4, 29580.4, 29584.4, 29588.4, 29592.4, 29596.4, 29600.4, 29604.4, 29608.4, 29612.4, 29616.4, 29620.4, 29624.4, 29628.4, 29632.4, 29636.4, 29640.4, 29644.4, 29648.4, 29652.4, 29656.4, 29660.4, 29664.4, 29668.4, 29672.4, 29676.4, 29680.4, 29684.4, 29688.4, 29691.4
29698.4, 29700.4, 29704.4, 29708.4, 29712.4, 29716.4, 29720.4, 29724.4, 29728.4, 29732.4, 29736.4, 29740.4, 29744.4, 29748.4, 29752.4, 29756.4, 29760.4, 29764.4, 29768.4, 29772.4, 29776.4, 29780.4, 29784.4, 29788.4, 29792.4, 29796.4, 29800.4, 29804.4, 29808.4, 29812.4, 29816.4, 29820.4, 29824.4, 29828.4, 29832.4, 29836.4, 29840.4, 29844.4, 29848.4, 29852.4, 29856.4, 29860.4, 29864.4, 29868.4, 29872.4, 29876.4, 29880.4, 29884.4, 29888.4, 29892.4, 29896.4, 29900.4, 29904.4, 29908.4, 29912.4, 29916.4, 29920.4, 29924.4, 29928.4, 29932.4, 29936.4, 29940.4, 29944.4, 29948.4, 29952.4, 29956.4, 29960.4, 29964.4, 29968.4, 29972.4, 29976.4, 29980.4, 29984.4, 29988.4, 29992.4, 29996.4, 30000.4, 30004.4, 30008.4, 30012.4, 30016.4, 30020.4, 30024.4, 30028.4, 30032.4, 30036.4, 30040.4, 30044.4, 30048.4, 30052.4, 30056.4, 30060.4, 30064.4, 30068.4, 30072.4, 30076.4, 30080.4, 30084.4, 30088.4, 30092.4, 30096.4, 30100.4, 30104.4, 30108.4, 30112.4, 30116.4, 30120.4, 30124.4, 30128.4, 30132.4, 30136.4, 30140.4, 30144.4, 30148.4, 30152.4, 30156.4, 30160.4, 30164.4, 30168.4, 30172.4, 30176.4, 30180.4, 30184.4, 30188.4, 30192.4, 30196.4, 30200.4, 30203.4
30210.4, 30212.4, 30216.4, 30220.4, 30224.4, 30228.4, 30232.4, 30236.4, 30240.4, 30244.4, 30248.4, 30252.4, 30256.4, 30260.4, 30264.4, 30268.4, 30272.4, 30276.4, 30280.4, 30284.4, 30288.4, 30292.4, 30296.4, 30300.4, 30304.4, 30308.4, 30312.4, 30316.4, 30320.4, 30324.4, 30328.4, 30332.4, 30336.4, 30340.4, 30344.4, 30348.4, 30352.4, 30356.4, 30360.4, 30364.4, 30368.4, 30372.4, 30376.4, 30380.4, 30384.4, 30388.4, 30392.4, 30396.4, 30400.4, 30404.4, 30408.4, 30412.4, 30416.4, 30420.4, 30424.4, 30428.4, 30432.4, 30436.4, 30440.4, 30444.4, 30448.4, 30452.4, 30456.4, 30460.4, 30464.4, 30468.4, 30472.4, 30476.4, 30480.4, 30484.4, 30488.4, 30492.4, 30496.4, 30500.4, 30504.4, 30508.4, 30512.4, 30516.4, 30520.4, 30524.4, 30528.4, 30532.4, 30536.4, 30540.4, 30544.4, 30548.4, 30552.4, 30556.4, 30560.4, 30564.4, 30568.4, 30572.4, 30576.4, 30580.4, 30584.4, 30588.4, 30592.4, 30596.4, 30600.4, 30604.4, 30608.4, 30612.4, 30616.4, 30620.4, 30624.4, 30628.4, 30632.4, 30636.4, 30640.4, 30644.4, 30648.4, 30652.4, 30656.4, 30660.4, 30664.4, 30668.4, 30672.4, 30676.4, 30680.4, 30684.4, 30688.4, 30692.4, 30696.4, 30700.4, 30704.4, 30708.4, 30712.4, 30715.4
30722.4, 30724.4, 30728.4, 30732.4, 30736.4, 30740.4, 30744.4, 30748.4, 30752.4, 30756.4, 30760.4, 30764.4, 30768.4, 30772.4, 30776.4, 30780.4, 30784.4, 30788.4, 30792.4, 30796.4, 30800.4, 30804.4, 30808.4, 30812.4, 30816.4, 30820.4, 30824.4, 30828.4, 30832.4, 30836.4, 30840.4, 30844.4, 30848.4, 30852.4, 30856.4, 30860.4, 30864.4, 30868.4, 30872.4, 30876.4, 30880.4, 30884.4, 30888.4, 30892.4, 30896.4, 30900.4, 30904.4, 30908.4, 30912.4, 30916.4, 30920.4, 30924.4, 30928.4, 30932.4, 30936.4, 30940.4, 30944.4, 30948.4, 30952.4, 30956.4, 30960.4, 30964.4, 30968.4, 30972.4, 30976.4, 30980.4, 30984.4, 30988.4, 30992.4, 30996.4, 31000.4, 31004.4, 31008.4, 31012.4, 31016.4, 31020.4, 31024.4, 31028.4, 31032.4, 31036.4, 31040.4, 31044.4, 31048.4, 31052.4, 31056.4, 31060.4, 31064.4, 31068.4, 31072.4, 31076.4, 31080.4, 31084.4, 31088.4, 31092.4, 31096.4, 31100.4, 31104.4, 31108.4, 31112.4, 31116.4, 31120.4, 31124.4, 31128.4, 31132.4, 31136.4, 31140.4, 31144.4, 31148.4, 31152.4, 31156.4, 31160.4, 31164.4, 31168.4, 31172.4, 31176.4, 31180.4, 31184.4, 31188.4, 31192.4, 31196.4, 31200.4, 31204.4, 31208.4, 31212.4, 31216.4, 31220.4, 31224.4, 31227.4
31234.4, 31236.4, 31240.4, 31244.4, 31248.4, 31252.4, 31256.4, 31260.4, 31264.4, 31268.4, 31272.4, 31276.4, 31280.4, 31284.4, 31288.4, 31292.4, 31296.4, 31300.4, 31304.4, 31308.4, 31312.4, 31316.4, 31320.4, 31324.4, 31328.4, 31332.4, 31336.4, 31340.4, 31344.4, 31348.4, 31352.4, 31356.4, 31360.4, 31364.4, 31368.4, 31372.4, 31376.4, 31380.4, 31384.4, 31388.4, 31392.4, 31396.4, 31400.4, 31404.4, 31408.4, 31412.4, 31416.4, 31420.4, 31424.4, 31428.4, 31432.4, 31436.4, 31440.4, 31444.4, 31448.4, 31452.4, 31456.4, 31460.4, 31464.4, 31468.4, 31472.4, 31476.4, 31480.4, 31484.4, 31488.4, 31492.4, 31496.4, 31500.4, 31504.4, 31508.4, 31512.4, 31516.4, 31520.4, 31524.4, 31528.4, 31532.4, 31536.4, 31540.4, 31544.4, 31548.4, 31552.4, 31556.4, 31560.4, 31564.4, 31568.4, 31572.4, 31576.4, 31580.4, 31584.4, 31588.4, 31592.4, 31596.4, 31600.4, 31604.4, 31608.4, 31612.4, 31616.4, 31620.4, 31624.4, 31628.4, 31632.4, 31636.4, 31640.4, 31644.4, 31648.4, 31652.4, 31656.4, 31660.4, 31664.4, 31668.4, 31672.4, 31676.4, 31680.4, 31684.4, 31688.4, 31692.4, 31696.4, 31700.4, 31704.4, 31708.4, 31712.4, 31716.4, 31720.4, 31724.4, 31728.4, 31732.4, 31736.4, 31739.4
31746.4, 31748.4, 31752.4, 31756.4, 31760.4, 31764.4, 31768.4, 31772.4, 31776.4, 31780.4, 31784.4, 31788.4, 31792.4, 31796.4, 31800.4, 31804.4, 31808.4, 31812.4, 31816.4, 31820.4, 31824.4, 31828.4, 31832.4, 31836.4, 31840.4, 31844.4, 31848.4, 31852.4, 31856.4, 31860.4, 31864.4, 31868.4, 31872.4, 31876.4, 31880.4, 31884.4, 31888.4, 31892.4, 31896.4, 31900.4, 31904.4, 31908.4, 31912.4, 31916.4, 31920.4, 31924.4, 31928.4, 31932.4, 31936.4, 31940.4, 31944.4, 31948.4, 31952.4, 31956.4, 31960.4, 31964.4, 31968.4, 31972.4, 31976.4, 31980.4, 31984.4, 31988.4, 31992.4, 31996.4, 32000.4, 32004.4, 32008.4, 32012.4, 32016.4, 32020.4, 32024.4, 32028.4, 32032.4, 32036.4, 32040.4, 32044.4, 32048.4, 32052.4, 32056.4, 32060.4, 32064.4, 32068.4, 32072.4, 32076.4, 32080.4, 32084.4, 32088.4, 32092.4, 32096.4, 32100.4, 32104.4, 32108.4, 32112.4, 32116.4, 32120.4, 32124.4, 32128.4, 32132.4, 32136.4, 32140.4, 32144.4, 32148.4, 32152.4, 32156.4, 32160.4, 32164.4, 32168.4, 32172.4, 32176.4, 32180.4, 32184.4, 32188.4, 32192.4, 32196.4, 32200.4, 32204.4, 32208.4, 32212.4, 32216.4, 32220.4, 32224.4, 32228.4, 32232.4, 32236.4, 32240.4, 32244.4, 32248.4, 32251.4
32258.4, 32260.4, 32264.4, 32268.4, 32272.4, 32276.4, 32280.4, 32284.4, 32288.4, 32292.4, 32296.4, 32300.4, 32304.4, 32308.4, 32312.4, 32316.4, 32320.4, 32324.4, 32328.4, 32332.4, 32336.4, 32340.4, 32344.4, 32348.4, 32352.4, 32356.4, 32360.4, 32364.4, 32368.4, 32372.4, 32376.4, 32380.4, 32384.4, 32388.4, 32392.4, 32396.4, 32400.4, 32404.4, 32408.4, 32412.4, 32416.4, 32420.4, 32424.4, 32428.4, 32432.4, 32436.4, 32440.4, 32444.4, 32448.4, 32452.4, 32456.4, 32460.4, 32464.4, 32468.4, 32472.4, 32476.4, 32480.4, 32484.4, 32488.4, 32492.4, 32496.4, 32500.4, 32504.4, 32508.4, 32512.4, 32516.4, 32520.4, 32524.4, 32528.4, 32532.4, 32536.4, 32540.4, 32544.4, 32548.4, 32552.4, 32556.4, 32560.4, 32564.4, 32568.4, 32572.4, 32576.4, 32580.4, 32584.4, 32588.4, 32592.4, 32596.4, 32600.4, 32604.4, 32608.4, 32612.4, 32616.4, 32620.4, 32624.4, 32628.4, 32632.4, 32636.4, 32640.4, 32644.4, 32648.4, 32652.4, 32656.4, 32660.4, 32664.4, 32668.4, 32672.4, 32676.4, 32680.4, 32684.4, 32688.4, 32692.4, 32696.4, 32700.4, 32704.4, 32708.4, 32712.4, 32716.4, 32720.4, 32724.4, 32728.4, 32732.4, 32736.4, 32740.4, 32744.4, 32748.4, 32752.4, 32756.4, 32760.4, 32763.4
