1.2, 3.2, 5.2, 7.2, 9.2, 11.2, 13.2, 15.2, 17.2, 19.2, 21.2, 23.2, 25.2, 27.2, 29.2, 31.2, 33.2, 35.2, 37.2, 39.2, 41.2, 43.2, 45.2, 47.2, 49.2, 51.2, 53.2, 55.2, 57.2, 59.2, 61.2, 63.2, 65.2, 67.2, 69.2, 71.2, 73.2, 75.2, 77.2, 79.2, 81.2, 83.2, 85.2, 87.2, 89.2, 91.2, 93.2, 95.2, 97.2, 99.2, 101.2, 103.2, 105.2, 107.2, 109.2, 111.2, 113.2, 115.2, 117.2, 119.2, 121.2, 123.2, 125.2, 127.2, 129.2, 131.2, 133.2, 135.2, 137.2, 139.2, 141.2, 143.2, 145.2, 147.2, 149.2, 151.2, 153.2, 155.2, 157.2, 159.2, 161.2, 163.2, 165.2, 167.2, 169.2, 171.2, 173.2, 175.2, 177.2, 179.2, 181.2, 183.2, 185.2, 187.2, 189.2, 191.2, 193.2, 195.2, 197.2, 199.2, 201.2, 203.2, 205.2, 207.2, 209.2, 211.2, 213.2, 215.2, 217.2, 219.2, 221.2, 223.2, 225.2, 227.2, 229.2, 231.2, 233.2, 235.2, 237.2, 239.2, 241.2, 243.2, 245.2, 247.2, 249.2, 251.2, 253.2, 254.2
257.2, 259.2, 261.2, 263.2, 265.2, 267.2, 269.2, 271.2, 273.2, 275.2, 277.2, 279.2, 281.2, 283.2, 285.2, 287.2, 289.2, 291.2, 293.2, 295.2, 297.2, 299.2, 301.2, 303.2, 305.2, 307.2, 309.2, 311.2, 313.2, 315.2, 317.2, 319.2, 321.2, 323.2, 325.2, 327.2, 329.2, 331.2, 333.2, 335.2, 337.2, 339.2, 341.2, 343.2, 345.2, 347.2, 349.2, 351.2, 353.2, 355.2, 357.2, 359.2, 361.2, 363.2, 365.2, 367.2, 369.2, 371.2, 373.2, 375.2, 377.2, 379.2, 381.2, 383.2, 385.2, 387.2, 389.2, 391.2, 393.2, 395.2, 397.2, 399.2, 401.2, 403.2, 405.2, 407.2, 409.2, 411.2, 413.2, 415.2, 417.2, 419.2, 421.2, 423.2, 425.2, 427.2, 429.2, 431.2, 433.2, 435.2, 437.2, 439.2, 441.2, 443.2, 445.2, 447.2, 449.2, 451.2, 453.2, 455.2, 457.2, 459.2, 461.2, 463.2, 465.2, 467.2, 469.2, 471.2, 473.2, 475.2, 477.2, 479.2, 481.2, 483.2, 485.2, 487.2, 489.2, 491.2, 493.2, 495.2, 497.2, 499.2, 501.2, 503.2, 505.2, 507.2, 509.2, 510.2
513.2, 515.2, 517.2, 519.2, 521.2, 523.2, 525.2, 527.2, 529.2, 531.2, 533.2, 535.2, 537.2, 539.2, 541.2, 543.2, 545.2, 547.2, 549.2, 551.2, 553.2, 555.2, 557.2, 559.2, 561.2, 563.2, 565.2, 567.2, 569.2, 571.2, 573.2, 575.2, 577.2, 579.2, 581.2, 583.2, 585.2, 587.2, 589.2, 591.2, 593.2, 595.2, 597.2, 599.2, 601.2, 603.2, 605.2, 607.2, 609.2, 611.2, 613.2, 615.2, 617.2, 619.2, 621.2, 623.2, 625.2, 627.2, 629.2, 631.2, 633.2, 635.2, 637.2, 639.2, 641.2, 643.2, 645.2, 647.2, 649.2, 651.2, 653.2, 655.2, 657.2, 659.2, 661.2, 663.2, 665.2, 667.2, 669.2, 671.2, 673.2, 675.2, 677.2, 679.2, 681.2, 683.2, 685.2, 687.2, 689.2, 691.2, 693.2, 695.2, 697.2, 699.2, 701.2, 703.2, 705.2, 707.2, 709.2, 711.2, 713.2, 715.2, 717.2, 719.2, 721.2, 723.2, 725.2, 727.2, 729.2, 731.2, 733.2, 735.2, 737.2, 739.2, 741.2, 743.2, 745.2, 747.2, 749.2, 751.2, 753.2, 755.2, 757.2, 759.2, 761.2, 763.2, 765.2, 766.2
769.2, 771.2, 773.2, 775.2, 777.2, 779.2, 781.2, 783.2, 785.2, 787.2, 789.2, 791.2, 793.2, 795.2, 797.2, 799.2, 801.2, 803.2, 805.2, 807.2, 809.2, 811.2, 813.2, 815.2, 817.2, 819.2, 821.2, 823.2, 825.2, 827.2, 829.2, 831.2, 833.2, 835.2, 837.2, 839.2, 841.2, 843.2, 845.2, 847.2, 849.2, 851.2, 853.2, 855.2, 857.2, 859.2, 861.2, 863.2, 865.2, 867.2, 869.2, 871.2, 873.2, 875.2, 877.2, 879.2, 881.2, 883.2, 885.2, 887.2, 889.2, 891.2, 893.2, 895.2, 897.2, 899.2, 901.2, 903.2, 905.2, 907.2, 909.2, 911.2, 913.2, 915.2, 917.2, 919.2, 921.2, 923.2, 925.2, 927.2, 929.2, 931.2, 933.2, 935.2, 937.2, 939.2, 941.2, 943.2, 945.2, 947.2, 949.2, 951.2, 953.2, 955.2, 957.2, 959.2, 961.2, 963.2, 965.2, 967.2, 969.2, 971.2, 973.2, 975.2, 977.2, 979.2, 981.2, 983.2, 985.2, 987.2, 989.2, 991.2, 993.2, 995.2, 997.2, 999.2, 1001.2, 1003.2, 1005.2, 1007.2, 1009.2, 1011.2, 1013.2, 1015.2, 1017.2, 1019.2, 1021.2, 1022.2
1025.2, 1027.2, 1029.2, 1031.2, 1033.2, 1035.2, 1037.2, 1039.2, 1041.2, 1043.2, 1045.2, 1047.2, 1049.2, 1051.2, 1053.2, 1055.2, 1057.2, 1059.2, 1061.2, 1063.2, 1065.2, 1067.2, 1069.2, 1071.2, 1073.2, 1075.2, 1077.2, 1079.2, 1081.2, 1083.2, 1085.2, 1087.2, 1089.2, 1091.2, 1093.2, 1095.2, 1097.2, 1099.2, 1101.2, 1103.2, 1105.2, 1107.2, 1109.2, 1111.2, 1113.2, 1115.2, 1117.2, 1119.2, 1121.2, 1123.2, 1125.2, 1127.2, 1129.2, 1131.2, 1133.2, 1135.2, 1137.2, 1139.2, 1141.2, 1143.2, 1145.2, 1147.2, 1149.2, 1151.2, 1153.2, 1155.2, 1157.2, 1159.2, 1161.2, 1163.2, 1165.2, 1167.2, 1169.2, 1171.2, 1173.2, 1175.2, 1177.2, 1179.2, 1181.2, 1183.2, 1185.2, 1187.2, 1189.2, 1191.2, 1193.2, 1195.2, 1197.2, 1199.2, 1201.2, 1203.2, 1205.2, 1207.2, 1209.2, 1211.2, 1213.2, 1215.2, 1217.2, 1219.2, 1221.2, 1223.2, 1225.2, 1227.2, 1229.2, 1231.2, 1233.2, 1235.2, 1237.2, 1239.2, 1241.2, 1243.2, 1245.2, 1247.2, 1249.2, 1251.2, 1253.2, 1255.2, 1257.2, 1259.2, 1261.2, 1263.2, 1265.2, 1267.2, 1269.2, 1271.2, 1273.2, 1275.2, 1277.2, 1278.2
1281.2, 1283.2, 1285.2, 1287.2, 1289.2, 1291.2, 1293.2, 1295.2, 1297.2, 1299.2, 1301.2, 1303.2, 1305.2, 1307.2, 1309.2, 1311.2, 1313.2, 1315.2, 1317.2, 1319.2, 1321.2, 1323.2, 1325.2, 1327.2, 1329.2, 1331.2, 1333.2, 1335.2, 1337.2, 1339.2, 1341.2, 1343.2, 1345.2, 1347.2, 1349.2, 1351.2, 1353.2, 1355.2, 1357.2, 1359.2, 1361.2, 1363.2, 1365.2, 1367.2, 1369.2, 1371.2, 1373.2, 1375.2, 1377.2, 1379.2, 1381.2, 1383.2, 1385.2, 1387.2, 1389.2, 1391.2, 1393.2, 1395.2, 1397.2, 1399.2, 1401.2, 1403.2, 1405.2, 1407.2, 1409.2, 1411.2, 1413.2, 1415.2, 1417.2, 1419.2, 1421.2, 1423.2, 1425.2, 1427.2, 1429.2, 1431.2, 1433.2, 1435.2, 1437.2, 1439.2, 1441.2, 1443.2, 1445.2, 1447.2, 1449.2, 1451.2, 1453.2, 1455.2, 1457.2, 1459.2, 1461.2, 1463.2, 1465.2, 1467.2, 1469.2, 1471.2, 1473.2, 1475.2, 1477.2, 1479.2, 1481.2, 1483.2, 1485.2, 1487.2, 1489.2, 1491.2, 1493.2, 1495.2, 1497.2, 1499.2, 1501.2, 1503.2, 1505.2, 1507.2, 1509.2, 1511.2, 1513.2, 1515.2, 1517.2, 1519.2, 1521.2, 1523.2, 1525.2, 1527.2, 1529.2, 1531.2, 1533.2, 1534.2
1537.2, 1539.2, 1541.2, 1543.2, 1545.2, 1547.2, 1549.2, 1551.2, 1553.2, 1555.2, 1557.2, 1559.2, 1561.2, 1563.2, 1565.2, 1567.2, 1569.2, 1571.2, 1573.2, 1575.2, 1577.2, 1579.2, 1581.2, 1583.2, 1585.2, 1587.2, 1589.2, 1591.2, 1593.2, 1595.2, 1597.2, 1599.2, 1601.2, 1603.2, 1605.2, 1607.2, 1609.2, 1611.2, 1613.2, 1615.2, 1617.2, 1619.2, 1621.2, 1623.2, 1625.2, 1627.2, 1629.2, 1631.2, 1633.2, 1635.2, 1637.2, 1639.2, 1641.2, 1643.2, 1645.2, 1647.2, 1649.2, 1651.2, 1653.2, 1655.2, 1657.2, 1659.2, 1661.2, 1663.2, 1665.2, 1667.2, 1669.2, 1671.2, 1673.2, 1675.2, 1677.2, 1679.2, 1681.2, 1683.2, 1685.2, 1687.2, 1689.2, 1691.2, 1693.2, 1695.2, 1697.2, 1699.2, 1701.2, 1703.2, 1705.2, 1707.2, 1709.2, 1711.2, 1713.2, 1715.2, 1717.2, 1719.2, 1721.2, 1723.2, 1725.2, 1727.2, 1729.2, 1731.2, 1733.2, 1735.2, 1737.2, 1739.2, 1741.2, 1743.2, 1745.2, 1747.2, 1749.2, 1751.2, 1753.2, 1755.2, 1757.2, 1759.2, 1761.2, 1763.2, 1765.2, 1767.2, 1769.2, 1771.2, 1773.2, 1775.2, 1777.2, 1779.2, 1781.2, 1783.2, 1785.2, 1787.2, 1789.2, 1790.2
1793.2, 1795.2, 1797.2, 1799.2, 1801.2, 1803.2, 1805.2, 1807.2, 1809.2, 1811.2, 1813.2, 1815.2, 1817.2, 1819.2, 1821.2, 1823.2, 1825.2, 1827.2, 1829.2, 1831.2, 1833.2, 1835.2, 1837.2, 1839.2, 1841.2, 1843.2, 1845.2, 1847.2, 1849.2, 1851.2, 1853.2, 1855.2, 1857.2, 1859.2, 1861.2, 1863.2, 1865.2, 1867.2, 1869.2, 1871.2, 1873.2, 1875.2, 1877.2, 1879.2, 1881.2, 1883.2, 1885.2, 1887.2, 1889.2, 1891.2, 1893.2, 1895.2, 1897.2, 1899.2, 1901.2, 1903.2, 1905.2, 1907.2, 1909.2, 1911.2, 1913.2, 1915.2, 1917.2, 1919.2, 1921.2, 1923.2, 1925.2, 1927.2, 1929.2, 1931.2, 1933.2, 1935.2, 1937.2, 1939.2, 1941.2, 1943.2, 1945.2, 1947.2, 1949.2, 1951.2, 1953.2, 1955.2, 1957.2, 1959.2, 1961.2, 1963.2, 1965.2, 1967.2, 1969.2, 1971.2, 1973.2, 1975.2, 1977.2, 1979.2, 1981.2, 1983.2, 1985.2, 1987.2, 1989.2, 1991.2, 1993.2, 1995.2, 1997.2, 1999.2, 2001.2, 2003.2, 2005.2, 2007.2, 2009.2, 2011.2, 2013.2, 2015.2, 2017.2, 2019.2, 2021.2, 2023.2, 2025.2, 2027.2, 2029.2, 2031.2, 2033.2, 2035.2, 2037.2, 2039.2, 2041.2, 2043.2, 2045.2, 2046.2
2049.2, 2051.2, 2053.2, 2055.2, 2057.2, 2059.2, 2061.2, 2063.2, 2065.2, 2067.2, 2069.2, 2071.2, 2073.2, 2075.2, 2077.2, 2079.2, 2081.2, 2083.2, 2085.2, 2087.2, 2089.2, 2091.2, 2093.2, 2095.2, 2097.2, 2099.2, 2101.2, 2103.2, 2105.2, 2107.2, 2109.2, 2111.2, 2113.2, 2115.2, 2117.2, 2119.2, 2121.2, 2123.2, 2125.2, 2127.2, 2129.2, 2131.2, 2133.2, 2135.2, 2137.2, 2139.2, 2141.2, 2143.2, 2145.2, 2147.2, 2149.2, 2151.2, 2153.2, 2155.2, 2157.2, 2159.2, 2161.2, 2163.2, 2165.2, 2167.2, 2169.2, 2171.2, 2173.2, 2175.2, 2177.2, 2179.2, 2181.2, 2183.2, 2185.2, 2187.2, 2189.2, 2191.2, 2193.2, 2195.2, 2197.2, 2199.2, 2201.2, 2203.2, 2205.2, 2207.2, 2209.2, 2211.2, 2213.2, 2215.2, 2217.2, 2219.2, 2221.2, 2223.2, 2225.2, 2227.2, 2229.2, 2231.2, 2233.2, 2235.2, 2237.2, 2239.2, 2241.2, 2243.2, 2245.2, 2247.2, 2249.2, 2251.2, 2253.2, 2255.2, 2257.2, 2259.2, 2261.2, 2263.2, 2265.2, 2267.2, 2269.2, 2271.2, 2273.2, 2275.2, 2277.2, 2279.2, 2281.2, 2283.2, 2285.2, 2287.2, 2289.2, 2291.2, 2293.2, 2295.2, 2297.2, 2299.2, 2301.2, 2302.2
2305.2, 2307.2, 2309.2, 2311.2, 2313.2, 2315.2, 2317.2, 2319.2, 2321.2, 2323.2, 2325.2, 2327.2, 2329.2, 2331.2, 2333.2, 2335.2, 2337.2, 2339.2, 2341.2, 2343.2, 2345.2, 2347.2, 2349.2, 2351.2, 2353.2, 2355.2, 2357.2, 2359.2, 2361.2, 2363.2, 2365.2, 2367.2, 2369.2, 2371.2, 2373.2, 2375.2, 2377.2, 2379.2, 2381.2, 2383.2, 2385.2, 2387.2, 2389.2, 2391.2, 2393.2, 2395.2, 2397.2, 2399.2, 2401.2, 2403.2, 2405.2, 2407.2, 2409.2, 2411.2, 2413.2, 2415.2, 2417.2, 2419.2, 2421.2, 2423.2, 2425.2, 2427.2, 2429.2, 2431.2, 2433.2, 2435.2, 2437.2, 2439.2, 2441.2, 2443.2, 2445.2, 2447.2, 2449.2, 2451.2, 2453.2, 2455.2, 2457.2, 2459.2, 2461.2, 2463.2, 2465.2, 2467.2, 2469.2, 2471.2, 2473.2, 2475.2, 2477.2, 2479.2, 2481.2, 2483.2, 2485.2, 2487.2, 2489.2, 2491.2, 2493.2, 2495.2, 2497.2, 2499.2, 2501.2, 2503.2, 2505.2, 2507.2, 2509.2, 2511.2, 2513.2, 2515.2, 2517.2, 2519.2, 2521.2, 2523.2, 2525.2, 2527.2, 2529.2, 2531.2, 2533.2, 2535.2, 2537.2, 2539.2, 2541.2, 2543.2, 2545.2, 2547.2, 2549.2, 2551.2, 2553.2, 2555.2, 2557.2, 2558.2
2561.2, 2563.2, 2565.2, 2567.2, 2569.2, 2571.2, 2573.2, 2575.2, 2577.2, 2579.2, 2581.2, 2583.2, 2585.2, 2587.2, 2589.2, 2591.2, 2593.2, 2595.2, 2597.2, 2599.2, 2601.2, 2603.2, 2605.2, 2607.2, 2609.2, 2611.2, 2613.2, 2615.2, 2617.2, 2619.2, 2621.2, 2623.2, 2625.2, 2627.2, 2629.2, 2631.2, 2633.2, 2635.2, 2637.2, 2639.2, 2641.2, 2643.2, 2645.2, 2647.2, 2649.2, 2651.2, 2653.2, 2655.2, 2657.2, 2659.2, 2661.2, 2663.2, 2665.2, 2667.2, 2669.2, 2671.2, 2673.2, 2675.2, 2677.2, 2679.2, 2681.2, 2683.2, 2685.2, 2687.2, 2689.2, 2691.2, 2693.2, 2695.2, 2697.2, 2699.2, 2701.2, 2703.2, 2705.2, 2707.2, 2709.2, 2711.2, 2713.2, 2715.2, 2717.2, 2719.2, 2721.2, 2723.2, 2725.2, 2727.2, 2729.2, 2731.2, 2733.2, 2735.2, 2737.2, 2739.2, 2741.2, 2743.2, 2745.2, 2747.2, 2749.2, 2751.2, 2753.2, 2755.2, 2757.2, 2759.2, 2761.2, 2763.2, 2765.2, 2767.2, 2769.2, 2771.2, 2773.2, 2775.2, 2777.2, 2779.2, 2781.2, 2783.2, 2785.2, 2787.2, 2789.2, 2791.2, 2793.2, 2795.2, 2797.2, 2799.2, 2801.2, 2803.2, 2805.2, 2807.2, 2809.2, 2811.2, 2813.2, 2814.2
2817.2, 2819.2, 2821.2, 2823.2, 2825.2, 2827.2, 2829.2, 2831.2, 2833.2, 2835.2, 2837.2, 2839.2, 2841.2, 2843.2, 2845.2, 2847.2, 2849.2, 2851.2, 2853.2, 2855.2, 2857.2, 2859.2, 2861.2, 2863.2, 2865.2, 2867.2, 2869.2, 2871.2, 2873.2, 2875.2, 2877.2, 2879.2, 2881.2, 2883.2, 2885.2, 2887.2, 2889.2, 2891.2, 2893.2, 2895.2, 2897.2, 2899.2, 2901.2, 2903.2, 2905.2, 2907.2, 2909.2, 2911.2, 2913.2, 2915.2, 2917.2, 2919.2, 2921.2, 2923.2, 2925.2, 2927.2, 2929.2, 2931.2, 2933.2, 2935.2, 2937.2, 2939.2, 2941.2, 2943.2, 2945.2, 2947.2, 2949.2, 2951.2, 2953.2, 2955.2, 2957.2, 2959.2, 2961.2, 2963.2, 2965.2, 2967.2, 2969.2, 2971.2, 2973.2, 2975.2, 2977.2, 2979.2, 2981.2, 2983.2, 2985.2, 2987.2, 2989.2, 2991.2, 2993.2, 2995.2, 2997.2, 2999.2, 3001.2, 3003.2, 3005.2, 3007.2, 3009.2, 3011.2, 3013.2, 3015.2, 3017.2, 3019.2, 3021.2, 3023.2, 3025.2, 3027.2, 3029.2, 3031.2, 3033.2, 3035.2, 3037.2, 3039.2, 3041.2, 3043.2, 3045.2, 3047.2, 3049.2, 3051.2, 3053.2, 3055.2, 3057.2, 3059.2, 3061.2, 3063.2, 3065.2, 3067.2, 3069.2, 3070.2
3073.2, 3075.2, 3077.2, 3079.2, 3081.2, 3083.2, 3085.2, 3087.2, 3089.2, 3091.2, 3093.2, 3095.2, 3097.2, 3099.2, 3101.2, 3103.2, 3105.2, 3107.2, 3109.2, 3111.2, 3113.2, 3115.2, 3117.2, 3119.2, 3121.2, 3123.2, 3125.2, 3127.2, 3129.2, 3131.2, 3133.2, 3135.2, 3137.2, 3139.2, 3141.2, 3143.2, 3145.2, 3147.2, 3149.2, 3151.2, 3153.2, 3155.2, 3157.2, 3159.2, 3161.2, 3163.2, 3165.2, 3167.2, 3169.2, 3171.2, 3173.2, 3175.2, 3177.2, 3179.2, 3181.2, 3183.2, 3185.2, 3187.2, 3189.2, 3191.2, 3193.2, 3195.2, 3197.2, 3199.2, 3201.2, 3203.2, 3205.2, 3207.2, 3209.2, 3211.2, 3213.2, 3215.2, 3217.2, 3219.2, 3221.2, 3223.2, 3225.2, 3227.2, 3229.2, 3231.2, 3233.2, 3235.2, 3237.2, 3239.2, 3241.2, 3243.2, 3245.2, 3247.2, 3249.2, 3251.2, 3253.2, 3255.2, 3257.2, 3259.2, 3261.2, 3263.2, 3265.2, 3267.2, 3269.2, 3271.2, 3273.2, 3275.2, 3277.2, 3279.2, 3281.2, 3283.2, 3285.2, 3287.2, 3289.2, 3291.2, 3293.2, 3295.2, 3297.2, 3299.2, 3301.2, 3303.2, 3305.2, 3307.2, 3309.2, 3311.2, 3313.2, 3315.2, 3317.2, 3319.2, 3321.2, 3323.2, 3325.2, 3326.2
3329.2, 3331.2, 3333.2, 3335.2, 3337.2, 3339.2, 3341.2, 3343.2, 3345.2, 3347.2, 3349.2, 3351.2, 3353.2, 3355.2, 3357.2, 3359.2, 3361.2, 3363.2, 3365.2, 3367.2, 3369.2, 3371.2, 3373.2, 3375.2, 3377.2, 3379.2, 3381.2, 3383.2, 3385.2, 3387.2, 3389.2, 3391.2, 3393.2, 3395.2, 3397.2, 3399.2, 3401.2, 3403.2, 3405.2, 3407.2, 3409.2, 3411.2, 3413.2, 3415.2, 3417.2, 3419.2, 3421.2, 3423.2, 3425.2, 3427.2, 3429.2, 3431.2, 3433.2, 3435.2, 3437.2, 3439.2, 3441.2, 3443.2, 3445.2, 3447.2, 3449.2, 3451.2, 3453.2, 3455.2, 3457.2, 3459.2, 3461.2, 3463.2, 3465.2, 3467.2, 3469.2, 3471.2, 3473.2, 3475.2, 3477.2, 3479.2, 3481.2, 3483.2, 3485.2, 3487.2, 3489.2, 3491.2, 3493.2, 3495.2, 3497.2, 3499.2, 3501.2, 3503.2, 3505.2, 3507.2, 3509.2, 3511.2, 3513.2, 3515.2, 3517.2, 3519.2, 3521.2, 3523.2, 3525.2, 3527.2, 3529.2, 3531.2, 3533.2, 3535.2, 3537.2, 3539.2, 3541.2, 3543.2, 3545.2, 3547.2, 3549.2, 3551.2, 3553.2, 3555.2, 3557.2, 3559.2, 3561.2, 3563.2, 3565.2, 3567.2, 3569.2, 3571.2, 3573.2, 3575.2, 3577.2, 3579.2, 3581.2, 3582.2
3585.2, 3587.2, 3589.2, 3591.2, 3593.2, 3595.2, 3597.2, 3599.2, 3601.2, 3603.2, 3605.2, 3607.2, 3609.2, 3611.2, 3613.2, 3615.2, 3617.2, 3619.2, 3621.2, 3623.2, 3625.2, 3627.2, 3629.2, 3631.2, 3633.2, 3635.2, 3637.2, 3639.2, 3641.2, 3643.2, 3645.2, 3647.2, 3649.2, 3651.2, 3653.2, 3655.2, 3657.2, 3659.2, 3661.2, 3663.2, 3665.2, 3667.2, 3669.2, 3671.2, 3673.2, 3675.2, 3677.2, 3679.2, 3681.2, 3683.2, 3685.2, 3687.2, 3689.2, 3691.2, 3693.2, 3695.2, 3697.2, 3699.2, 3701.2, 3703.2, 3705.2, 3707.2, 3709.2, 3711.2, 3713.2, 3715.2, 3717.2, 3719.2, 3721.2, 3723.2, 3725.2, 3727.2, 3729.2, 3731.2, 3733.2, 3735.2, 3737.2, 3739.2, 3741.2, 3743.2, 3745.2, 3747.2, 3749.2, 3751.2, 3753.2, 3755.2, 3757.2, 3759.2, 3761.2, 3763.2, 3765.2, 3767.2, 3769.2, 3771.2, 3773.2, 3775.2, 3777.2, 3779.2, 3781.2, 3783.2, 3785.2, 3787.2, 3789.2, 3791.2, 3793.2, 3795.2, 3797.2, 3799.2, 3801.2, 3803.2, 3805.2, 3807.2, 3809.2, 3811.2, 3813.2, 3815.2, 3817.2, 3819.2, 3821.2, 3823.2, 3825.2, 3827.2, 3829.2, 3831.2, 3833.2, 3835.2, 3837.2, 3838.2
3841.2, 3843.2, 3845.2, 3847.2, 3849.2, 3851.2, 3853.2, 3855.2, 3857.2, 3859.2, 3861.2, 3863.2, 3865.2, 3867.2, 3869.2, 3871.2, 3873.2, 3875.2, 3877.2, 3879.2, 3881.2, 3883.2, 3885.2, 3887.2, 3889.2, 3891.2, 3893.2, 3895.2, 3897.2, 3899.2, 3901.2, 3903.2, 3905.2, 3907.2, 3909.2, 3911.2, 3913.2, 3915.2, 3917.2, 3919.2, 3921.2, 3923.2, 3925.2, 3927.2, 3929.2, 3931.2, 3933.2, 3935.2, 3937.2, 3939.2, 3941.2, 3943.2, 3945.2, 3947.2, 3949.2, 3951.2, 3953.2, 3955.2, 3957.2, 3959.2, 3961.2, 3963.2, 3965.2, 3967.2, 3969.2, 3971.2, 3973.2, 3975.2, 3977.2, 3979.2, 3981.2, 3983.2, 3985.2, 3987.2, 3989.2, 3991.2, 3993.2, 3995.2, 3997.2, 3999.2, 4001.2, 4003.2, 4005.2, 4007.2, 4009.2, 4011.2, 4013.2, 4015.2, 4017.2, 4019.2, 4021.2, 4023.2, 4025.2, 4027.2, 4029.2, 4031.2, 4033.2, 4035.2, 4037.2, 4039.2, 4041.2, 4043.2, 4045.2, 4047.2, 4049.2, 4051.2, 4053.2, 4055.2, 4057.2, 4059.2, 4061.2, 4063.2, 4065.2, 4067.2, 4069.2, 4071.2, 4073.2, 4075.2, 4077.2, 4079.2, 4081.2, 4083.2, 4085.2, 4087.2, 4089.2, 4091.2, 4093.2, 4094.2
4097.2, 4099.2, 4101.2, 4103.2, 4105.2, 4107.2, 4109.2, 4111.2, 4113.2, 4115.2, 4117.2, 4119.2, 4121.2, 4123.2, 4125.2, 4127.2, 4129.2, 4131.2, 4133.2, 4135.2, 4137.2, 4139.2, 4141.2, 4143.2, 4145.2, 4147.2, 4149.2, 4151.2, 4153.2, 4155.2, 4157.2, 4159.2, 4161.2, 4163.2, 4165.2, 4167.2, 4169.2, 4171.2, 4173.2, 4175.2, 4177.2, 4179.2, 4181.2, 4183.2, 4185.2, 4187.2, 4189.2, 4191.2, 4193.2, 4195.2, 4197.2, 4199.2, 4201.2, 4203.2, 4205.2, 4207.2, 4209.2, 4211.2, 4213.2, 4215.2, 4217.2, 4219.2, 4221.2, 4223.2, 4225.2, 4227.2, 4229.2, 4231.2, 4233.2, 4235.2, 4237.2, 4239.2, 4241.2, 4243.2, 4245.2, 4247.2, 4249.2, 4251.2, 4253.2, 4255.2, 4257.2, 4259.2, 4261.2, 4263.2, 4265.2, 4267.2, 4269.2, 4271.2, 4273.2, 4275.2, 4277.2, 4279.2, 4281.2, 4283.2, 4285.2, 4287.2, 4289.2, 4291.2, 4293.2, 4295.2, 4297.2, 4299.2, 4301.2, 4303.2, 4305.2, 4307.2, 4309.2, 4311.2, 4313.2, 4315.2, 4317.2, 4319.2, 4321.2, 4323.2, 4325.2, 4327.2, 4329.2, 4331.2, 4333.2, 4335.2, 4337.2, 4339.2, 4341.2, 4343.2, 4345.2, 4347.2, 4349.2, 4350.2
4353.2, 4355.2, 4357.2, 4359.2, 4361.2, 4363.2, 4365.2, 4367.2, 4369.2, 4371.2, 4373.2, 4375.2, 4377.2, 4379.2, 4381.2, 4383.2, 4385.2, 4387.2, 4389.2, 4391.2, 4393.2, 4395.2, 4397.2, 4399.2, 4401.2, 4403.2, 4405.2, 4407.2, 4409.2, 4411.2, 4413.2, 4415.2, 4417.2, 4419.2, 4421.2, 4423.2, 4425.2, 4427.2, 4429.2, 4431.2, 4433.2, 4435.2, 4437.2, 4439.2, 4441.2, 4443.2, 4445.2, 4447.2, 4449.2, 4451.2, 4453.2, 4455.2, 4457.2, 4459.2, 4461.2, 4463.2, 4465.2, 4467.2, 4469.2, 4471.2, 4473.2, 4475.2, 4477.2, 4479.2, 4481.2, 4483.2, 4485.2, 4487.2, 4489.2, 4491.2, 4493.2, 4495.2, 4497.2, 4499.2, 4501.2, 4503.2, 4505.2, 4507.2, 4509.2, 4511.2, 4513.2, 4515.2, 4517.2, 4519.2, 4521.2, 4523.2, 4525.2, 4527.2, 4529.2, 4531.2, 4533.2, 4535.2, 4537.2, 4539.2, 4541.2, 4543.2, 4545.2, 4547.2, 4549.2, 4551.2, 4553.2, 4555.2, 4557.2, 4559.2, 4561.2, 4563.2, 4565.2, 4567.2, 4569.2, 4571.2, 4573.2, 4575.2, 4577.2, 4579.2, 4581.2, 4583.2, 4585.2, 4587.2, 4589.2, 4591.2, 4593.2, 4595.2, 4597.2, 4599.2, 4601.2, 4603.2, 4605.2, 4606.2
4609.2, 4611.2, 4613.2, 4615.2, 4617.2, 4619.2, 4621.2, 4623.2, 4625.2, 4627.2, 4629.2, 4631.2, 4633.2, 4635.2, 4637.2, 4639.2, 4641.2, 4643.2, 4645.2, 4647.2, 4649.2, 4651.2, 4653.2, 4655.2, 4657.2, 4659.2, 4661.2, 4663.2, 4665.2, 4667.2, 4669.2, 4671.2, 4673.2, 4675.2, 4677.2, 4679.2, 4681.2, 4683.2, 4685.2, 4687.2, 4689.2, 4691.2, 4693.2, 4695.2, 4697.2, 4699.2, 4701.2, 4703.2, 4705.2, 4707.2, 4709.2, 4711.2, 4713.2, 4715.2, 4717.2, 4719.2, 4721.2, 4723.2, 4725.2, 4727.2, 4729.2, 4731.2, 4733.2, 4735.2, 4737.2, 4739.2, 4741.2, 4743.2, 4745.2, 4747.2, 4749.2, 4751.2, 4753.2, 4755.2, 4757.2, 4759.2, 4761.2, 4763.2, 4765.2, 4767.2, 4769.2, 4771.2, 4773.2, 4775.2, 4777.2, 4779.2, 4781.2, 4783.2, 4785.2, 4787.2, 4789.2, 4791.2, 4793.2, 4795.2, 4797.2, 4799.2, 4801.2, 4803.2, 4805.2, 4807.2, 4809.2, 4811.2, 4813.2, 4815.2, 4817.2, 4819.2, 4821.2, 4823.2, 4825.2, 4827.2, 4829.2, 4831.2, 4833.2, 4835.2, 4837.2, 4839.2, 4841.2, 4843.2, 4845.2, 4847.2, 4849.2, 4851.2, 4853.2, 4855.2, 4857.2, 4859.2, 4861.2, 4862.2
4865.2, 4867.2, 4869.2, 4871.2, 4873.2, 4875.2, 4877.2, 4879.2, 4881.2, 4883.2, 4885.2, 4887.2, 4889.2, 4891.2, 4893.2, 4895.2, 4897.2, 4899.2, 4901.2, 4903.2, 4905.2, 4907.2, 4909.2, 4911.2, 4913.2, 4915.2, 4917.2, 4919.2, 4921.2, 4923.2, 4925.2, 4927.2, 4929.2, 4931.2, 4933.2, 4935.2, 4937.2, 4939.2, 4941.2, 4943.2, 4945.2, 4947.2, 4949.2, 4951.2, 4953.2, 4955.2, 4957.2, 4959.2, 4961.2, 4963.2, 4965.2, 4967.2, 4969.2, 4971.2, 4973.2, 4975.2, 4977.2, 4979.2, 4981.2, 4983.2, 4985.2, 4987.2, 4989.2, 4991.2, 4993.2, 4995.2, 4997.2, 4999.2, 5001.2, 5003.2, 5005.2, 5007.2, 5009.2, 5011.2, 5013.2, 5015.2, 5017.2, 5019.2, 5021.2, 5023.2, 5025.2, 5027.2, 5029.2, 5031.2, 5033.2, 5035.2, 5037.2, 5039.2, 5041.2, 5043.2, 5045.2, 5047.2, 5049.2, 5051.2, 5053.2, 5055.2, 5057.2, 5059.2, 5061.2, 5063.2, 5065.2, 5067.2, 5069.2, 5071.2, 5073.2, 5075.2, 5077.2, 5079.2, 5081.2, 5083.2, 5085.2, 5087.2, 5089.2, 5091.2, 5093.2, 5095.2, 5097.2, 5099.2, 5101.2, 5103.2, 5105.2, 5107.2, 5109.2, 5111.2, 5113.2, 5115.2, 5117.2, 5118.2
5121.2, 5123.2, 5125.2, 5127.2, 5129.2, 5131.2, 5133.2, 5135.2, 5137.2, 5139.2, 5141.2, 5143.2, 5145.2, 5147.2, 5149.2, 5151.2, 5153.2, 5155.2, 5157.2, 5159.2, 5161.2, 5163.2, 5165.2, 5167.2, 5169.2, 5171.2, 5173.2, 5175.2, 5177.2, 5179.2, 5181.2, 5183.2, 5185.2, 5187.2, 5189.2, 5191.2, 5193.2, 5195.2, 5197.2, 5199.2, 5201.2, 5203.2, 5205.2, 5207.2, 5209.2, 5211.2, 5213.2, 5215.2, 5217.2, 5219.2, 5221.2, 5223.2, 5225.2, 5227.2, 5229.2, 5231.2, 5233.2, 5235.2, 5237.2, 5239.2, 5241.2, 5243.2, 5245.2, 5247.2, 5249.2, 5251.2, 5253.2, 5255.2, 5257.2, 5259.2, 5261.2, 5263.2, 5265.2, 5267.2, 5269.2, 5271.2, 5273.2, 5275.2, 5277.2, 5279.2, 5281.2, 5283.2, 5285.2, 5287.2, 5289.2, 5291.2, 5293.2, 5295.2, 5297.2, 5299.2, 5301.2, 5303.2, 5305.2, 5307.2, 5309.2, 5311.2, 5313.2, 5315.2, 5317.2, 5319.2, 5321.2, 5323.2, 5325.2, 5327.2, 5329.2, 5331.2, 5333.2, 5335.2, 5337.2, 5339.2, 5341.2, 5343.2, 5345.2, 5347.2, 5349.2, 5351.2, 5353.2, 5355.2, 5357.2, 5359.2, 5361.2, 5363.2, 5365.2, 5367.2, 5369.2, 5371.2, 5373.2, 5374.2
5377.2, 5379.2, 5381.2, 5383.2, 5385.2, 5387.2, 5389.2, 5391.2, 5393.2, 5395.2, 5397.2, 5399.2, 5401.2, 5403.2, 5405.2, 5407.2, 5409.2, 5411.2, 5413.2, 5415.2, 5417.2, 5419.2, 5421.2, 5423.2, 5425.2, 5427.2, 5429.2, 5431.2, 5433.2, 5435.2, 5437.2, 5439.2, 5441.2, 5443.2, 5445.2, 5447.2, 5449.2, 5451.2, 5453.2, 5455.2, 5457.2, 5459.2, 5461.2, 5463.2, 5465.2, 5467.2, 5469.2, 5471.2, 5473.2, 5475.2, 5477.2, 5479.2, 5481.2, 5483.2, 5485.2, 5487.2, 5489.2, 5491.2, 5493.2, 5495.2, 5497.2, 5499.2, 5501.2, 5503.2, 5505.2, 5507.2, 5509.2, 5511.2, 5513.2, 5515.2, 5517.2, 5519.2, 5521.2, 5523.2, 5525.2, 5527.2, 5529.2, 5531.2, 5533.2, 5535.2, 5537.2, 5539.2, 5541.2, 5543.2, 5545.2, 5547.2, 5549.2, 5551.2, 5553.2, 5555.2, 5557.2, 5559.2, 5561.2, 5563.2, 5565.2, 5567.2, 5569.2, 5571.2, 5573.2, 5575.2, 5577.2, 5579.2, 5581.2, 5583.2, 5585.2, 5587.2, 5589.2, 5591.2, 5593.2, 5595.2, 5597.2, 5599.2, 5601.2, 5603.2, 5605.2, 5607.2, 5609.2, 5611.2, 5613.2, 5615.2, 5617.2, 5619.2, 5621.2, 5623.2, 5625.2, 5627.2, 5629.2, 5630.2
5633.2, 5635.2, 5637.2, 5639.2, 5641.2, 5643.2, 5645.2, 5647.2, 5649.2, 5651.2, 5653.2, 5655.2, 5657.2, 5659.2, 5661.2, 5663.2, 5665.2, 5667.2, 5669.2, 5671.2, 5673.2, 5675.2, 5677.2, 5679.2, 5681.2, 5683.2, 5685.2, 5687.2, 5689.2, 5691.2, 5693.2, 5695.2, 5697.2, 5699.2, 5701.2, 5703.2, 5705.2, 5707.2, 5709.2, 5711.2, 5713.2, 5715.2, 5717.2, 5719.2, 5721.2, 5723.2, 5725.2, 5727.2, 5729.2, 5731.2, 5733.2, 5735.2, 5737.2, 5739.2, 5741.2, 5743.2, 5745.2, 5747.2, 5749.2, 5751.2, 5753.2, 5755.2, 5757.2, 5759.2, 5761.2, 5763.2, 5765.2, 5767.2, 5769.2, 5771.2, 5773.2, 5775.2, 5777.2, 5779.2, 5781.2, 5783.2, 5785.2, 5787.2, 5789.2, 5791.2, 5793.2, 5795.2, 5797.2, 5799.2, 5801.2, 5803.2, 5805.2, 5807.2, 5809.2, 5811.2, 5813.2, 5815.2, 5817.2, 5819.2, 5821.2, 5823.2, 5825.2, 5827.2, 5829.2, 5831.2, 5833.2, 5835.2, 5837.2, 5839.2, 5841.2, 5843.2, 5845.2, 5847.2, 5849.2, 5851.2, 5853.2, 5855.2, 5857.2, 5859.2, 5861.2, 5863.2, 5865.2, 5867.2, 5869.2, 5871.2, 5873.2, 5875.2, 5877.2, 5879.2, 5881.2, 5883.2, 5885.2, 5886.2
5889.2, 5891.2, 5893.2, 5895.2, 5897.2, 5899.2, 5901.2, 5903.2, 5905.2, 5907.2, 5909.2, 5911.2, 5913.2, 5915.2, 5917.2, 5919.2, 5921.2, 5923.2, 5925.2, 5927.2, 5929.2, 5931.2, 5933.2, 5935.2, 5937.2, 5939.2, 5941.2, 5943.2, 5945.2, 5947.2, 5949.2, 5951.2, 5953.2, 5955.2, 5957.2, 5959.2, 5961.2, 5963.2, 5965.2, 5967.2, 5969.2, 5971.2, 5973.2, 5975.2, 5977.2, 5979.2, 5981.2, 5983.2, 5985.2, 5987.2, 5989.2, 5991.2, 5993.2, 5995.2, 5997.2, 5999.2, 6001.2, 6003.2, 6005.2, 6007.2, 6009.2, 6011.2, 6013.2, 6015.2, 6017.2, 6019.2, 6021.2, 6023.2, 6025.2, 6027.2, 6029.2, 6031.2, 6033.2, 6035.2, 6037.2, 6039.2, 6041.2, 6043.2, 6045.2, 6047.2, 6049.2, 6051.2, 6053.2, 6055.2, 6057.2, 6059.2, 6061.2, 6063.2, 6065.2, 6067.2, 6069.2, 6071.2, 6073.2, 6075.2, 6077.2, 6079.2, 6081.2, 6083.2, 6085.2, 6087.2, 6089.2, 6091.2, 6093.2, 6095.2, 6097.2, 6099.2, 6101.2, 6103.2, 6105.2, 6107.2, 6109.2, 6111.2, 6113.2, 6115.2, 6117.2, 6119.2, 6121.2, 6123.2, 6125.2, 6127.2, 6129.2, 6131.2, 6133.2, 6135.2, 6137.2, 6139.2, 6141.2, 6142.2
6145.2, 6147.2, 6149.2, 6151.2, 6153.2, 6155.2, 6157.2, 6159.2, 6161.2, 6163.2, 6165.2, 6167.2, 6169.2, 6171.2, 6173.2, 6175.2, 6177.2, 6179.2, 6181.2, 6183.2, 6185.2, 6187.2, 6189.2, 6191.2, 6193.2, 6195.2, 6197.2, 6199.2, 6201.2, 6203.2, 6205.2, 6207.2, 6209.2, 6211.2, 6213.2, 6215.2, 6217.2, 6219.2, 6221.2, 6223.2, 6225.2, 6227.2, 6229.2, 6231.2, 6233.2, 6235.2, 6237.2, 6239.2, 6241.2, 6243.2, 6245.2, 6247.2, 6249.2, 6251.2, 6253.2, 6255.2, 6257.2, 6259.2, 6261.2, 6263.2, 6265.2, 6267.2, 6269.2, 6271.2, 6273.2, 6275.2, 6277.2, 6279.2, 6281.2, 6283.2, 6285.2, 6287.2, 6289.2, 6291.2, 6293.2, 6295.2, 6297.2, 6299.2, 6301.2, 6303.2, 6305.2, 6307.2, 6309.2, 6311.2, 6313.2, 6315.2, 6317.2, 6319.2, 6321.2, 6323.2, 6325.2, 6327.2, 6329.2, 6331.2, 6333.2, 6335.2, 6337.2, 6339.2, 6341.2, 6343.2, 6345.2, 6347.2, 6349.2, 6351.2, 6353.2, 6355.2, 6357.2, 6359.2, 6361.2, 6363.2, 6365.2, 6367.2, 6369.2, 6371.2, 6373.2, 6375.2, 6377.2, 6379.2, 6381.2, 6383.2, 6385.2, 6387.2, 6389.2, 6391.2, 6393.2, 6395.2, 6397.2, 6398.2
6401.2, 6403.2, 6405.2, 6407.2, 6409.2, 6411.2, 6413.2, 6415.2, 6417.2, 6419.2, 6421.2, 6423.2, 6425.2, 6427.2, 6429.2, 6431.2, 6433.2, 6435.2, 6437.2, 6439.2, 6441.2, 6443.2, 6445.2, 6447.2, 6449.2, 6451.2, 6453.2, 6455.2, 6457.2, 6459.2, 6461.2, 6463.2, 6465.2, 6467.2, 6469.2, 6471.2, 6473.2, 6475.2, 6477.2, 6479.2, 6481.2, 6483.2, 6485.2, 6487.2, 6489.2, 6491.2, 6493.2, 6495.2, 6497.2, 6499.2, 6501.2, 6503.2, 6505.2, 6507.2, 6509.2, 6511.2, 6513.2, 6515.2, 6517.2, 6519.2, 6521.2, 6523.2, 6525.2, 6527.2, 6529.2, 6531.2, 6533.2, 6535.2, 6537.2, 6539.2, 6541.2, 6543.2, 6545.2, 6547.2, 6549.2, 6551.2, 6553.2, 6555.2, 6557.2, 6559.2, 6561.2, 6563.2, 6565.2, 6567.2, 6569.2, 6571.2, 6573.2, 6575.2, 6577.2, 6579.2, 6581.2, 6583.2, 6585.2, 6587.2, 6589.2, 6591.2, 6593.2, 6595.2, 6597.2, 6599.2, 6601.2, 6603.2, 6605.2, 6607.2, 6609.2, 6611.2, 6613.2, 6615.2, 6617.2, 6619.2, 6621.2, 6623.2, 6625.2, 6627.2, 6629.2, 6631.2, 6633.2, 6635.2, 6637.2, 6639.2, 6641.2, 6643.2, 6645.2, 6647.2, 6649.2, 6651.2, 6653.2, 6654.2
6657.2, 6659.2, 6661.2, 6663.2, 6665.2, 6667.2, 6669.2, 6671.2, 6673.2, 6675.2, 6677.2, 6679.2, 6681.2, 6683.2, 6685.2, 6687.2, 6689.2, 6691.2, 6693.2, 6695.2, 6697.2, 6699.2, 6701.2, 6703.2, 6705.2, 6707.2, 6709.2, 6711.2, 6713.2, 6715.2, 6717.2, 6719.2, 6721.2, 6723.2, 6725.2, 6727.2, 6729.2, 6731.2, 6733.2, 6735.2, 6737.2, 6739.2, 6741.2, 6743.2, 6745.2, 6747.2, 6749.2, 6751.2, 6753.2, 6755.2, 6757.2, 6759.2, 6761.2, 6763.2, 6765.2, 6767.2, 6769.2, 6771.2, 6773.2, 6775.2, 6777.2, 6779.2, 6781.2, 6783.2, 6785.2, 6787.2, 6789.2, 6791.2, 6793.2, 6795.2, 6797.2, 6799.2, 6801.2, 6803.2, 6805.2, 6807.2, 6809.2, 6811.2, 6813.2, 6815.2, 6817.2, 6819.2, 6821.2, 6823.2, 6825.2, 6827.2, 6829.2, 6831.2, 6833.2, 6835.2, 6837.2, 6839.2, 6841.2, 6843.2, 6845.2, 6847.2, 6849.2, 6851.2, 6853.2, 6855.2, 6857.2, 6859.2, 6861.2, 6863.2, 6865.2, 6867.2, 6869.2, 6871.2, 6873.2, 6875.2, 6877.2, 6879.2, 6881.2, 6883.2, 6885.2, 6887.2, 6889.2, 6891.2, 6893.2, 6895.2, 6897.2, 6899.2, 6901.2, 6903.2, 6905.2, 6907.2, 6909.2, 6910.2
6913.2, 6915.2, 6917.2, 6919.2, 6921.2, 6923.2, 6925.2, 6927.2, 6929.2, 6931.2, 6933.2, 6935.2, 6937.2, 6939.2, 6941.2, 6943.2, 6945.2, 6947.2, 6949.2, 6951.2, 6953.2, 6955.2, 6957.2, 6959.2, 6961.2, 6963.2, 6965.2, 6967.2, 6969.2, 6971.2, 6973.2, 6975.2, 6977.2, 6979.2, 6981.2, 6983.2, 6985.2, 6987.2, 6989.2, 6991.2, 6993.2, 6995.2, 6997.2, 6999.2, 7001.2, 7003.2, 7005.2, 7007.2, 7009.2, 7011.2, 7013.2, 7015.2, 7017.2, 7019.2, 7021.2, 7023.2, 7025.2, 7027.2, 7029.2, 7031.2, 7033.2, 7035.2, 7037.2, 7039.2, 7041.2, 7043.2, 7045.2, 7047.2, 7049.2, 7051.2, 7053.2, 7055.2, 7057.2, 7059.2, 7061.2, 7063.2, 7065.2, 7067.2, 7069.2, 7071.2, 7073.2, 7075.2, 7077.2, 7079.2, 7081.2, 7083.2, 7085.2, 7087.2, 7089.2, 7091.2, 7093.2, 7095.2, 7097.2, 7099.2, 7101.2, 7103.2, 7105.2, 7107.2, 7109.2, 7111.2, 7113.2, 7115.2, 7117.2, 7119.2, 7121.2, 7123.2, 7125.2, 7127.2, 7129.2, 7131.2, 7133.2, 7135.2, 7137.2, 7139.2, 7141.2, 7143.2, 7145.2, 7147.2, 7149.2, 7151.2, 7153.2, 7155.2, 7157.2, 7159.2, 7161.2, 7163.2, 7165.2, 7166.2
7169.2, 7171.2, 7173.2, 7175.2, 7177.2, 7179.2, 7181.2, 7183.2, 7185.2, 7187.2, 7189.2, 7191.2, 7193.2, 7195.2, 7197.2, 7199.2, 7201.2, 7203.2, 7205.2, 7207.2, 7209.2, 7211.2, 7213.2, 7215.2, 7217.2, 7219.2, 7221.2, 7223.2, 7225.2, 7227.2, 7229.2, 7231.2, 7233.2, 7235.2, 7237.2, 7239.2, 7241.2, 7243.2, 7245.2, 7247.2, 7249.2, 7251.2, 7253.2, 7255.2, 7257.2, 7259.2, 7261.2, 7263.2, 7265.2, 7267.2, 7269.2, 7271.2, 7273.2, 7275.2, 7277.2, 7279.2, 7281.2, 7283.2, 7285.2, 7287.2, 7289.2, 7291.2, 7293.2, 7295.2, 7297.2, 7299.2, 7301.2, 7303.2, 7305.2, 7307.2, 7309.2, 7311.2, 7313.2, 7315.2, 7317.2, 7319.2, 7321.2, 7323.2, 7325.2, 7327.2, 7329.2, 7331.2, 7333.2, 7335.2, 7337.2, 7339.2, 7341.2, 7343.2, 7345.2, 7347.2, 7349.2, 7351.2, 7353.2, 7355.2, 7357.2, 7359.2, 7361.2, 7363.2, 7365.2, 7367.2, 7369.2, 7371.2, 7373.2, 7375.2, 7377.2, 7379.2, 7381.2, 7383.2, 7385.2, 7387.2, 7389.2, 7391.2, 7393.2, 7395.2, 7397.2, 7399.2, 7401.2, 7403.2, 7405.2, 7407.2, 7409.2, 7411.2, 7413.2, 7415.2, 7417.2, 7419.2, 7421.2, 7422.2
7425.2, 7427.2, 7429.2, 7431.2, 7433.2, 7435.2, 7437.2, 7439.2, 7441.2, 7443.2, 7445.2, 7447.2, 7449.2, 7451.2, 7453.2, 7455.2, 7457.2, 7459.2, 7461.2, 7463.2, 7465.2, 7467.2, 7469.2, 7471.2, 7473.2, 7475.2, 7477.2, 7479.2, 7481.2, 7483.2, 7485.2, 7487.2, 7489.2, 7491.2, 7493.2, 7495.2, 7497.2, 7499.2, 7501.2, 7503.2, 7505.2, 7507.2, 7509.2, 7511.2, 7513.2, 7515.2, 7517.2, 7519.2, 7521.2, 7523.2, 7525.2, 7527.2, 7529.2, 7531.2, 7533.2, 7535.2, 7537.2, 7539.2, 7541.2, 7543.2, 7545.2, 7547.2, 7549.2, 7551.2, 7553.2, 7555.2, 7557.2, 7559.2, 7561.2, 7563.2, 7565.2, 7567.2, 7569.2, 7571.2, 7573.2, 7575.2, 7577.2, 7579.2, 7581.2, 7583.2, 7585.2, 7587.2, 7589.2, 7591.2, 7593.2, 7595.2, 7597.2, 7599.2, 7601.2, 7603.2, 7605.2, 7607.2, 7609.2, 7611.2, 7613.2, 7615.2, 7617.2, 7619.2, 7621.2, 7623.2, 7625.2, 7627.2, 7629.2, 7631.2, 7633.2, 7635.2, 7637.2, 7639.2, 7641.2, 7643.2, 7645.2, 7647.2, 7649.2, 7651.2, 7653.2, 7655.2, 7657.2, 7659.2, 7661.2, 7663.2, 7665.2, 7667.2, 7669.2, 7671.2, 7673.2, 7675.2, 7677.2, 7678.2
7681.2, 7683.2, 7685.2, 7687.2, 7689.2, 7691.2, 7693.2, 7695.2, 7697.2, 7699.2, 7701.2, 7703.2, 7705.2, 7707.2, 7709.2, 7711.2, 7713.2, 7715.2, 7717.2, 7719.2, 7721.2, 7723.2, 7725.2, 7727.2, 7729.2, 7731.2, 7733.2, 7735.2, 7737.2, 7739.2, 7741.2, 7743.2, 7745.2, 7747.2, 7749.2, 7751.2, 7753.2, 7755.2, 7757.2, 7759.2, 7761.2, 7763.2, 7765.2, 7767.2, 7769.2, 7771.2, 7773.2, 7775.2, 7777.2, 7779.2, 7781.2, 7783.2, 7785.2, 7787.2, 7789.2, 7791.2, 7793.2, 7795.2, 7797.2, 7799.2, 7801.2, 7803.2, 7805.2, 7807.2, 7809.2, 7811.2, 7813.2, 7815.2, 7817.2, 7819.2, 7821.2, 7823.2, 7825.2, 7827.2, 7829.2, 7831.2, 7833.2, 7835.2, 7837.2, 7839.2, 7841.2, 7843.2, 7845.2, 7847.2, 7849.2, 7851.2, 7853.2, 7855.2, 7857.2, 7859.2, 7861.2, 7863.2, 7865.2, 7867.2, 7869.2, 7871.2, 7873.2, 7875.2, 7877.2, 7879.2, 7881.2, 7883.2, 7885.2, 7887.2, 7889.2, 7891.2, 7893.2, 7895.2, 7897.2, 7899.2, 7901.2, 7903.2, 7905.2, 7907.2, 7909.2, 7911.2, 7913.2, 7915.2, 7917.2, 7919.2, 7921.2, 7923.2, 7925.2, 7927.2, 7929.2, 7931.2, 7933.2, 7934.2
7937.2, 7939.2, 7941.2, 7943.2, 7945.2, 7947.2, 7949.2, 7951.2, 7953.2, 7955.2, 7957.2, 7959.2, 7961.2, 7963.2, 7965.2, 7967.2, 7969.2, 7971.2, 7973.2, 7975.2, 7977.2, 7979.2, 7981.2, 7983.2, 7985.2, 7987.2, 7989.2, 7991.2, 7993.2, 7995.2, 7997.2, 7999.2, 8001.2, 8003.2, 8005.2, 8007.2, 8009.2, 8011.2, 8013.2, 8015.2, 8017.2, 8019.2, 8021.2, 8023.2, 8025.2, 8027.2, 8029.2, 8031.2, 8033.2, 8035.2, 8037.2, 8039.2, 8041.2, 8043.2, 8045.2, 8047.2, 8049.2, 8051.2, 8053.2, 8055.2, 8057.2, 8059.2, 8061.2, 8063.2, 8065.2, 8067.2, 8069.2, 8071.2, 8073.2, 8075.2, 8077.2, 8079.2, 8081.2, 8083.2, 8085.2, 8087.2, 8089.2, 8091.2, 8093.2, 8095.2, 8097.2, 8099.2, 8101.2, 8103.2, 8105.2, 8107.2, 8109.2, 8111.2, 8113.2, 8115.2, 8117.2, 8119.2, 8121.2, 8123.2, 8125.2, 8127.2, 8129.2, 8131.2, 8133.2, 8135.2, 8137.2, 8139.2, 8141.2, 8143.2, 8145.2, 8147.2, 8149.2, 8151.2, 8153.2, 8155.2, 8157.2, 8159.2, 8161.2, 8163.2, 8165.2, 8167.2, 8169.2, 8171.2, 8173.2, 8175.2, 8177.2, 8179.2, 8181.2, 8183.2, 8185.2, 8187.2, 8189.2, 8190.2
8193.2, 8195.2, 8197.2, 8199.2, 8201.2, 8203.2, 8205.2, 8207.2, 8209.2, 8211.2, 8213.2, 8215.2, 8217.2, 8219.2, 8221.2, 8223.2, 8225.2, 8227.2, 8229.2, 8231.2, 8233.2, 8235.2, 8237.2, 8239.2, 8241.2, 8243.2, 8245.2, 8247.2, 8249.2, 8251.2, 8253.2, 8255.2, 8257.2, 8259.2, 8261.2, 8263.2, 8265.2, 8267.2, 8269.2, 8271.2, 8273.2, 8275.2, 8277.2, 8279.2, 8281.2, 8283.2, 8285.2, 8287.2, 8289.2, 8291.2, 8293.2, 8295.2, 8297.2, 8299.2, 8301.2, 8303.2, 8305.2, 8307.2, 8309.2, 8311.2, 8313.2, 8315.2, 8317.2, 8319.2, 8321.2, 8323.2, 8325.2, 8327.2, 8329.2, 8331.2, 8333.2, 8335.2, 8337.2, 8339.2, 8341.2, 8343.2, 8345.2, 8347.2, 8349.2, 8351.2, 8353.2, 8355.2, 8357.2, 8359.2, 8361.2, 8363.2, 8365.2, 8367.2, 8369.2, 8371.2, 8373.2, 8375.2, 8377.2, 8379.2, 8381.2, 8383.2, 8385.2, 8387.2, 8389.2, 8391.2, 8393.2, 8395.2, 8397.2, 8399.2, 8401.2, 8403.2, 8405.2, 8407.2, 8409.2, 8411.2, 8413.2, 8415.2, 8417.2, 8419.2, 8421.2, 8423.2, 8425.2, 8427.2, 8429.2, 8431.2, 8433.2, 8435.2, 8437.2, 8439.2, 8441.2, 8443.2, 8445.2, 8446.2
8449.2, 8451.2, 8453.2, 8455.2, 8457.2, 8459.2, 8461.2, 8463.2, 8465.2, 8467.2, 8469.2, 8471.2, 8473.2, 8475.2, 8477.2, 8479.2, 8481.2, 8483.2, 8485.2, 8487.2, 8489.2, 8491.2, 8493.2, 8495.2, 8497.2, 8499.2, 8501.2, 8503.2, 8505.2, 8507.2, 8509.2, 8511.2, 8513.2, 8515.2, 8517.2, 8519.2, 8521.2, 8523.2, 8525.2, 8527.2, 8529.2, 8531.2, 8533.2, 8535.2, 8537.2, 8539.2, 8541.2, 8543.2, 8545.2, 8547.2, 8549.2, 8551.2, 8553.2, 8555.2, 8557.2, 8559.2, 8561.2, 8563.2, 8565.2, 8567.2, 8569.2, 8571.2, 8573.2, 8575.2, 8577.2, 8579.2, 8581.2, 8583.2, 8585.2, 8587.2, 8589.2, 8591.2, 8593.2, 8595.2, 8597.2, 8599.2, 8601.2, 8603.2, 8605.2, 8607.2, 8609.2, 8611.2, 8613.2, 8615.2, 8617.2, 8619.2, 8621.2, 8623.2, 8625.2, 8627.2, 8629.2, 8631.2, 8633.2, 8635.2, 8637.2, 8639.2, 8641.2, 8643.2, 8645.2, 8647.2, 8649.2, 8651.2, 8653.2, 8655.2, 8657.2, 8659.2, 8661.2, 8663.2, 8665.2, 8667.2, 8669.2, 8671.2, 8673.2, 8675.2, 8677.2, 8679.2, 8681.2, 8683.2, 8685.2, 8687.2, 8689.2, 8691.2, 8693.2, 8695.2, 8697.2, 8699.2, 8701.2, 8702.2
8705.2, 8707.2, 8709.2, 8711.2, 8713.2, 8715.2, 8717.2, 8719.2, 8721.2, 8723.2, 8725.2, 8727.2, 8729.2, 8731.2, 8733.2, 8735.2, 8737.2, 8739.2, 8741.2, 8743.2, 8745.2, 8747.2, 8749.2, 8751.2, 8753.2, 8755.2, 8757.2, 8759.2, 8761.2, 8763.2, 8765.2, 8767.2, 8769.2, 8771.2, 8773.2, 8775.2, 8777.2, 8779.2, 8781.2, 8783.2, 8785.2, 8787.2, 8789.2, 8791.2, 8793.2, 8795.2, 8797.2, 8799.2, 8801.2, 8803.2, 8805.2, 8807.2, 8809.2, 8811.2, 8813.2, 8815.2, 8817.2, 8819.2, 8821.2, 8823.2, 8825.2, 8827.2, 8829.2, 8831.2, 8833.2, 8835.2, 8837.2, 8839.2, 8841.2, 8843.2, 8845.2, 8847.2, 8849.2, 8851.2, 8853.2, 8855.2, 8857.2, 8859.2, 8861.2, 8863.2, 8865.2, 8867.2, 8869.2, 8871.2, 8873.2, 8875.2, 8877.2, 8879.2, 8881.2, 8883.2, 8885.2, 8887.2, 8889.2, 8891.2, 8893.2, 8895.2, 8897.2, 8899.2, 8901.2, 8903.2, 8905.2, 8907.2, 8909.2, 8911.2, 8913.2, 8915.2, 8917.2, 8919.2, 8921.2, 8923.2, 8925.2, 8927.2, 8929.2, 8931.2, 8933.2, 8935.2, 8937.2, 8939.2, 8941.2, 8943.2, 8945.2, 8947.2, 8949.2, 8951.2, 8953.2, 8955.2, 8957.2, 8958.2
8961.2, 8963.2, 8965.2, 8967.2, 8969.2, 8971.2, 8973.2, 8975.2, 8977.2, 8979.2, 8981.2, 8983.2, 8985.2, 8987.2, 8989.2, 8991.2, 8993.2, 8995.2, 8997.2, 8999.2, 9001.2, 9003.2, 9005.2, 9007.2, 9009.2, 9011.2, 9013.2, 9015.2, 9017.2, 9019.2, 9021.2, 9023.2, 9025.2, 9027.2, 9029.2, 9031.2, 9033.2, 9035.2, 9037.2, 9039.2, 9041.2, 9043.2, 9045.2, 9047.2, 9049.2, 9051.2, 9053.2, 9055.2, 9057.2, 9059.2, 9061.2, 9063.2, 9065.2, 9067.2, 9069.2, 9071.2, 9073.2, 9075.2, 9077.2, 9079.2, 9081.2, 9083.2, 9085.2, 9087.2, 9089.2, 9091.2, 9093.2, 9095.2, 9097.2, 9099.2, 9101.2, 9103.2, 9105.2, 9107.2, 9109.2, 9111.2, 9113.2, 9115.2, 9117.2, 9119.2, 9121.2, 9123.2, 9125.2, 9127.2, 9129.2, 9131.2, 9133.2, 9135.2, 9137.2, 9139.2, 9141.2, 9143.2, 9145.2, 9147.2, 9149.2, 9151.2, 9153.2, 9155.2, 9157.2, 9159.2, 9161.2, 9163.2, 9165.2, 9167.2, 9169.2, 9171.2, 9173.2, 9175.2, 9177.2, 9179.2, 9181.2, 9183.2, 9185.2, 9187.2, 9189.2, 9191.2, 9193.2, 9195.2, 9197.2, 9199.2, 9201.2, 9203.2, 9205.2, 9207.2, 9209.2, 9211.2, 9213.2, 9214.2
9217.2, 9219.2, 9221.2, 9223.2, 9225.2, 9227.2, 9229.2, 9231.2, 9233.2, 9235.2, 9237.2, 9239.2, 9241.2, 9243.2, 9245.2, 9247.2, 9249.2, 9251.2, 9253.2, 9255.2, 9257.2, 9259.2, 9261.2, 9263.2, 9265.2, 9267.2, 9269.2, 9271.2, 9273.2, 9275.2, 9277.2, 9279.2, 9281.2, 9283.2, 9285.2, 9287.2, 9289.2, 9291.2, 9293.2, 9295.2, 9297.2, 9299.2, 9301.2, 9303.2, 9305.2, 9307.2, 9309.2, 9311.2, 9313.2, 9315.2, 9317.2, 9319.2, 9321.2, 9323.2, 9325.2, 9327.2, 9329.2, 9331.2, 9333.2, 9335.2, 9337.2, 9339.2, 9341.2, 9343.2, 9345.2, 9347.2, 9349.2, 9351.2, 9353.2, 9355.2, 9357.2, 9359.2, 9361.2, 9363.2, 9365.2, 9367.2, 9369.2, 9371.2, 9373.2, 9375.2, 9377.2, 9379.2, 9381.2, 9383.2, 9385.2, 9387.2, 9389.2, 9391.2, 9393.2, 9395.2, 9397.2, 9399.2, 9401.2, 9403.2, 9405.2, 9407.2, 9409.2, 9411.2, 9413.2, 9415.2, 9417.2, 9419.2, 9421.2, 9423.2, 9425.2, 9427.2, 9429.2, 9431.2, 9433.2, 9435.2, 9437.2, 9439.2, 9441.2, 9443.2, 9445.2, 9447.2, 9449.2, 9451.2, 9453.2, 9455.2, 9457.2, 9459.2, 9461.2, 9463.2, 9465.2, 9467.2, 9469.2, 9470.2
9473.2, 9475.2, 9477.2, 9479.2, 9481.2, 9483.2, 9485.2, 9487.2, 9489.2, 9491.2, 9493.2, 9495.2, 9497.2, 9499.2, 9501.2, 9503.2, 9505.2, 9507.2, 9509.2, 9511.2, 9513.2, 9515.2, 9517.2, 9519.2, 9521.2, 9523.2, 9525.2, 9527.2, 9529.2, 9531.2, 9533.2, 9535.2, 9537.2, 9539.2, 9541.2, 9543.2, 9545.2, 9547.2, 9549.2, 9551.2, 9553.2, 9555.2, 9557.2, 9559.2, 9561.2, 9563.2, 9565.2, 9567.2, 9569.2, 9571.2, 9573.2, 9575.2, 9577.2, 9579.2, 9581.2, 9583.2, 9585.2, 9587.2, 9589.2, 9591.2, 9593.2, 9595.2, 9597.2, 9599.2, 9601.2, 9603.2, 9605.2, 9607.2, 9609.2, 9611.2, 9613.2, 9615.2, 9617.2, 9619.2, 9621.2, 9623.2, 9625.2, 9627.2, 9629.2, 9631.2, 9633.2, 9635.2, 9637.2, 9639.2, 9641.2, 9643.2, 9645.2, 9647.2, 9649.2, 9651.2, 9653.2, 9655.2, 9657.2, 9659.2, 9661.2, 9663.2, 9665.2, 9667.2, 9669.2, 9671.2, 9673.2, 9675.2, 9677.2, 9679.2, 9681.2, 9683.2, 9685.2, 9687.2, 9689.2, 9691.2, 9693.2, 9695.2, 9697.2, 9699.2, 9701.2, 9703.2, 9705.2, 9707.2, 9709.2, 9711.2, 9713.2, 9715.2, 9717.2, 9719.2, 9721.2, 9723.2, 9725.2, 9726.2
9729.2, 9731.2, 9733.2, 9735.2, 9737.2, 9739.2, 9741.2, 9743.2, 9745.2, 9747.2, 9749.2, 9751.2, 9753.2, 9755.2, 9757.2, 9759.2, 9761.2, 9763.2, 9765.2, 9767.2, 9769.2, 9771.2, 9773.2, 9775.2, 9777.2, 9779.2, 9781.2, 9783.2, 9785.2, 9787.2, 9789.2, 9791.2, 9793.2, 9795.2, 9797.2, 9799.2, 9801.2, 9803.2, 9805.2, 9807.2, 9809.2, 9811.2, 9813.2, 9815.2, 9817.2, 9819.2, 9821.2, 9823.2, 9825.2, 9827.2, 9829.2, 9831.2, 9833.2, 9835.2, 9837.2, 9839.2, 9841.2, 9843.2, 9845.2, 9847.2, 9849.2, 9851.2, 9853.2, 9855.2, 9857.2, 9859.2, 9861.2, 9863.2, 9865.2, 9867.2, 9869.2, 9871.2, 9873.2, 9875.2, 9877.2, 9879.2, 9881.2, 9883.2, 9885.2, 9887.2, 9889.2, 9891.2, 9893.2, 9895.2, 9897.2, 9899.2, 9901.2, 9903.2, 9905.2, 9907.2, 9909.2, 9911.2, 9913.2, 9915.2, 9917.2, 9919.2, 9921.2, 9923.2, 9925.2, 9927.2, 9929.2, 9931.2, 9933.2, 9935.2, 9937.2, 9939.2, 9941.2, 9943.2, 9945.2, 9947.2, 9949.2, 9951.2, 9953.2, 9955.2, 9957.2, 9959.2, 9961.2, 9963.2, 9965.2, 9967.2, 9969.2, 9971.2, 9973.2, 9975.2, 9977.2, 9979.2, 9981.2, 9982.2
9985.2, 9987.2, 9989.2, 9991.2, 9993.2, 9995.2, 9997.2, 9999.2, 10001.2, 10003.2, 10005.2, 10007.2, 10009.2, 10011.2, 10013.2, 10015.2, 10017.2, 10019.2, 10021.2, 10023.2, 10025.2, 10027.2, 10029.2, 10031.2, 10033.2, 10035.2, 10037.2, 10039.2, 10041.2, 10043.2, 10045.2, 10047.2, 10049.2, 10051.2, 10053.2, 10055.2, 10057.2, 10059.2, 10061.2, 10063.2, 10065.2, 10067.2, 10069.2, 10071.2, 10073.2, 10075.2, 10077.2, 10079.2, 10081.2, 10083.2, 10085.2, 10087.2, 10089.2, 10091.2, 10093.2, 10095.2, 10097.2, 10099.2, 10101.2, 10103.2, 10105.2, 10107.2, 10109.2, 10111.2, 10113.2, 10115.2, 10117.2, 10119.2, 10121.2, 10123.2, 10125.2, 10127.2, 10129.2, 10131.2, 10133.2, 10135.2, 10137.2, 10139.2, 10141.2, 10143.2, 10145.2, 10147.2, 10149.2, 10151.2, 10153.2, 10155.2, 10157.2, 10159.2, 10161.2, 10163.2, 10165.2, 10167.2, 10169.2, 10171.2, 10173.2, 10175.2, 10177.2, 10179.2, 10181.2, 10183.2, 10185.2, 10187.2, 10189.2, 10191.2, 10193.2, 10195.2, 10197.2, 10199.2, 10201.2, 10203.2, 10205.2, 10207.2, 10209.2, 10211.2, 10213.2, 10215.2, 10217.2, 10219.2, 10221.2, 10223.2, 10225.2, 10227.2, 10229.2, 10231.2, 10233.2, 10235.2, 10237.2, 10238.2
10241.2, 10243.2, 10245.2, 10247.2, 10249.2, 10251.2, 10253.2, 10255.2, 10257.2, 10259.2, 10261.2, 10263.2, 10265.2, 10267.2, 10269.2, 10271.2, 10273.2, 10275.2, 10277.2, 10279.2, 10281.2, 10283.2, 10285.2, 10287.2, 10289.2, 10291.2, 10293.2, 10295.2, 10297.2, 10299.2, 10301.2, 10303.2, 10305.2, 10307.2, 10309.2, 10311.2, 10313.2, 10315.2, 10317.2, 10319.2, 10321.2, 10323.2, 10325.2, 10327.2, 10329.2, 10331.2, 10333.2, 10335.2, 10337.2, 10339.2, 10341.2, 10343.2, 10345.2, 10347.2, 10349.2, 10351.2, 10353.2, 10355.2, 10357.2, 10359.2, 10361.2, 10363.2, 10365.2, 10367.2, 10369.2, 10371.2, 10373.2, 10375.2, 10377.2, 10379.2, 10381.2, 10383.2, 10385.2, 10387.2, 10389.2, 10391.2, 10393.2, 10395.2, 10397.2, 10399.2, 10401.2, 10403.2, 10405.2, 10407.2, 10409.2, 10411.2, 10413.2, 10415.2, 10417.2, 10419.2, 10421.2, 10423.2, 10425.2, 10427.2, 10429.2, 10431.2, 10433.2, 10435.2, 10437.2, 10439.2, 10441.2, 10443.2, 10445.2, 10447.2, 10449.2, 10451.2, 10453.2, 10455.2, 10457.2, 10459.2, 10461.2, 10463.2, 10465.2, 10467.2, 10469.2, 10471.2, 10473.2, 10475.2, 10477.2, 10479.2, 10481.2, 10483.2, 10485.2, 10487.2, 10489.2, 10491.2, 10493.2, 10494.2
10497.2, 10499.2, 10501.2, 10503.2, 10505.2, 10507.2, 10509.2, 10511.2, 10513.2, 10515.2, 10517.2, 10519.2, 10521.2, 10523.2, 10525.2, 10527.2, 10529.2, 10531.2, 10533.2, 10535.2, 10537.2, 10539.2, 10541.2, 10543.2, 10545.2, 10547.2, 10549.2, 10551.2, 10553.2, 10555.2, 10557.2, 10559.2, 10561.2, 10563.2, 10565.2, 10567.2, 10569.2, 10571.2, 10573.2, 10575.2, 10577.2, 10579.2, 10581.2, 10583.2, 10585.2, 10587.2, 10589.2, 10591.2, 10593.2, 10595.2, 10597.2, 10599.2, 10601.2, 10603.2, 10605.2, 10607.2, 10609.2, 10611.2, 10613.2, 10615.2, 10617.2, 10619.2, 10621.2, 10623.2, 10625.2, 10627.2, 10629.2, 10631.2, 10633.2, 10635.2, 10637.2, 10639.2, 10641.2, 10643.2, 10645.2, 10647.2, 10649.2, 10651.2, 10653.2, 10655.2, 10657.2, 10659.2, 10661.2, 10663.2, 10665.2, 10667.2, 10669.2, 10671.2, 10673.2, 10675.2, 10677.2, 10679.2, 10681.2, 10683.2, 10685.2, 10687.2, 10689.2, 10691.2, 10693.2, 10695.2, 10697.2, 10699.2, 10701.2, 10703.2, 10705.2, 10707.2, 10709.2, 10711.2, 10713.2, 10715.2, 10717.2, 10719.2, 10721.2, 10723.2, 10725.2, 10727.2, 10729.2, 10731.2, 10733.2, 10735.2, 10737.2, 10739.2, 10741.2, 10743.2, 10745.2, 10747.2, 10749.2, 10750.2
10753.2, 10755.2, 10757.2, 10759.2, 10761.2, 10763.2, 10765.2, 10767.2, 10769.2, 10771.2, 10773.2, 10775.2, 10777.2, 10779.2, 10781.2, 10783.2, 10785.2, 10787.2, 10789.2, 10791.2, 10793.2, 10795.2, 10797.2, 10799.2, 10801.2, 10803.2, 10805.2, 10807.2, 10809.2, 10811.2, 10813.2, 10815.2, 10817.2, 10819.2, 10821.2, 10823.2, 10825.2, 10827.2, 10829.2, 10831.2, 10833.2, 10835.2, 10837.2, 10839.2, 10841.2, 10843.2, 10845.2, 10847.2, 10849.2, 10851.2, 10853.2, 10855.2, 10857.2, 10859.2, 10861.2, 10863.2, 10865.2, 10867.2, 10869.2, 10871.2, 10873.2, 10875.2, 10877.2, 10879.2, 10881.2, 10883.2, 10885.2, 10887.2, 10889.2, 10891.2, 10893.2, 10895.2, 10897.2, 10899.2, 10901.2, 10903.2, 10905.2, 10907.2, 10909.2, 10911.2, 10913.2, 10915.2, 10917.2, 10919.2, 10921.2, 10923.2, 10925.2, 10927.2, 10929.2, 10931.2, 10933.2, 10935.2, 10937.2, 10939.2, 10941.2, 10943.2, 10945.2, 10947.2, 10949.2, 10951.2, 10953.2, 10955.2, 10957.2, 10959.2, 10961.2, 10963.2, 10965.2, 10967.2, 10969.2, 10971.2, 10973.2, 10975.2, 10977.2, 10979.2, 10981.2, 10983.2, 10985.2, 10987.2, 10989.2, 10991.2, 10993.2, 10995.2, 10997.2, 10999.2, 11001.2, 11003.2, 11005.2, 11006.2
11009.2, 11011.2, 11013.2, 11015.2, 11017.2, 11019.2, 11021.2, 11023.2, 11025.2, 11027.2, 11029.2, 11031.2, 11033.2, 11035.2, 11037.2, 11039.2, 11041.2, 11043.2, 11045.2, 11047.2, 11049.2, 11051.2, 11053.2, 11055.2, 11057.2, 11059.2, 11061.2, 11063.2, 11065.2, 11067.2, 11069.2, 11071.2, 11073.2, 11075.2, 11077.2, 11079.2, 11081.2, 11083.2, 11085.2, 11087.2, 11089.2, 11091.2, 11093.2, 11095.2, 11097.2, 11099.2, 11101.2, 11103.2, 11105.2, 11107.2, 11109.2, 11111.2, 11113.2, 11115.2, 11117.2, 11119.2, 11121.2, 11123.2, 11125.2, 11127.2, 11129.2, 11131.2, 11133.2, 11135.2, 11137.2, 11139.2, 11141.2, 11143.2, 11145.2, 11147.2, 11149.2, 11151.2, 11153.2, 11155.2, 11157.2, 11159.2, 11161.2, 11163.2, 11165.2, 11167.2, 11169.2, 11171.2, 11173.2, 11175.2, 11177.2, 11179.2, 11181.2, 11183.2, 11185.2, 11187.2, 11189.2, 11191.2, 11193.2, 11195.2, 11197.2, 11199.2, 11201.2, 11203.2, 11205.2, 11207.2, 11209.2, 11211.2, 11213.2, 11215.2, 11217.2, 11219.2, 11221.2, 11223.2, 11225.2, 11227.2, 11229.2, 11231.2, 11233.2, 11235.2, 11237.2, 11239.2, 11241.2, 11243.2, 11245.2, 11247.2, 11249.2, 11251.2, 11253.2, 11255.2, 11257.2, 11259.2, 11261.2, 11262.2
11265.2, 11267.2, 11269.2, 11271.2, 11273.2, 11275.2, 11277.2, 11279.2, 11281.2, 11283.2, 11285.2, 11287.2, 11289.2, 11291.2, 11293.2, 11295.2, 11297.2, 11299.2, 11301.2, 11303.2, 11305.2, 11307.2, 11309.2, 11311.2, 11313.2, 11315.2, 11317.2, 11319.2, 11321.2, 11323.2, 11325.2, 11327.2, 11329.2, 11331.2, 11333.2, 11335.2, 11337.2, 11339.2, 11341.2, 11343.2, 11345.2, 11347.2, 11349.2, 11351.2, 11353.2, 11355.2, 11357.2, 11359.2, 11361.2, 11363.2, 11365.2, 11367.2, 11369.2, 11371.2, 11373.2, 11375.2, 11377.2, 11379.2, 11381.2, 11383.2, 11385.2, 11387.2, 11389.2, 11391.2, 11393.2, 11395.2, 11397.2, 11399.2, 11401.2, 11403.2, 11405.2, 11407.2, 11409.2, 11411.2, 11413.2, 11415.2, 11417.2, 11419.2, 11421.2, 11423.2, 11425.2, 11427.2, 11429.2, 11431.2, 11433.2, 11435.2, 11437.2, 11439.2, 11441.2, 11443.2, 11445.2, 11447.2, 11449.2, 11451.2, 11453.2, 11455.2, 11457.2, 11459.2, 11461.2, 11463.2, 11465.2, 11467.2, 11469.2, 11471.2, 11473.2, 11475.2, 11477.2, 11479.2, 11481.2, 11483.2, 11485.2, 11487.2, 11489.2, 11491.2, 11493.2, 11495.2, 11497.2, 11499.2, 11501.2, 11503.2, 11505.2, 11507.2, 11509.2, 11511.2, 11513.2, 11515.2, 11517.2, 11518.2
11521.2, 11523.2, 11525.2, 11527.2, 11529.2, 11531.2, 11533.2, 11535.2, 11537.2, 11539.2, 11541.2, 11543.2, 11545.2, 11547.2, 11549.2, 11551.2, 11553.2, 11555.2, 11557.2, 11559.2, 11561.2, 11563.2, 11565.2, 11567.2, 11569.2, 11571.2, 11573.2, 11575.2, 11577.2, 11579.2, 11581.2, 11583.2, 11585.2, 11587.2, 11589.2, 11591.2, 11593.2, 11595.2, 11597.2, 11599.2, 11601.2, 11603.2, 11605.2, 11607.2, 11609.2, 11611.2, 11613.2, 11615.2, 11617.2, 11619.2, 11621.2, 11623.2, 11625.2, 11627.2, 11629.2, 11631.2, 11633.2, 11635.2, 11637.2, 11639.2, 11641.2, 11643.2, 11645.2, 11647.2, 11649.2, 11651.2, 11653.2, 11655.2, 11657.2, 11659.2, 11661.2, 11663.2, 11665.2, 11667.2, 11669.2, 11671.2, 11673.2, 11675.2, 11677.2, 11679.2, 11681.2, 11683.2, 11685.2, 11687.2, 11689.2, 11691.2, 11693.2, 11695.2, 11697.2, 11699.2, 11701.2, 11703.2, 11705.2, 11707.2, 11709.2, 11711.2, 11713.2, 11715.2, 11717.2, 11719.2, 11721.2, 11723.2, 11725.2, 11727.2, 11729.2, 11731.2, 11733.2, 11735.2, 11737.2, 11739.2, 11741.2, 11743.2, 11745.2, 11747.2, 11749.2, 11751.2, 11753.2, 11755.2, 11757.2, 11759.2, 11761.2, 11763.2, 11765.2, 11767.2, 11769.2, 11771.2, 11773.2, 11774.2
11777.2, 11779.2, 11781.2, 11783.2, 11785.2, 11787.2, 11789.2, 11791.2, 11793.2, 11795.2, 11797.2, 11799.2, 11801.2, 11803.2, 11805.2, 11807.2, 11809.2, 11811.2, 11813.2, 11815.2, 11817.2, 11819.2, 11821.2, 11823.2, 11825.2, 11827.2, 11829.2, 11831.2, 11833.2, 11835.2, 11837.2, 11839.2, 11841.2, 11843.2, 11845.2, 11847.2, 11849.2, 11851.2, 11853.2, 11855.2, 11857.2, 11859.2, 11861.2, 11863.2, 11865.2, 11867.2, 11869.2, 11871.2, 11873.2, 11875.2, 11877.2, 11879.2, 11881.2, 11883.2, 11885.2, 11887.2, 11889.2, 11891.2, 11893.2, 11895.2, 11897.2, 11899.2, 11901.2, 11903.2, 11905.2, 11907.2, 11909.2, 11911.2, 11913.2, 11915.2, 11917.2, 11919.2, 11921.2, 11923.2, 11925.2, 11927.2, 11929.2, 11931.2, 11933.2, 11935.2, 11937.2, 11939.2, 11941.2, 11943.2, 11945.2, 11947.2, 11949.2, 11951.2, 11953.2, 11955.2, 11957.2, 11959.2, 11961.2, 11963.2, 11965.2, 11967.2, 11969.2, 11971.2, 11973.2, 11975.2, 11977.2, 11979.2, 11981.2, 11983.2, 11985.2, 11987.2, 11989.2, 11991.2, 11993.2, 11995.2, 11997.2, 11999.2, 12001.2, 12003.2, 12005.2, 12007.2, 12009.2, 12011.2, 12013.2, 12015.2, 12017.2, 12019.2, 12021.2, 12023.2, 12025.2, 12027.2, 12029.2, 12030.2
12033.2, 12035.2, 12037.2, 12039.2, 12041.2, 12043.2, 12045.2, 12047.2, 12049.2, 12051.2, 12053.2, 12055.2, 12057.2, 12059.2, 12061.2, 12063.2, 12065.2, 12067.2, 12069.2, 12071.2, 12073.2, 12075.2, 12077.2, 12079.2, 12081.2, 12083.2, 12085.2, 12087.2, 12089.2, 12091.2, 12093.2, 12095.2, 12097.2, 12099.2, 12101.2, 12103.2, 12105.2, 12107.2, 12109.2, 12111.2, 12113.2, 12115.2, 12117.2, 12119.2, 12121.2, 12123.2, 12125.2, 12127.2, 12129.2, 12131.2, 12133.2, 12135.2, 12137.2, 12139.2, 12141.2, 12143.2, 12145.2, 12147.2, 12149.2, 12151.2, 12153.2, 12155.2, 12157.2, 12159.2, 12161.2, 12163.2, 12165.2, 12167.2, 12169.2, 12171.2, 12173.2, 12175.2, 12177.2, 12179.2, 12181.2, 12183.2, 12185.2, 12187.2, 12189.2, 12191.2, 12193.2, 12195.2, 12197.2, 12199.2, 12201.2, 12203.2, 12205.2, 12207.2, 12209.2, 12211.2, 12213.2, 12215.2, 12217.2, 12219.2, 12221.2, 12223.2, 12225.2, 12227.2, 12229.2, 12231.2, 12233.2, 12235.2, 12237.2, 12239.2, 12241.2, 12243.2, 12245.2, 12247.2, 12249.2, 12251.2, 12253.2, 12255.2, 12257.2, 12259.2, 12261.2, 12263.2, 12265.2, 12267.2, 12269.2, 12271.2, 12273.2, 12275.2, 12277.2, 12279.2, 12281.2, 12283.2, 12285.2, 12286.2
12289.2, 12291.2, 12293.2, 12295.2, 12297.2, 12299.2, 12301.2, 12303.2, 12305.2, 12307.2, 12309.2, 12311.2, 12313.2, 12315.2, 12317.2, 12319.2, 12321.2, 12323.2, 12325.2, 12327.2, 12329.2, 12331.2, 12333.2, 12335.2, 12337.2, 12339.2, 12341.2, 12343.2, 12345.2, 12347.2, 12349.2, 12351.2, 12353.2, 12355.2, 12357.2, 12359.2, 12361.2, 12363.2, 12365.2, 12367.2, 12369.2, 12371.2, 12373.2, 12375.2, 12377.2, 12379.2, 12381.2, 12383.2, 12385.2, 12387.2, 12389.2, 12391.2, 12393.2, 12395.2, 12397.2, 12399.2, 12401.2, 12403.2, 12405.2, 12407.2, 12409.2, 12411.2, 12413.2, 12415.2, 12417.2, 12419.2, 12421.2, 12423.2, 12425.2, 12427.2, 12429.2, 12431.2, 12433.2, 12435.2, 12437.2, 12439.2, 12441.2, 12443.2, 12445.2, 12447.2, 12449.2, 12451.2, 12453.2, 12455.2, 12457.2, 12459.2, 12461.2, 12463.2, 12465.2, 12467.2, 12469.2, 12471.2, 12473.2, 12475.2, 12477.2, 12479.2, 12481.2, 12483.2, 12485.2, 12487.2, 12489.2, 12491.2, 12493.2, 12495.2, 12497.2, 12499.2, 12501.2, 12503.2, 12505.2, 12507.2, 12509.2, 12511.2, 12513.2, 12515.2, 12517.2, 12519.2, 12521.2, 12523.2, 12525.2, 12527.2, 12529.2, 12531.2, 12533.2, 12535.2, 12537.2, 12539.2, 12541.2, 12542.2
12545.2, 12547.2, 12549.2, 12551.2, 12553.2, 12555.2, 12557.2, 12559.2, 12561.2, 12563.2, 12565.2, 12567.2, 12569.2, 12571.2, 12573.2, 12575.2, 12577.2, 12579.2, 12581.2, 12583.2, 12585.2, 12587.2, 12589.2, 12591.2, 12593.2, 12595.2, 12597.2, 12599.2, 12601.2, 12603.2, 12605.2, 12607.2, 12609.2, 12611.2, 12613.2, 12615.2, 12617.2, 12619.2, 12621.2, 12623.2, 12625.2, 12627.2, 12629.2, 12631.2, 12633.2, 12635.2, 12637.2, 12639.2, 12641.2, 12643.2, 12645.2, 12647.2, 12649.2, 12651.2, 12653.2, 12655.2, 12657.2, 12659.2, 12661.2, 12663.2, 12665.2, 12667.2, 12669.2, 12671.2, 12673.2, 12675.2, 12677.2, 12679.2, 12681.2, 12683.2, 12685.2, 12687.2, 12689.2, 12691.2, 12693.2, 12695.2, 12697.2, 12699.2, 12701.2, 12703.2, 12705.2, 12707.2, 12709.2, 12711.2, 12713.2, 12715.2, 12717.2, 12719.2, 12721.2, 12723.2, 12725.2, 12727.2, 12729.2, 12731.2, 12733.2, 12735.2, 12737.2, 12739.2, 12741.2, 12743.2, 12745.2, 12747.2, 12749.2, 12751.2, 12753.2, 12755.2, 12757.2, 12759.2, 12761.2, 12763.2, 12765.2, 12767.2, 12769.2, 12771.2, 12773.2, 12775.2, 12777.2, 12779.2, 12781.2, 12783.2, 12785.2, 12787.2, 12789.2, 12791.2, 12793.2, 12795.2, 12797.2, 12798.2
12801.2, 12803.2, 12805.2, 12807.2, 12809.2, 12811.2, 12813.2, 12815.2, 12817.2, 12819.2, 12821.2, 12823.2, 12825.2, 12827.2, 12829.2, 12831.2, 12833.2, 12835.2, 12837.2, 12839.2, 12841.2, 12843.2, 12845.2, 12847.2, 12849.2, 12851.2, 12853.2, 12855.2, 12857.2, 12859.2, 12861.2, 12863.2, 12865.2, 12867.2, 12869.2, 12871.2, 12873.2, 12875.2, 12877.2, 12879.2, 12881.2, 12883.2, 12885.2, 12887.2, 12889.2, 12891.2, 12893.2, 12895.2, 12897.2, 12899.2, 12901.2, 12903.2, 12905.2, 12907.2, 12909.2, 12911.2, 12913.2, 12915.2, 12917.2, 12919.2, 12921.2, 12923.2, 12925.2, 12927.2, 12929.2, 12931.2, 12933.2, 12935.2, 12937.2, 12939.2, 12941.2, 12943.2, 12945.2, 12947.2, 12949.2, 12951.2, 12953.2, 12955.2, 12957.2, 12959.2, 12961.2, 12963.2, 12965.2, 12967.2, 12969.2, 12971.2, 12973.2, 12975.2, 12977.2, 12979.2, 12981.2, 12983.2, 12985.2, 12987.2, 12989.2, 12991.2, 12993.2, 12995.2, 12997.2, 12999.2, 13001.2, 13003.2, 13005.2, 13007.2, 13009.2, 13011.2, 13013.2, 13015.2, 13017.2, 13019.2, 13021.2, 13023.2, 13025.2, 13027.2, 13029.2, 13031.2, 13033.2, 13035.2, 13037.2, 13039.2, 13041.2, 13043.2, 13045.2, 13047.2, 13049.2, 13051.2, 13053.2, 13054.2
13057.2, 13059.2, 13061.2, 13063.2, 13065.2, 13067.2, 13069.2, 13071.2, 13073.2, 13075.2, 13077.2, 13079.2, 13081.2, 13083.2, 13085.2, 13087.2, 13089.2, 13091.2, 13093.2, 13095.2, 13097.2, 13099.2, 13101.2, 13103.2, 13105.2, 13107.2, 13109.2, 13111.2, 13113.2, 13115.2, 13117.2, 13119.2, 13121.2, 13123.2, 13125.2, 13127.2, 13129.2, 13131.2, 13133.2, 13135.2, 13137.2, 13139.2, 13141.2, 13143.2, 13145.2, 13147.2, 13149.2, 13151.2, 13153.2, 13155.2, 13157.2, 13159.2, 13161.2, 13163.2, 13165.2, 13167.2, 13169.2, 13171.2, 13173.2, 13175.2, 13177.2, 13179.2, 13181.2, 13183.2, 13185.2, 13187.2, 13189.2, 13191.2, 13193.2, 13195.2, 13197.2, 13199.2, 13201.2, 13203.2, 13205.2, 13207.2, 13209.2, 13211.2, 13213.2, 13215.2, 13217.2, 13219.2, 13221.2, 13223.2, 13225.2, 13227.2, 13229.2, 13231.2, 13233.2, 13235.2, 13237.2, 13239.2, 13241.2, 13243.2, 13245.2, 13247.2, 13249.2, 13251.2, 13253.2, 13255.2, 13257.2, 13259.2, 13261.2, 13263.2, 13265.2, 13267.2, 13269.2, 13271.2, 13273.2, 13275.2, 13277.2, 13279.2, 13281.2, 13283.2, 13285.2, 13287.2, 13289.2, 13291.2, 13293.2, 13295.2, 13297.2, 13299.2, 13301.2, 13303.2, 13305.2, 13307.2, 13309.2, 13310.2
13313.2, 13315.2, 13317.2, 13319.2, 13321.2, 13323.2, 13325.2, 13327.2, 13329.2, 13331.2, 13333.2, 13335.2, 13337.2, 13339.2, 13341.2, 13343.2, 13345.2, 13347.2, 13349.2, 13351.2, 13353.2, 13355.2, 13357.2, 13359.2, 13361.2, 13363.2, 13365.2, 13367.2, 13369.2, 13371.2, 13373.2, 13375.2, 13377.2, 13379.2, 13381.2, 13383.2, 13385.2, 13387.2, 13389.2, 13391.2, 13393.2, 13395.2, 13397.2, 13399.2, 13401.2, 13403.2, 13405.2, 13407.2, 13409.2, 13411.2, 13413.2, 13415.2, 13417.2, 13419.2, 13421.2, 13423.2, 13425.2, 13427.2, 13429.2, 13431.2, 13433.2, 13435.2, 13437.2, 13439.2, 13441.2, 13443.2, 13445.2, 13447.2, 13449.2, 13451.2, 13453.2, 13455.2, 13457.2, 13459.2, 13461.2, 13463.2, 13465.2, 13467.2, 13469.2, 13471.2, 13473.2, 13475.2, 13477.2, 13479.2, 13481.2, 13483.2, 13485.2, 13487.2, 13489.2, 13491.2, 13493.2, 13495.2, 13497.2, 13499.2, 13501.2, 13503.2, 13505.2, 13507.2, 13509.2, 13511.2, 13513.2, 13515.2, 13517.2, 13519.2, 13521.2, 13523.2, 13525.2, 13527.2, 13529.2, 13531.2, 13533.2, 13535.2, 13537.2, 13539.2, 13541.2, 13543.2, 13545.2, 13547.2, 13549.2, 13551.2, 13553.2, 13555.2, 13557.2, 13559.2, 13561.2, 13563.2, 13565.2, 13566.2
13569.2, 13571.2, 13573.2, 13575.2, 13577.2, 13579.2, 13581.2, 13583.2, 13585.2, 13587.2, 13589.2, 13591.2, 13593.2, 13595.2, 13597.2, 13599.2, 13601.2, 13603.2, 13605.2, 13607.2, 13609.2, 13611.2, 13613.2, 13615.2, 13617.2, 13619.2, 13621.2, 13623.2, 13625.2, 13627.2, 13629.2, 13631.2, 13633.2, 13635.2, 13637.2, 13639.2, 13641.2, 13643.2, 13645.2, 13647.2, 13649.2, 13651.2, 13653.2, 13655.2, 13657.2, 13659.2, 13661.2, 13663.2, 13665.2, 13667.2, 13669.2, 13671.2, 13673.2, 13675.2, 13677.2, 13679.2, 13681.2, 13683.2, 13685.2, 13687.2, 13689.2, 13691.2, 13693.2, 13695.2, 13697.2, 13699.2, 13701.2, 13703.2, 13705.2, 13707.2, 13709.2, 13711.2, 13713.2, 13715.2, 13717.2, 13719.2, 13721.2, 13723.2, 13725.2, 13727.2, 13729.2, 13731.2, 13733.2, 13735.2, 13737.2, 13739.2, 13741.2, 13743.2, 13745.2, 13747.2, 13749.2, 13751.2, 13753.2, 13755.2, 13757.2, 13759.2, 13761.2, 13763.2, 13765.2, 13767.2, 13769.2, 13771.2, 13773.2, 13775.2, 13777.2, 13779.2, 13781.2, 13783.2, 13785.2, 13787.2, 13789.2, 13791.2, 13793.2, 13795.2, 13797.2, 13799.2, 13801.2, 13803.2, 13805.2, 13807.2, 13809.2, 13811.2, 13813.2, 13815.2, 13817.2, 13819.2, 13821.2, 13822.2
13825.2, 13827.2, 13829.2, 13831.2, 13833.2, 13835.2, 13837.2, 13839.2, 13841.2, 13843.2, 13845.2, 13847.2, 13849.2, 13851.2, 13853.2, 13855.2, 13857.2, 13859.2, 13861.2, 13863.2, 13865.2, 13867.2, 13869.2, 13871.2, 13873.2, 13875.2, 13877.2, 13879.2, 13881.2, 13883.2, 13885.2, 13887.2, 13889.2, 13891.2, 13893.2, 13895.2, 13897.2, 13899.2, 13901.2, 13903.2, 13905.2, 13907.2, 13909.2, 13911.2, 13913.2, 13915.2, 13917.2, 13919.2, 13921.2, 13923.2, 13925.2, 13927.2, 13929.2, 13931.2, 13933.2, 13935.2, 13937.2, 13939.2, 13941.2, 13943.2, 13945.2, 13947.2, 13949.2, 13951.2, 13953.2, 13955.2, 13957.2, 13959.2, 13961.2, 13963.2, 13965.2, 13967.2, 13969.2, 13971.2, 13973.2, 13975.2, 13977.2, 13979.2, 13981.2, 13983.2, 13985.2, 13987.2, 13989.2, 13991.2, 13993.2, 13995.2, 13997.2, 13999.2, 14001.2, 14003.2, 14005.2, 14007.2, 14009.2, 14011.2, 14013.2, 14015.2, 14017.2, 14019.2, 14021.2, 14023.2, 14025.2, 14027.2, 14029.2, 14031.2, 14033.2, 14035.2, 14037.2, 14039.2, 14041.2, 14043.2, 14045.2, 14047.2, 14049.2, 14051.2, 14053.2, 14055.2, 14057.2, 14059.2, 14061.2, 14063.2, 14065.2, 14067.2, 14069.2, 14071.2, 14073.2, 14075.2, 14077.2, 14078.2
14081.2, 14083.2, 14085.2, 14087.2, 14089.2, 14091.2, 14093.2, 14095.2, 14097.2, 14099.2, 14101.2, 14103.2, 14105.2, 14107.2, 14109.2, 14111.2, 14113.2, 14115.2, 14117.2, 14119.2, 14121.2, 14123.2, 14125.2, 14127.2, 14129.2, 14131.2, 14133.2, 14135.2, 14137.2, 14139.2, 14141.2, 14143.2, 14145.2, 14147.2, 14149.2, 14151.2, 14153.2, 14155.2, 14157.2, 14159.2, 14161.2, 14163.2, 14165.2, 14167.2, 14169.2, 14171.2, 14173.2, 14175.2, 14177.2, 14179.2, 14181.2, 14183.2, 14185.2, 14187.2, 14189.2, 14191.2, 14193.2, 14195.2, 14197.2, 14199.2, 14201.2, 14203.2, 14205.2, 14207.2, 14209.2, 14211.2, 14213.2, 14215.2, 14217.2, 14219.2, 14221.2, 14223.2, 14225.2, 14227.2, 14229.2, 14231.2, 14233.2, 14235.2, 14237.2, 14239.2, 14241.2, 14243.2, 14245.2, 14247.2, 14249.2, 14251.2, 14253.2, 14255.2, 14257.2, 14259.2, 14261.2, 14263.2, 14265.2, 14267.2, 14269.2, 14271.2, 14273.2, 14275.2, 14277.2, 14279.2, 14281.2, 14283.2, 14285.2, 14287.2, 14289.2, 14291.2, 14293.2, 14295.2, 14297.2, 14299.2, 14301.2, 14303.2, 14305.2, 14307.2, 14309.2, 14311.2, 14313.2, 14315.2, 14317.2, 14319.2, 14321.2, 14323.2, 14325.2, 14327.2, 14329.2, 14331.2, 14333.2, 14334.2
14337.2, 14339.2, 14341.2, 14343.2, 14345.2, 14347.2, 14349.2, 14351.2, 14353.2, 14355.2, 14357.2, 14359.2, 14361.2, 14363.2, 14365.2, 14367.2, 14369.2, 14371.2, 14373.2, 14375.2, 14377.2, 14379.2, 14381.2, 14383.2, 14385.2, 14387.2, 14389.2, 14391.2, 14393.2, 14395.2, 14397.2, 14399.2, 14401.2, 14403.2, 14405.2, 14407.2, 14409.2, 14411.2, 14413.2, 14415.2, 14417.2, 14419.2, 14421.2, 14423.2, 14425.2, 14427.2, 14429.2, 14431.2, 14433.2, 14435.2, 14437.2, 14439.2, 14441.2, 14443.2, 14445.2, 14447.2, 14449.2, 14451.2, 14453.2, 14455.2, 14457.2, 14459.2, 14461.2, 14463.2, 14465.2, 14467.2, 14469.2, 14471.2, 14473.2, 14475.2, 14477.2, 14479.2, 14481.2, 14483.2, 14485.2, 14487.2, 14489.2, 14491.2, 14493.2, 14495.2, 14497.2, 14499.2, 14501.2, 14503.2, 14505.2, 14507.2, 14509.2, 14511.2, 14513.2, 14515.2, 14517.2, 14519.2, 14521.2, 14523.2, 14525.2, 14527.2, 14529.2, 14531.2, 14533.2, 14535.2, 14537.2, 14539.2, 14541.2, 14543.2, 14545.2, 14547.2, 14549.2, 14551.2, 14553.2, 14555.2, 14557.2, 14559.2, 14561.2, 14563.2, 14565.2, 14567.2, 14569.2, 14571.2, 14573.2, 14575.2, 14577.2, 14579.2, 14581.2, 14583.2, 14585.2, 14587.2, 14589.2, 14590.2
14593.2, 14595.2, 14597.2, 14599.2, 14601.2, 14603.2, 14605.2, 14607.2, 14609.2, 14611.2, 14613.2, 14615.2, 14617.2, 14619.2, 14621.2, 14623.2, 14625.2, 14627.2, 14629.2, 14631.2, 14633.2, 14635.2, 14637.2, 14639.2, 14641.2, 14643.2, 14645.2, 14647.2, 14649.2, 14651.2, 14653.2, 14655.2, 14657.2, 14659.2, 14661.2, 14663.2, 14665.2, 14667.2, 14669.2, 14671.2, 14673.2, 14675.2, 14677.2, 14679.2, 14681.2, 14683.2, 14685.2, 14687.2, 14689.2, 14691.2, 14693.2, 14695.2, 14697.2, 14699.2, 14701.2, 14703.2, 14705.2, 14707.2, 14709.2, 14711.2, 14713.2, 14715.2, 14717.2, 14719.2, 14721.2, 14723.2, 14725.2, 14727.2, 14729.2, 14731.2, 14733.2, 14735.2, 14737.2, 14739.2, 14741.2, 14743.2, 14745.2, 14747.2, 14749.2, 14751.2, 14753.2, 14755.2, 14757.2, 14759.2, 14761.2, 14763.2, 14765.2, 14767.2, 14769.2, 14771.2, 14773.2, 14775.2, 14777.2, 14779.2, 14781.2, 14783.2, 14785.2, 14787.2, 14789.2, 14791.2, 14793.2, 14795.2, 14797.2, 14799.2, 14801.2, 14803.2, 14805.2, 14807.2, 14809.2, 14811.2, 14813.2, 14815.2, 14817.2, 14819.2, 14821.2, 14823.2, 14825.2, 14827.2, 14829.2, 14831.2, 14833.2, 14835.2, 14837.2, 14839.2, 14841.2, 14843.2, 14845.2, 14846.2
14849.2, 14851.2, 14853.2, 14855.2, 14857.2, 14859.2, 14861.2, 14863.2, 14865.2, 14867.2, 14869.2, 14871.2, 14873.2, 14875.2, 14877.2, 14879.2, 14881.2, 14883.2, 14885.2, 14887.2, 14889.2, 14891.2, 14893.2, 14895.2, 14897.2, 14899.2, 14901.2, 14903.2, 14905.2, 14907.2, 14909.2, 14911.2, 14913.2, 14915.2, 14917.2, 14919.2, 14921.2, 14923.2, 14925.2, 14927.2, 14929.2, 14931.2, 14933.2, 14935.2, 14937.2, 14939.2, 14941.2, 14943.2, 14945.2, 14947.2, 14949.2, 14951.2, 14953.2, 14955.2, 14957.2, 14959.2, 14961.2, 14963.2, 14965.2, 14967.2, 14969.2, 14971.2, 14973.2, 14975.2, 14977.2, 14979.2, 14981.2, 14983.2, 14985.2, 14987.2, 14989.2, 14991.2, 14993.2, 14995.2, 14997.2, 14999.2, 15001.2, 15003.2, 15005.2, 15007.2, 15009.2, 15011.2, 15013.2, 15015.2, 15017.2, 15019.2, 15021.2, 15023.2, 15025.2, 15027.2, 15029.2, 15031.2, 15033.2, 15035.2, 15037.2, 15039.2, 15041.2, 15043.2, 15045.2, 15047.2, 15049.2, 15051.2, 15053.2, 15055.2, 15057.2, 15059.2, 15061.2, 15063.2, 15065.2, 15067.2, 15069.2, 15071.2, 15073.2, 15075.2, 15077.2, 15079.2, 15081.2, 15083.2, 15085.2, 15087.2, 15089.2, 15091.2, 15093.2, 15095.2, 15097.2, 15099.2, 15101.2, 15102.2
15105.2, 15107.2, 15109.2, 15111.2, 15113.2, 15115.2, 15117.2, 15119.2, 15121.2, 15123.2, 15125.2, 15127.2, 15129.2, 15131.2, 15133.2, 15135.2, 15137.2, 15139.2, 15141.2, 15143.2, 15145.2, 15147.2, 15149.2, 15151.2, 15153.2, 15155.2, 15157.2, 15159.2, 15161.2, 15163.2, 15165.2, 15167.2, 15169.2, 15171.2, 15173.2, 15175.2, 15177.2, 15179.2, 15181.2, 15183.2, 15185.2, 15187.2, 15189.2, 15191.2, 15193.2, 15195.2, 15197.2, 15199.2, 15201.2, 15203.2, 15205.2, 15207.2, 15209.2, 15211.2, 15213.2, 15215.2, 15217.2, 15219.2, 15221.2, 15223.2, 15225.2, 15227.2, 15229.2, 15231.2, 15233.2, 15235.2, 15237.2, 15239.2, 15241.2, 15243.2, 15245.2, 15247.2, 15249.2, 15251.2, 15253.2, 15255.2, 15257.2, 15259.2, 15261.2, 15263.2, 15265.2, 15267.2, 15269.2, 15271.2, 15273.2, 15275.2, 15277.2, 15279.2, 15281.2, 15283.2, 15285.2, 15287.2, 15289.2, 15291.2, 15293.2, 15295.2, 15297.2, 15299.2, 15301.2, 15303.2, 15305.2, 15307.2, 15309.2, 15311.2, 15313.2, 15315.2, 15317.2, 15319.2, 15321.2, 15323.2, 15325.2, 15327.2, 15329.2, 15331.2, 15333.2, 15335.2, 15337.2, 15339.2, 15341.2, 15343.2, 15345.2, 15347.2, 15349.2, 15351.2, 15353.2, 15355.2, 15357.2, 15358.2
15361.2, 15363.2, 15365.2, 15367.2, 15369.2, 15371.2, 15373.2, 15375.2, 15377.2, 15379.2, 15381.2, 15383.2, 15385.2, 15387.2, 15389.2, 15391.2, 15393.2, 15395.2, 15397.2, 15399.2, 15401.2, 15403.2, 15405.2, 15407.2, 15409.2, 15411.2, 15413.2, 15415.2, 15417.2, 15419.2, 15421.2, 15423.2, 15425.2, 15427.2, 15429.2, 15431.2, 15433.2, 15435.2, 15437.2, 15439.2, 15441.2, 15443.2, 15445.2, 15447.2, 15449.2, 15451.2, 15453.2, 15455.2, 15457.2, 15459.2, 15461.2, 15463.2, 15465.2, 15467.2, 15469.2, 15471.2, 15473.2, 15475.2, 15477.2, 15479.2, 15481.2, 15483.2, 15485.2, 15487.2, 15489.2, 15491.2, 15493.2, 15495.2, 15497.2, 15499.2, 15501.2, 15503.2, 15505.2, 15507.2, 15509.2, 15511.2, 15513.2, 15515.2, 15517.2, 15519.2, 15521.2, 15523.2, 15525.2, 15527.2, 15529.2, 15531.2, 15533.2, 15535.2, 15537.2, 15539.2, 15541.2, 15543.2, 15545.2, 15547.2, 15549.2, 15551.2, 15553.2, 15555.2, 15557.2, 15559.2, 15561.2, 15563.2, 15565.2, 15567.2, 15569.2, 15571.2, 15573.2, 15575.2, 15577.2, 15579.2, 15581.2, 15583.2, 15585.2, 15587.2, 15589.2, 15591.2, 15593.2, 15595.2, 15597.2, 15599.2, 15601.2, 15603.2, 15605.2, 15607.2, 15609.2, 15611.2, 15613.2, 15614.2
15617.2, 15619.2, 15621.2, 15623.2, 15625.2, 15627.2, 15629.2, 15631.2, 15633.2, 15635.2, 15637.2, 15639.2, 15641.2, 15643.2, 15645.2, 15647.2, 15649.2, 15651.2, 15653.2, 15655.2, 15657.2, 15659.2, 15661.2, 15663.2, 15665.2, 15667.2, 15669.2, 15671.2, 15673.2, 15675.2, 15677.2, 15679.2, 15681.2, 15683.2, 15685.2, 15687.2, 15689.2, 15691.2, 15693.2, 15695.2, 15697.2, 15699.2, 15701.2, 15703.2, 15705.2, 15707.2, 15709.2, 15711.2, 15713.2, 15715.2, 15717.2, 15719.2, 15721.2, 15723.2, 15725.2, 15727.2, 15729.2, 15731.2, 15733.2, 15735.2, 15737.2, 15739.2, 15741.2, 15743.2, 15745.2, 15747.2, 15749.2, 15751.2, 15753.2, 15755.2, 15757.2, 15759.2, 15761.2, 15763.2, 15765.2, 15767.2, 15769.2, 15771.2, 15773.2, 15775.2, 15777.2, 15779.2, 15781.2, 15783.2, 15785.2, 15787.2, 15789.2, 15791.2, 15793.2, 15795.2, 15797.2, 15799.2, 15801.2, 15803.2, 15805.2, 15807.2, 15809.2, 15811.2, 15813.2, 15815.2, 15817.2, 15819.2, 15821.2, 15823.2, 15825.2, 15827.2, 15829.2, 15831.2, 15833.2, 15835.2, 15837.2, 15839.2, 15841.2, 15843.2, 15845.2, 15847.2, 15849.2, 15851.2, 15853.2, 15855.2, 15857.2, 15859.2, 15861.2, 15863.2, 15865.2, 15867.2, 15869.2, 15870.2
15873.2, 15875.2, 15877.2, 15879.2, 15881.2, 15883.2, 15885.2, 15887.2, 15889.2, 15891.2, 15893.2, 15895.2, 15897.2, 15899.2, 15901.2, 15903.2, 15905.2, 15907.2, 15909.2, 15911.2, 15913.2, 15915.2, 15917.2, 15919.2, 15921.2, 15923.2, 15925.2, 15927.2, 15929.2, 15931.2, 15933.2, 15935.2, 15937.2, 15939.2, 15941.2, 15943.2, 15945.2, 15947.2, 15949.2, 15951.2, 15953.2, 15955.2, 15957.2, 15959.2, 15961.2, 15963.2, 15965.2, 15967.2, 15969.2, 15971.2, 15973.2, 15975.2, 15977.2, 15979.2, 15981.2, 15983.2, 15985.2, 15987.2, 15989.2, 15991.2, 15993.2, 15995.2, 15997.2, 15999.2, 16001.2, 16003.2, 16005.2, 16007.2, 16009.2, 16011.2, 16013.2, 16015.2, 16017.2, 16019.2, 16021.2, 16023.2, 16025.2, 16027.2, 16029.2, 16031.2, 16033.2, 16035.2, 16037.2, 16039.2, 16041.2, 16043.2, 16045.2, 16047.2, 16049.2, 16051.2, 16053.2, 16055.2, 16057.2, 16059.2, 16061.2, 16063.2, 16065.2, 16067.2, 16069.2, 16071.2, 16073.2, 16075.2, 16077.2, 16079.2, 16081.2, 16083.2, 16085.2, 16087.2, 16089.2, 16091.2, 16093.2, 16095.2, 16097.2, 16099.2, 16101.2, 16103.2, 16105.2, 16107.2, 16109.2, 16111.2, 16113.2, 16115.2, 16117.2, 16119.2, 16121.2, 16123.2, 16125.2, 16126.2
16129.2, 16131.2, 16133.2, 16135.2, 16137.2, 16139.2, 16141.2, 16143.2, 16145.2, 16147.2, 16149.2, 16151.2, 16153.2, 16155.2, 16157.2, 16159.2, 16161.2, 16163.2, 16165.2, 16167.2, 16169.2, 16171.2, 16173.2, 16175.2, 16177.2, 16179.2, 16181.2, 16183.2, 16185.2, 16187.2, 16189.2, 16191.2, 16193.2, 16195.2, 16197.2, 16199.2, 16201.2, 16203.2, 16205.2, 16207.2, 16209.2, 16211.2, 16213.2, 16215.2, 16217.2, 16219.2, 16221.2, 16223.2, 16225.2, 16227.2, 16229.2, 16231.2, 16233.2, 16235.2, 16237.2, 16239.2, 16241.2, 16243.2, 16245.2, 16247.2, 16249.2, 16251.2, 16253.2, 16255.2, 16257.2, 16259.2, 16261.2, 16263.2, 16265.2, 16267.2, 16269.2, 16271.2, 16273.2, 16275.2, 16277.2, 16279.2, 16281.2, 16283.2, 16285.2, 16287.2, 16289.2, 16291.2, 16293.2, 16295.2, 16297.2, 16299.2, 16301.2, 16303.2, 16305.2, 16307.2, 16309.2, 16311.2, 16313.2, 16315.2, 16317.2, 16319.2, 16321.2, 16323.2, 16325.2, 16327.2, 16329.2, 16331.2, 16333.2, 16335.2, 16337.2, 16339.2, 16341.2, 16343.2, 16345.2, 16347.2, 16349.2, 16351.2, 16353.2, 16355.2, 16357.2, 16359.2, 16361.2, 16363.2, 16365.2, 16367.2, 16369.2, 16371.2, 16373.2, 16375.2, 16377.2, 16379.2, 16381.2, 16382.2
