0.1, 10.1, 20.1, 30.1, 40.1, 50.1, 60.1, 70.1, 80.1, 90.1, 100.1, 110.1, 120.1, 130.1, 140.1, 150.1, 160.1, 170.1, 180.1, 190.1, 200.1, 210.1, 220.1, 230.1, 240.1, 250.1, 260.1, 270.1, 280.1, 290.1, 300.1, 310.1, 320.1, 330.1, 340.1, 350.1, 360.1, 370.1, 380.1, 390.1, 400.1, 410.1, 420.1, 430.1, 440.1, 450.1, 460.1, 470.1, 480.1, 490.1, 500.1, 510.1, 520.1, 530.1, 540.1, 550.1, 560.1, 570.1, 580.1, 590.1, 600.1, 610.1, 620.1, 630.1, 640.1, 650.1, 660.1, 670.1, 680.1, 690.1, 700.1, 710.1, 720.1, 730.1, 740.1, 750.1, 760.1, 770.1, 780.1, 790.1, 800.1, 810.1, 820.1, 830.1, 840.1, 850.1, 860.1, 870.1, 880.1, 890.1, 900.1, 910.1, 920.1, 930.1, 940.1, 950.1, 960.1, 970.1, 980.1, 990.1, 1000.1, 1010.1, 1020.1, 1030.1, 1040.1, 1050.1, 1060.1, 1070.1, 1080.1, 1090.1, 1100.1, 1110.1, 1120.1, 1130.1, 1140.1, 1150.1, 1160.1, 1170.1, 1180.1, 1190.1, 1200.1, 1210.1, 1220.1, 1230.1, 1240.1, 1250.1, 1260.1, 1270.1
1280.1, 1290.1, 1300.1, 1310.1, 1320.1, 1330.1, 1340.1, 1350.1, 1360.1, 1370.1, 1380.1, 1390.1, 1400.1, 1410.1, 1420.1, 1430.1, 1440.1, 1450.1, 1460.1, 1470.1, 1480.1, 1490.1, 1500.1, 1510.1, 1520.1, 1530.1, 1540.1, 1550.1, 1560.1, 1570.1, 1580.1, 1590.1, 1600.1, 1610.1, 1620.1, 1630.1, 1640.1, 1650.1, 1660.1, 1670.1, 1680.1, 1690.1, 1700.1, 1710.1, 1720.1, 1730.1, 1740.1, 1750.1, 1760.1, 1770.1, 1780.1, 1790.1, 1800.1, 1810.1, 1820.1, 1830.1, 1840.1, 1850.1, 1860.1, 1870.1, 1880.1, 1890.1, 1900.1, 1910.1, 1920.1, 1930.1, 1940.1, 1950.1, 1960.1, 1970.1, 1980.1, 1990.1, 2000.1, 2010.1, 2020.1, 2030.1, 2040.1, 2050.1, 2060.1, 2070.1, 2080.1, 2090.1, 2100.1, 2110.1, 2120.1, 2130.1, 2140.1, 2150.1, 2160.1, 2170.1, 2180.1, 2190.1, 2200.1, 2210.1, 2220.1, 2230.1, 2240.1, 2250.1, 2260.1, 2270.1, 2280.1, 2290.1, 2300.1, 2310.1, 2320.1, 2330.1, 2340.1, 2350.1, 2360.1, 2370.1, 2380.1, 2390.1, 2400.1, 2410.1, 2420.1, 2430.1, 2440.1, 2450.1, 2460.1, 2470.1, 2480.1, 2490.1, 2500.1, 2510.1, 2520.1, 2530.1, 2540.1, 2550.1
2560.1, 2570.1, 2580.1, 2590.1, 2600.1, 2610.1, 2620.1, 2630.1, 2640.1, 2650.1, 2660.1, 2670.1, 2680.1, 2690.1, 2700.1, 2710.1, 2720.1, 2730.1, 2740.1, 2750.1, 2760.1, 2770.1, 2780.1, 2790.1, 2800.1, 2810.1, 2820.1, 2830.1, 2840.1, 2850.1, 2860.1, 2870.1, 2880.1, 2890.1, 2900.1, 2910.1, 2920.1, 2930.1, 2940.1, 2950.1, 2960.1, 2970.1, 2980.1, 2990.1, 3000.1, 3010.1, 3020.1, 3030.1, 3040.1, 3050.1, 3060.1, 3070.1, 3080.1, 3090.1, 3100.1, 3110.1, 3120.1, 3130.1, 3140.1, 3150.1, 3160.1, 3170.1, 3180.1, 3190.1, 3200.1, 3210.1, 3220.1, 3230.1, 3240.1, 3250.1, 3260.1, 3270.1, 3280.1, 3290.1, 3300.1, 3310.1, 3320.1, 3330.1, 3340.1, 3350.1, 3360.1, 3370.1, 3380.1, 3390.1, 3400.1, 3410.1, 3420.1, 3430.1, 3440.1, 3450.1, 3460.1, 3470.1, 3480.1, 3490.1, 3500.1, 3510.1, 3520.1, 3530.1, 3540.1, 3550.1, 3560.1, 3570.1, 3580.1, 3590.1, 3600.1, 3610.1, 3620.1, 3630.1, 3640.1, 3650.1, 3660.1, 3670.1, 3680.1, 3690.1, 3700.1, 3710.1, 3720.1, 3730.1, 3740.1, 3750.1, 3760.1, 3770.1, 3780.1, 3790.1, 3800.1, 3810.1, 3820.1, 3830.1
3840.1, 3850.1, 3860.1, 3870.1, 3880.1, 3890.1, 3900.1, 3910.1, 3920.1, 3930.1, 3940.1, 3950.1, 3960.1, 3970.1, 3980.1, 3990.1, 4000.1, 4010.1, 4020.1, 4030.1, 4040.1, 4050.1, 4060.1, 4070.1, 4080.1, 4090.1, 4100.1, 4110.1, 4120.1, 4130.1, 4140.1, 4150.1, 4160.1, 4170.1, 4180.1, 4190.1, 4200.1, 4210.1, 4220.1, 4230.1, 4240.1, 4250.1, 4260.1, 4270.1, 4280.1, 4290.1, 4300.1, 4310.1, 4320.1, 4330.1, 4340.1, 4350.1, 4360.1, 4370.1, 4380.1, 4390.1, 4400.1, 4410.1, 4420.1, 4430.1, 4440.1, 4450.1, 4460.1, 4470.1, 4480.1, 4490.1, 4500.1, 4510.1, 4520.1, 4530.1, 4540.1, 4550.1, 4560.1, 4570.1, 4580.1, 4590.1, 4600.1, 4610.1, 4620.1, 4630.1, 4640.1, 4650.1, 4660.1, 4670.1, 4680.1, 4690.1, 4700.1, 4710.1, 4720.1, 4730.1, 4740.1, 4750.1, 4760.1, 4770.1, 4780.1, 4790.1, 4800.1, 4810.1, 4820.1, 4830.1, 4840.1, 4850.1, 4860.1, 4870.1, 4880.1, 4890.1, 4900.1, 4910.1, 4920.1, 4930.1, 4940.1, 4950.1, 4960.1, 4970.1, 4980.1, 4990.1, 5000.1, 5010.1, 5020.1, 5030.1, 5040.1, 5050.1, 5060.1, 5070.1, 5080.1, 5090.1, 5100.1, 5110.1
5120.1, 5130.1, 5140.1, 5150.1, 5160.1, 5170.1, 5180.1, 5190.1, 5200.1, 5210.1, 5220.1, 5230.1, 5240.1, 5250.1, 5260.1, 5270.1, 5280.1, 5290.1, 5300.1, 5310.1, 5320.1, 5330.1, 5340.1, 5350.1, 5360.1, 5370.1, 5380.1, 5390.1, 5400.1, 5410.1, 5420.1, 5430.1, 5440.1, 5450.1, 5460.1, 5470.1, 5480.1, 5490.1, 5500.1, 5510.1, 5520.1, 5530.1, 5540.1, 5550.1, 5560.1, 5570.1, 5580.1, 5590.1, 5600.1, 5610.1, 5620.1, 5630.1, 5640.1, 5650.1, 5660.1, 5670.1, 5680.1, 5690.1, 5700.1, 5710.1, 5720.1, 5730.1, 5740.1, 5750.1, 5760.1, 5770.1, 5780.1, 5790.1, 5800.1, 5810.1, 5820.1, 5830.1, 5840.1, 5850.1, 5860.1, 5870.1, 5880.1, 5890.1, 5900.1, 5910.1, 5920.1, 5930.1, 5940.1, 5950.1, 5960.1, 5970.1, 5980.1, 5990.1, 6000.1, 6010.1, 6020.1, 6030.1, 6040.1, 6050.1, 6060.1, 6070.1, 6080.1, 6090.1, 6100.1, 6110.1, 6120.1, 6130.1, 6140.1, 6150.1, 6160.1, 6170.1, 6180.1, 6190.1, 6200.1, 6210.1, 6220.1, 6230.1, 6240.1, 6250.1, 6260.1, 6270.1, 6280.1, 6290.1, 6300.1, 6310.1, 6320.1, 6330.1, 6340.1, 6350.1, 6360.1, 6370.1, 6380.1, 6390.1
6400.1, 6410.1, 6420.1, 6430.1, 6440.1, 6450.1, 6460.1, 6470.1, 6480.1, 6490.1, 6500.1, 6510.1, 6520.1, 6530.1, 6540.1, 6550.1, 6560.1, 6570.1, 6580.1, 6590.1, 6600.1, 6610.1, 6620.1, 6630.1, 6640.1, 6650.1, 6660.1, 6670.1, 6680.1, 6690.1, 6700.1, 6710.1, 6720.1, 6730.1, 6740.1, 6750.1, 6760.1, 6770.1, 6780.1, 6790.1, 6800.1, 6810.1, 6820.1, 6830.1, 6840.1, 6850.1, 6860.1, 6870.1, 6880.1, 6890.1, 6900.1, 6910.1, 6920.1, 6930.1, 6940.1, 6950.1, 6960.1, 6970.1, 6980.1, 6990.1, 7000.1, 7010.1, 7020.1, 7030.1, 7040.1, 7050.1, 7060.1, 7070.1, 7080.1, 7090.1, 7100.1, 7110.1, 7120.1, 7130.1, 7140.1, 7150.1, 7160.1, 7170.1, 7180.1, 7190.1, 7200.1, 7210.1, 7220.1, 7230.1, 7240.1, 7250.1, 7260.1, 7270.1, 7280.1, 7290.1, 7300.1, 7310.1, 7320.1, 7330.1, 7340.1, 7350.1, 7360.1, 7370.1, 7380.1, 7390.1, 7400.1, 7410.1, 7420.1, 7430.1, 7440.1, 7450.1, 7460.1, 7470.1, 7480.1, 7490.1, 7500.1, 7510.1, 7520.1, 7530.1, 7540.1, 7550.1, 7560.1, 7570.1, 7580.1, 7590.1, 7600.1, 7610.1, 7620.1, 7630.1, 7640.1, 7650.1, 7660.1, 7670.1
7680.1, 7690.1, 7700.1, 7710.1, 7720.1, 7730.1, 7740.1, 7750.1, 7760.1, 7770.1, 7780.1, 7790.1, 7800.1, 7810.1, 7820.1, 7830.1, 7840.1, 7850.1, 7860.1, 7870.1, 7880.1, 7890.1, 7900.1, 7910.1, 7920.1, 7930.1, 7940.1, 7950.1, 7960.1, 7970.1, 7980.1, 7990.1, 8000.1, 8010.1, 8020.1, 8030.1, 8040.1, 8050.1, 8060.1, 8070.1, 8080.1, 8090.1, 8100.1, 8110.1, 8120.1, 8130.1, 8140.1, 8150.1, 8160.1, 8170.1, 8180.1, 8190.1, 8200.1, 8210.1, 8220.1, 8230.1, 8240.1, 8250.1, 8260.1, 8270.1, 8280.1, 8290.1, 8300.1, 8310.1, 8320.1, 8330.1, 8340.1, 8350.1, 8360.1, 8370.1, 8380.1, 8390.1, 8400.1, 8410.1, 8420.1, 8430.1, 8440.1, 8450.1, 8460.1, 8470.1, 8480.1, 8490.1, 8500.1, 8510.1, 8520.1, 8530.1, 8540.1, 8550.1, 8560.1, 8570.1, 8580.1, 8590.1, 8600.1, 8610.1, 8620.1, 8630.1, 8640.1, 8650.1, 8660.1, 8670.1, 8680.1, 8690.1, 8700.1, 8710.1, 8720.1, 8730.1, 8740.1, 8750.1, 8760.1, 8770.1, 8780.1, 8790.1, 8800.1, 8810.1, 8820.1, 8830.1, 8840.1, 8850.1, 8860.1, 8870.1, 8880.1, 8890.1, 8900.1, 8910.1, 8920.1, 8930.1, 8940.1, 8950.1
8960.1, 8970.1, 8980.1, 8990.1, 9000.1, 9010.1, 9020.1, 9030.1, 9040.1, 9050.1, 9060.1, 9070.1, 9080.1, 9090.1, 9100.1, 9110.1, 9120.1, 9130.1, 9140.1, 9150.1, 9160.1, 9170.1, 9180.1, 9190.1, 9200.1, 9210.1, 9220.1, 9230.1, 9240.1, 9250.1, 9260.1, 9270.1, 9280.1, 9290.1, 9300.1, 9310.1, 9320.1, 9330.1, 9340.1, 9350.1, 9360.1, 9370.1, 9380.1, 9390.1, 9400.1, 9410.1, 9420.1, 9430.1, 9440.1, 9450.1, 9460.1, 9470.1, 9480.1, 9490.1, 9500.1, 9510.1, 9520.1, 9530.1, 9540.1, 9550.1, 9560.1, 9570.1, 9580.1, 9590.1, 9600.1, 9610.1, 9620.1, 9630.1, 9640.1, 9650.1, 9660.1, 9670.1, 9680.1, 9690.1, 9700.1, 9710.1, 9720.1, 9730.1, 9740.1, 9750.1, 9760.1, 9770.1, 9780.1, 9790.1, 9800.1, 9810.1, 9820.1, 9830.1, 9840.1, 9850.1, 9860.1, 9870.1, 9880.1, 9890.1, 9900.1, 9910.1, 9920.1, 9930.1, 9940.1, 9950.1, 9960.1, 9970.1, 9980.1, 9990.1, 10000.1, 10010.1, 10020.1, 10030.1, 10040.1, 10050.1, 10060.1, 10070.1, 10080.1, 10090.1, 10100.1, 10110.1, 10120.1, 10130.1, 10140.1, 10150.1, 10160.1, 10170.1, 10180.1, 10190.1, 10200.1, 10210.1, 10220.1, 10230.1
10240.1, 10250.1, 10260.1, 10270.1, 10280.1, 10290.1, 10300.1, 10310.1, 10320.1, 10330.1, 10340.1, 10350.1, 10360.1, 10370.1, 10380.1, 10390.1, 10400.1, 10410.1, 10420.1, 10430.1, 10440.1, 10450.1, 10460.1, 10470.1, 10480.1, 10490.1, 10500.1, 10510.1, 10520.1, 10530.1, 10540.1, 10550.1, 10560.1, 10570.1, 10580.1, 10590.1, 10600.1, 10610.1, 10620.1, 10630.1, 10640.1, 10650.1, 10660.1, 10670.1, 10680.1, 10690.1, 10700.1, 10710.1, 10720.1, 10730.1, 10740.1, 10750.1, 10760.1, 10770.1, 10780.1, 10790.1, 10800.1, 10810.1, 10820.1, 10830.1, 10840.1, 10850.1, 10860.1, 10870.1, 10880.1, 10890.1, 10900.1, 10910.1, 10920.1, 10930.1, 10940.1, 10950.1, 10960.1, 10970.1, 10980.1, 10990.1, 11000.1, 11010.1, 11020.1, 11030.1, 11040.1, 11050.1, 11060.1, 11070.1, 11080.1, 11090.1, 11100.1, 11110.1, 11120.1, 11130.1, 11140.1, 11150.1, 11160.1, 11170.1, 11180.1, 11190.1, 11200.1, 11210.1, 11220.1, 11230.1, 11240.1, 11250.1, 11260.1, 11270.1, 11280.1, 11290.1, 11300.1, 11310.1, 11320.1, 11330.1, 11340.1, 11350.1, 11360.1, 11370.1, 11380.1, 11390.1, 11400.1, 11410.1, 11420.1, 11430.1, 11440.1, 11450.1, 11460.1, 11470.1, 11480.1, 11490.1, 11500.1, 11510.1
11520.1, 11530.1, 11540.1, 11550.1, 11560.1, 11570.1, 11580.1, 11590.1, 11600.1, 11610.1, 11620.1, 11630.1, 11640.1, 11650.1, 11660.1, 11670.1, 11680.1, 11690.1, 11700.1, 11710.1, 11720.1, 11730.1, 11740.1, 11750.1, 11760.1, 11770.1, 11780.1, 11790.1, 11800.1, 11810.1, 11820.1, 11830.1, 11840.1, 11850.1, 11860.1, 11870.1, 11880.1, 11890.1, 11900.1, 11910.1, 11920.1, 11930.1, 11940.1, 11950.1, 11960.1, 11970.1, 11980.1, 11990.1, 12000.1, 12010.1, 12020.1, 12030.1, 12040.1, 12050.1, 12060.1, 12070.1, 12080.1, 12090.1, 12100.1, 12110.1, 12120.1, 12130.1, 12140.1, 12150.1, 12160.1, 12170.1, 12180.1, 12190.1, 12200.1, 12210.1, 12220.1, 12230.1, 12240.1, 12250.1, 12260.1, 12270.1, 12280.1, 12290.1, 12300.1, 12310.1, 12320.1, 12330.1, 12340.1, 12350.1, 12360.1, 12370.1, 12380.1, 12390.1, 12400.1, 12410.1, 12420.1, 12430.1, 12440.1, 12450.1, 12460.1, 12470.1, 12480.1, 12490.1, 12500.1, 12510.1, 12520.1, 12530.1, 12540.1, 12550.1, 12560.1, 12570.1, 12580.1, 12590.1, 12600.1, 12610.1, 12620.1, 12630.1, 12640.1, 12650.1, 12660.1, 12670.1, 12680.1, 12690.1, 12700.1, 12710.1, 12720.1, 12730.1, 12740.1, 12750.1, 12760.1, 12770.1, 12780.1, 12790.1
12800.1, 12810.1, 12820.1, 12830.1, 12840.1, 12850.1, 12860.1, 12870.1, 12880.1, 12890.1, 12900.1, 12910.1, 12920.1, 12930.1, 12940.1, 12950.1, 12960.1, 12970.1, 12980.1, 12990.1, 13000.1, 13010.1, 13020.1, 13030.1, 13040.1, 13050.1, 13060.1, 13070.1, 13080.1, 13090.1, 13100.1, 13110.1, 13120.1, 13130.1, 13140.1, 13150.1, 13160.1, 13170.1, 13180.1, 13190.1, 13200.1, 13210.1, 13220.1, 13230.1, 13240.1, 13250.1, 13260.1, 13270.1, 13280.1, 13290.1, 13300.1, 13310.1, 13320.1, 13330.1, 13340.1, 13350.1, 13360.1, 13370.1, 13380.1, 13390.1, 13400.1, 13410.1, 13420.1, 13430.1, 13440.1, 13450.1, 13460.1, 13470.1, 13480.1, 13490.1, 13500.1, 13510.1, 13520.1, 13530.1, 13540.1, 13550.1, 13560.1, 13570.1, 13580.1, 13590.1, 13600.1, 13610.1, 13620.1, 13630.1, 13640.1, 13650.1, 13660.1, 13670.1, 13680.1, 13690.1, 13700.1, 13710.1, 13720.1, 13730.1, 13740.1, 13750.1, 13760.1, 13770.1, 13780.1, 13790.1, 13800.1, 13810.1, 13820.1, 13830.1, 13840.1, 13850.1, 13860.1, 13870.1, 13880.1, 13890.1, 13900.1, 13910.1, 13920.1, 13930.1, 13940.1, 13950.1, 13960.1, 13970.1, 13980.1, 13990.1, 14000.1, 14010.1, 14020.1, 14030.1, 14040.1, 14050.1, 14060.1, 14070.1
14080.1, 14090.1, 14100.1, 14110.1, 14120.1, 14130.1, 14140.1, 14150.1, 14160.1, 14170.1, 14180.1, 14190.1, 14200.1, 14210.1, 14220.1, 14230.1, 14240.1, 14250.1, 14260.1, 14270.1, 14280.1, 14290.1, 14300.1, 14310.1, 14320.1, 14330.1, 14340.1, 14350.1, 14360.1, 14370.1, 14380.1, 14390.1, 14400.1, 14410.1, 14420.1, 14430.1, 14440.1, 14450.1, 14460.1, 14470.1, 14480.1, 14490.1, 14500.1, 14510.1, 14520.1, 14530.1, 14540.1, 14550.1, 14560.1, 14570.1, 14580.1, 14590.1, 14600.1, 14610.1, 14620.1, 14630.1, 14640.1, 14650.1, 14660.1, 14670.1, 14680.1, 14690.1, 14700.1, 14710.1, 14720.1, 14730.1, 14740.1, 14750.1, 14760.1, 14770.1, 14780.1, 14790.1, 14800.1, 14810.1, 14820.1, 14830.1, 14840.1, 14850.1, 14860.1, 14870.1, 14880.1, 14890.1, 14900.1, 14910.1, 14920.1, 14930.1, 14940.1, 14950.1, 14960.1, 14970.1, 14980.1, 14990.1, 15000.1, 15010.1, 15020.1, 15030.1, 15040.1, 15050.1, 15060.1, 15070.1, 15080.1, 15090.1, 15100.1, 15110.1, 15120.1, 15130.1, 15140.1, 15150.1, 15160.1, 15170.1, 15180.1, 15190.1, 15200.1, 15210.1, 15220.1, 15230.1, 15240.1, 15250.1, 15260.1, 15270.1, 15280.1, 15290.1, 15300.1, 15310.1, 15320.1, 15330.1, 15340.1, 15350.1
15360.1, 15370.1, 15380.1, 15390.1, 15400.1, 15410.1, 15420.1, 15430.1, 15440.1, 15450.1, 15460.1, 15470.1, 15480.1, 15490.1, 15500.1, 15510.1, 15520.1, 15530.1, 15540.1, 15550.1, 15560.1, 15570.1, 15580.1, 15590.1, 15600.1, 15610.1, 15620.1, 15630.1, 15640.1, 15650.1, 15660.1, 15670.1, 15680.1, 15690.1, 15700.1, 15710.1, 15720.1, 15730.1, 15740.1, 15750.1, 15760.1, 15770.1, 15780.1, 15790.1, 15800.1, 15810.1, 15820.1, 15830.1, 15840.1, 15850.1, 15860.1, 15870.1, 15880.1, 15890.1, 15900.1, 15910.1, 15920.1, 15930.1, 15940.1, 15950.1, 15960.1, 15970.1, 15980.1, 15990.1, 16000.1, 16010.1, 16020.1, 16030.1, 16040.1, 16050.1, 16060.1, 16070.1, 16080.1, 16090.1, 16100.1, 16110.1, 16120.1, 16130.1, 16140.1, 16150.1, 16160.1, 16170.1, 16180.1, 16190.1, 16200.1, 16210.1, 16220.1, 16230.1, 16240.1, 16250.1, 16260.1, 16270.1, 16280.1, 16290.1, 16300.1, 16310.1, 16320.1, 16330.1, 16340.1, 16350.1, 16360.1, 16370.1, 16380.1, 16390.1, 16400.1, 16410.1, 16420.1, 16430.1, 16440.1, 16450.1, 16460.1, 16470.1, 16480.1, 16490.1, 16500.1, 16510.1, 16520.1, 16530.1, 16540.1, 16550.1, 16560.1, 16570.1, 16580.1, 16590.1, 16600.1, 16610.1, 16620.1, 16630.1
16640.1, 16650.1, 16660.1, 16670.1, 16680.1, 16690.1, 16700.1, 16710.1, 16720.1, 16730.1, 16740.1, 16750.1, 16760.1, 16770.1, 16780.1, 16790.1, 16800.1, 16810.1, 16820.1, 16830.1, 16840.1, 16850.1, 16860.1, 16870.1, 16880.1, 16890.1, 16900.1, 16910.1, 16920.1, 16930.1, 16940.1, 16950.1, 16960.1, 16970.1, 16980.1, 16990.1, 17000.1, 17010.1, 17020.1, 17030.1, 17040.1, 17050.1, 17060.1, 17070.1, 17080.1, 17090.1, 17100.1, 17110.1, 17120.1, 17130.1, 17140.1, 17150.1, 17160.1, 17170.1, 17180.1, 17190.1, 17200.1, 17210.1, 17220.1, 17230.1, 17240.1, 17250.1, 17260.1, 17270.1, 17280.1, 17290.1, 17300.1, 17310.1, 17320.1, 17330.1, 17340.1, 17350.1, 17360.1, 17370.1, 17380.1, 17390.1, 17400.1, 17410.1, 17420.1, 17430.1, 17440.1, 17450.1, 17460.1, 17470.1, 17480.1, 17490.1, 17500.1, 17510.1, 17520.1, 17530.1, 17540.1, 17550.1, 17560.1, 17570.1, 17580.1, 17590.1, 17600.1, 17610.1, 17620.1, 17630.1, 17640.1, 17650.1, 17660.1, 17670.1, 17680.1, 17690.1, 17700.1, 17710.1, 17720.1, 17730.1, 17740.1, 17750.1, 17760.1, 17770.1, 17780.1, 17790.1, 17800.1, 17810.1, 17820.1, 17830.1, 17840.1, 17850.1, 17860.1, 17870.1, 17880.1, 17890.1, 17900.1, 17910.1
17920.1, 17930.1, 17940.1, 17950.1, 17960.1, 17970.1, 17980.1, 17990.1, 18000.1, 18010.1, 18020.1, 18030.1, 18040.1, 18050.1, 18060.1, 18070.1, 18080.1, 18090.1, 18100.1, 18110.1, 18120.1, 18130.1, 18140.1, 18150.1, 18160.1, 18170.1, 18180.1, 18190.1, 18200.1, 18210.1, 18220.1, 18230.1, 18240.1, 18250.1, 18260.1, 18270.1, 18280.1, 18290.1, 18300.1, 18310.1, 18320.1, 18330.1, 18340.1, 18350.1, 18360.1, 18370.1, 18380.1, 18390.1, 18400.1, 18410.1, 18420.1, 18430.1, 18440.1, 18450.1, 18460.1, 18470.1, 18480.1, 18490.1, 18500.1, 18510.1, 18520.1, 18530.1, 18540.1, 18550.1, 18560.1, 18570.1, 18580.1, 18590.1, 18600.1, 18610.1, 18620.1, 18630.1, 18640.1, 18650.1, 18660.1, 18670.1, 18680.1, 18690.1, 18700.1, 18710.1, 18720.1, 18730.1, 18740.1, 18750.1, 18760.1, 18770.1, 18780.1, 18790.1, 18800.1, 18810.1, 18820.1, 18830.1, 18840.1, 18850.1, 18860.1, 18870.1, 18880.1, 18890.1, 18900.1, 18910.1, 18920.1, 18930.1, 18940.1, 18950.1, 18960.1, 18970.1, 18980.1, 18990.1, 19000.1, 19010.1, 19020.1, 19030.1, 19040.1, 19050.1, 19060.1, 19070.1, 19080.1, 19090.1, 19100.1, 19110.1, 19120.1, 19130.1, 19140.1, 19150.1, 19160.1, 19170.1, 19180.1, 19190.1
19200.1, 19210.1, 19220.1, 19230.1, 19240.1, 19250.1, 19260.1, 19270.1, 19280.1, 19290.1, 19300.1, 19310.1, 19320.1, 19330.1, 19340.1, 19350.1, 19360.1, 19370.1, 19380.1, 19390.1, 19400.1, 19410.1, 19420.1, 19430.1, 19440.1, 19450.1, 19460.1, 19470.1, 19480.1, 19490.1, 19500.1, 19510.1, 19520.1, 19530.1, 19540.1, 19550.1, 19560.1, 19570.1, 19580.1, 19590.1, 19600.1, 19610.1, 19620.1, 19630.1, 19640.1, 19650.1, 19660.1, 19670.1, 19680.1, 19690.1, 19700.1, 19710.1, 19720.1, 19730.1, 19740.1, 19750.1, 19760.1, 19770.1, 19780.1, 19790.1, 19800.1, 19810.1, 19820.1, 19830.1, 19840.1, 19850.1, 19860.1, 19870.1, 19880.1, 19890.1, 19900.1, 19910.1, 19920.1, 19930.1, 19940.1, 19950.1, 19960.1, 19970.1, 19980.1, 19990.1, 20000.1, 20010.1, 20020.1, 20030.1, 20040.1, 20050.1, 20060.1, 20070.1, 20080.1, 20090.1, 20100.1, 20110.1, 20120.1, 20130.1, 20140.1, 20150.1, 20160.1, 20170.1, 20180.1, 20190.1, 20200.1, 20210.1, 20220.1, 20230.1, 20240.1, 20250.1, 20260.1, 20270.1, 20280.1, 20290.1, 20300.1, 20310.1, 20320.1, 20330.1, 20340.1, 20350.1, 20360.1, 20370.1, 20380.1, 20390.1, 20400.1, 20410.1, 20420.1, 20430.1, 20440.1, 20450.1, 20460.1, 20470.1
20480.1, 20490.1, 20500.1, 20510.1, 20520.1, 20530.1, 20540.1, 20550.1, 20560.1, 20570.1, 20580.1, 20590.1, 20600.1, 20610.1, 20620.1, 20630.1, 20640.1, 20650.1, 20660.1, 20670.1, 20680.1, 20690.1, 20700.1, 20710.1, 20720.1, 20730.1, 20740.1, 20750.1, 20760.1, 20770.1, 20780.1, 20790.1, 20800.1, 20810.1, 20820.1, 20830.1, 20840.1, 20850.1, 20860.1, 20870.1, 20880.1, 20890.1, 20900.1, 20910.1, 20920.1, 20930.1, 20940.1, 20950.1, 20960.1, 20970.1, 20980.1, 20990.1, 21000.1, 21010.1, 21020.1, 21030.1, 21040.1, 21050.1, 21060.1, 21070.1, 21080.1, 21090.1, 21100.1, 21110.1, 21120.1, 21130.1, 21140.1, 21150.1, 21160.1, 21170.1, 21180.1, 21190.1, 21200.1, 21210.1, 21220.1, 21230.1, 21240.1, 21250.1, 21260.1, 21270.1, 21280.1, 21290.1, 21300.1, 21310.1, 21320.1, 21330.1, 21340.1, 21350.1, 21360.1, 21370.1, 21380.1, 21390.1, 21400.1, 21410.1, 21420.1, 21430.1, 21440.1, 21450.1, 21460.1, 21470.1, 21480.1, 21490.1, 21500.1, 21510.1, 21520.1, 21530.1, 21540.1, 21550.1, 21560.1, 21570.1, 21580.1, 21590.1, 21600.1, 21610.1, 21620.1, 21630.1, 21640.1, 21650.1, 21660.1, 21670.1, 21680.1, 21690.1, 21700.1, 21710.1, 21720.1, 21730.1, 21740.1, 21750.1
21760.1, 21770.1, 21780.1, 21790.1, 21800.1, 21810.1, 21820.1, 21830.1, 21840.1, 21850.1, 21860.1, 21870.1, 21880.1, 21890.1, 21900.1, 21910.1, 21920.1, 21930.1, 21940.1, 21950.1, 21960.1, 21970.1, 21980.1, 21990.1, 22000.1, 22010.1, 22020.1, 22030.1, 22040.1, 22050.1, 22060.1, 22070.1, 22080.1, 22090.1, 22100.1, 22110.1, 22120.1, 22130.1, 22140.1, 22150.1, 22160.1, 22170.1, 22180.1, 22190.1, 22200.1, 22210.1, 22220.1, 22230.1, 22240.1, 22250.1, 22260.1, 22270.1, 22280.1, 22290.1, 22300.1, 22310.1, 22320.1, 22330.1, 22340.1, 22350.1, 22360.1, 22370.1, 22380.1, 22390.1, 22400.1, 22410.1, 22420.1, 22430.1, 22440.1, 22450.1, 22460.1, 22470.1, 22480.1, 22490.1, 22500.1, 22510.1, 22520.1, 22530.1, 22540.1, 22550.1, 22560.1, 22570.1, 22580.1, 22590.1, 22600.1, 22610.1, 22620.1, 22630.1, 22640.1, 22650.1, 22660.1, 22670.1, 22680.1, 22690.1, 22700.1, 22710.1, 22720.1, 22730.1, 22740.1, 22750.1, 22760.1, 22770.1, 22780.1, 22790.1, 22800.1, 22810.1, 22820.1, 22830.1, 22840.1, 22850.1, 22860.1, 22870.1, 22880.1, 22890.1, 22900.1, 22910.1, 22920.1, 22930.1, 22940.1, 22950.1, 22960.1, 22970.1, 22980.1, 22990.1, 23000.1, 23010.1, 23020.1, 23030.1
23040.1, 23050.1, 23060.1, 23070.1, 23080.1, 23090.1, 23100.1, 23110.1, 23120.1, 23130.1, 23140.1, 23150.1, 23160.1, 23170.1, 23180.1, 23190.1, 23200.1, 23210.1, 23220.1, 23230.1, 23240.1, 23250.1, 23260.1, 23270.1, 23280.1, 23290.1, 23300.1, 23310.1, 23320.1, 23330.1, 23340.1, 23350.1, 23360.1, 23370.1, 23380.1, 23390.1, 23400.1, 23410.1, 23420.1, 23430.1, 23440.1, 23450.1, 23460.1, 23470.1, 23480.1, 23490.1, 23500.1, 23510.1, 23520.1, 23530.1, 23540.1, 23550.1, 23560.1, 23570.1, 23580.1, 23590.1, 23600.1, 23610.1, 23620.1, 23630.1, 23640.1, 23650.1, 23660.1, 23670.1, 23680.1, 23690.1, 23700.1, 23710.1, 23720.1, 23730.1, 23740.1, 23750.1, 23760.1, 23770.1, 23780.1, 23790.1, 23800.1, 23810.1, 23820.1, 23830.1, 23840.1, 23850.1, 23860.1, 23870.1, 23880.1, 23890.1, 23900.1, 23910.1, 23920.1, 23930.1, 23940.1, 23950.1, 23960.1, 23970.1, 23980.1, 23990.1, 24000.1, 24010.1, 24020.1, 24030.1, 24040.1, 24050.1, 24060.1, 24070.1, 24080.1, 24090.1, 24100.1, 24110.1, 24120.1, 24130.1, 24140.1, 24150.1, 24160.1, 24170.1, 24180.1, 24190.1, 24200.1, 24210.1, 24220.1, 24230.1, 24240.1, 24250.1, 24260.1, 24270.1, 24280.1, 24290.1, 24300.1, 24310.1
24320.1, 24330.1, 24340.1, 24350.1, 24360.1, 24370.1, 24380.1, 24390.1, 24400.1, 24410.1, 24420.1, 24430.1, 24440.1, 24450.1, 24460.1, 24470.1, 24480.1, 24490.1, 24500.1, 24510.1, 24520.1, 24530.1, 24540.1, 24550.1, 24560.1, 24570.1, 24580.1, 24590.1, 24600.1, 24610.1, 24620.1, 24630.1, 24640.1, 24650.1, 24660.1, 24670.1, 24680.1, 24690.1, 24700.1, 24710.1, 24720.1, 24730.1, 24740.1, 24750.1, 24760.1, 24770.1, 24780.1, 24790.1, 24800.1, 24810.1, 24820.1, 24830.1, 24840.1, 24850.1, 24860.1, 24870.1, 24880.1, 24890.1, 24900.1, 24910.1, 24920.1, 24930.1, 24940.1, 24950.1, 24960.1, 24970.1, 24980.1, 24990.1, 25000.1, 25010.1, 25020.1, 25030.1, 25040.1, 25050.1, 25060.1, 25070.1, 25080.1, 25090.1, 25100.1, 25110.1, 25120.1, 25130.1, 25140.1, 25150.1, 25160.1, 25170.1, 25180.1, 25190.1, 25200.1, 25210.1, 25220.1, 25230.1, 25240.1, 25250.1, 25260.1, 25270.1, 25280.1, 25290.1, 25300.1, 25310.1, 25320.1, 25330.1, 25340.1, 25350.1, 25360.1, 25370.1, 25380.1, 25390.1, 25400.1, 25410.1, 25420.1, 25430.1, 25440.1, 25450.1, 25460.1, 25470.1, 25480.1, 25490.1, 25500.1, 25510.1, 25520.1, 25530.1, 25540.1, 25550.1, 25560.1, 25570.1, 25580.1, 25590.1
25600.1, 25610.1, 25620.1, 25630.1, 25640.1, 25650.1, 25660.1, 25670.1, 25680.1, 25690.1, 25700.1, 25710.1, 25720.1, 25730.1, 25740.1, 25750.1, 25760.1, 25770.1, 25780.1, 25790.1, 25800.1, 25810.1, 25820.1, 25830.1, 25840.1, 25850.1, 25860.1, 25870.1, 25880.1, 25890.1, 25900.1, 25910.1, 25920.1, 25930.1, 25940.1, 25950.1, 25960.1, 25970.1, 25980.1, 25990.1, 26000.1, 26010.1, 26020.1, 26030.1, 26040.1, 26050.1, 26060.1, 26070.1, 26080.1, 26090.1, 26100.1, 26110.1, 26120.1, 26130.1, 26140.1, 26150.1, 26160.1, 26170.1, 26180.1, 26190.1, 26200.1, 26210.1, 26220.1, 26230.1, 26240.1, 26250.1, 26260.1, 26270.1, 26280.1, 26290.1, 26300.1, 26310.1, 26320.1, 26330.1, 26340.1, 26350.1, 26360.1, 26370.1, 26380.1, 26390.1, 26400.1, 26410.1, 26420.1, 26430.1, 26440.1, 26450.1, 26460.1, 26470.1, 26480.1, 26490.1, 26500.1, 26510.1, 26520.1, 26530.1, 26540.1, 26550.1, 26560.1, 26570.1, 26580.1, 26590.1, 26600.1, 26610.1, 26620.1, 26630.1, 26640.1, 26650.1, 26660.1, 26670.1, 26680.1, 26690.1, 26700.1, 26710.1, 26720.1, 26730.1, 26740.1, 26750.1, 26760.1, 26770.1, 26780.1, 26790.1, 26800.1, 26810.1, 26820.1, 26830.1, 26840.1, 26850.1, 26860.1, 26870.1
26880.1, 26890.1, 26900.1, 26910.1, 26920.1, 26930.1, 26940.1, 26950.1, 26960.1, 26970.1, 26980.1, 26990.1, 27000.1, 27010.1, 27020.1, 27030.1, 27040.1, 27050.1, 27060.1, 27070.1, 27080.1, 27090.1, 27100.1, 27110.1, 27120.1, 27130.1, 27140.1, 27150.1, 27160.1, 27170.1, 27180.1, 27190.1, 27200.1, 27210.1, 27220.1, 27230.1, 27240.1, 27250.1, 27260.1, 27270.1, 27280.1, 27290.1, 27300.1, 27310.1, 27320.1, 27330.1, 27340.1, 27350.1, 27360.1, 27370.1, 27380.1, 27390.1, 27400.1, 27410.1, 27420.1, 27430.1, 27440.1, 27450.1, 27460.1, 27470.1, 27480.1, 27490.1, 27500.1, 27510.1, 27520.1, 27530.1, 27540.1, 27550.1, 27560.1, 27570.1, 27580.1, 27590.1, 27600.1, 27610.1, 27620.1, 27630.1, 27640.1, 27650.1, 27660.1, 27670.1, 27680.1, 27690.1, 27700.1, 27710.1, 27720.1, 27730.1, 27740.1, 27750.1, 27760.1, 27770.1, 27780.1, 27790.1, 27800.1, 27810.1, 27820.1, 27830.1, 27840.1, 27850.1, 27860.1, 27870.1, 27880.1, 27890.1, 27900.1, 27910.1, 27920.1, 27930.1, 27940.1, 27950.1, 27960.1, 27970.1, 27980.1, 27990.1, 28000.1, 28010.1, 28020.1, 28030.1, 28040.1, 28050.1, 28060.1, 28070.1, 28080.1, 28090.1, 28100.1, 28110.1, 28120.1, 28130.1, 28140.1, 28150.1
28160.1, 28170.1, 28180.1, 28190.1, 28200.1, 28210.1, 28220.1, 28230.1, 28240.1, 28250.1, 28260.1, 28270.1, 28280.1, 28290.1, 28300.1, 28310.1, 28320.1, 28330.1, 28340.1, 28350.1, 28360.1, 28370.1, 28380.1, 28390.1, 28400.1, 28410.1, 28420.1, 28430.1, 28440.1, 28450.1, 28460.1, 28470.1, 28480.1, 28490.1, 28500.1, 28510.1, 28520.1, 28530.1, 28540.1, 28550.1, 28560.1, 28570.1, 28580.1, 28590.1, 28600.1, 28610.1, 28620.1, 28630.1, 28640.1, 28650.1, 28660.1, 28670.1, 28680.1, 28690.1, 28700.1, 28710.1, 28720.1, 28730.1, 28740.1, 28750.1, 28760.1, 28770.1, 28780.1, 28790.1, 28800.1, 28810.1, 28820.1, 28830.1, 28840.1, 28850.1, 28860.1, 28870.1, 28880.1, 28890.1, 28900.1, 28910.1, 28920.1, 28930.1, 28940.1, 28950.1, 28960.1, 28970.1, 28980.1, 28990.1, 29000.1, 29010.1, 29020.1, 29030.1, 29040.1, 29050.1, 29060.1, 29070.1, 29080.1, 29090.1, 29100.1, 29110.1, 29120.1, 29130.1, 29140.1, 29150.1, 29160.1, 29170.1, 29180.1, 29190.1, 29200.1, 29210.1, 29220.1, 29230.1, 29240.1, 29250.1, 29260.1, 29270.1, 29280.1, 29290.1, 29300.1, 29310.1, 29320.1, 29330.1, 29340.1, 29350.1, 29360.1, 29370.1, 29380.1, 29390.1, 29400.1, 29410.1, 29420.1, 29430.1
29440.1, 29450.1, 29460.1, 29470.1, 29480.1, 29490.1, 29500.1, 29510.1, 29520.1, 29530.1, 29540.1, 29550.1, 29560.1, 29570.1, 29580.1, 29590.1, 29600.1, 29610.1, 29620.1, 29630.1, 29640.1, 29650.1, 29660.1, 29670.1, 29680.1, 29690.1, 29700.1, 29710.1, 29720.1, 29730.1, 29740.1, 29750.1, 29760.1, 29770.1, 29780.1, 29790.1, 29800.1, 29810.1, 29820.1, 29830.1, 29840.1, 29850.1, 29860.1, 29870.1, 29880.1, 29890.1, 29900.1, 29910.1, 29920.1, 29930.1, 29940.1, 29950.1, 29960.1, 29970.1, 29980.1, 29990.1, 30000.1, 30010.1, 30020.1, 30030.1, 30040.1, 30050.1, 30060.1, 30070.1, 30080.1, 30090.1, 30100.1, 30110.1, 30120.1, 30130.1, 30140.1, 30150.1, 30160.1, 30170.1, 30180.1, 30190.1, 30200.1, 30210.1, 30220.1, 30230.1, 30240.1, 30250.1, 30260.1, 30270.1, 30280.1, 30290.1, 30300.1, 30310.1, 30320.1, 30330.1, 30340.1, 30350.1, 30360.1, 30370.1, 30380.1, 30390.1, 30400.1, 30410.1, 30420.1, 30430.1, 30440.1, 30450.1, 30460.1, 30470.1, 30480.1, 30490.1, 30500.1, 30510.1, 30520.1, 30530.1, 30540.1, 30550.1, 30560.1, 30570.1, 30580.1, 30590.1, 30600.1, 30610.1, 30620.1, 30630.1, 30640.1, 30650.1, 30660.1, 30670.1, 30680.1, 30690.1, 30700.1, 30710.1
30720.1, 30730.1, 30740.1, 30750.1, 30760.1, 30770.1, 30780.1, 30790.1, 30800.1, 30810.1, 30820.1, 30830.1, 30840.1, 30850.1, 30860.1, 30870.1, 30880.1, 30890.1, 30900.1, 30910.1, 30920.1, 30930.1, 30940.1, 30950.1, 30960.1, 30970.1, 30980.1, 30990.1, 31000.1, 31010.1, 31020.1, 31030.1, 31040.1, 31050.1, 31060.1, 31070.1, 31080.1, 31090.1, 31100.1, 31110.1, 31120.1, 31130.1, 31140.1, 31150.1, 31160.1, 31170.1, 31180.1, 31190.1, 31200.1, 31210.1, 31220.1, 31230.1, 31240.1, 31250.1, 31260.1, 31270.1, 31280.1, 31290.1, 31300.1, 31310.1, 31320.1, 31330.1, 31340.1, 31350.1, 31360.1, 31370.1, 31380.1, 31390.1, 31400.1, 31410.1, 31420.1, 31430.1, 31440.1, 31450.1, 31460.1, 31470.1, 31480.1, 31490.1, 31500.1, 31510.1, 31520.1, 31530.1, 31540.1, 31550.1, 31560.1, 31570.1, 31580.1, 31590.1, 31600.1, 31610.1, 31620.1, 31630.1, 31640.1, 31650.1, 31660.1, 31670.1, 31680.1, 31690.1, 31700.1, 31710.1, 31720.1, 31730.1, 31740.1, 31750.1, 31760.1, 31770.1, 31780.1, 31790.1, 31800.1, 31810.1, 31820.1, 31830.1, 31840.1, 31850.1, 31860.1, 31870.1, 31880.1, 31890.1, 31900.1, 31910.1, 31920.1, 31930.1, 31940.1, 31950.1, 31960.1, 31970.1, 31980.1, 31990.1
32000.1, 32010.1, 32020.1, 32030.1, 32040.1, 32050.1, 32060.1, 32070.1, 32080.1, 32090.1, 32100.1, 32110.1, 32120.1, 32130.1, 32140.1, 32150.1, 32160.1, 32170.1, 32180.1, 32190.1, 32200.1, 32210.1, 32220.1, 32230.1, 32240.1, 32250.1, 32260.1, 32270.1, 32280.1, 32290.1, 32300.1, 32310.1, 32320.1, 32330.1, 32340.1, 32350.1, 32360.1, 32370.1, 32380.1, 32390.1, 32400.1, 32410.1, 32420.1, 32430.1, 32440.1, 32450.1, 32460.1, 32470.1, 32480.1, 32490.1, 32500.1, 32510.1, 32520.1, 32530.1, 32540.1, 32550.1, 32560.1, 32570.1, 32580.1, 32590.1, 32600.1, 32610.1, 32620.1, 32630.1, 32640.1, 32650.1, 32660.1, 32670.1, 32680.1, 32690.1, 32700.1, 32710.1, 32720.1, 32730.1, 32740.1, 32750.1, 32760.1, 32770.1, 32780.1, 32790.1, 32800.1, 32810.1, 32820.1, 32830.1, 32840.1, 32850.1, 32860.1, 32870.1, 32880.1, 32890.1, 32900.1, 32910.1, 32920.1, 32930.1, 32940.1, 32950.1, 32960.1, 32970.1, 32980.1, 32990.1, 33000.1, 33010.1, 33020.1, 33030.1, 33040.1, 33050.1, 33060.1, 33070.1, 33080.1, 33090.1, 33100.1, 33110.1, 33120.1, 33130.1, 33140.1, 33150.1, 33160.1, 33170.1, 33180.1, 33190.1, 33200.1, 33210.1, 33220.1, 33230.1, 33240.1, 33250.1, 33260.1, 33270.1
33280.1, 33290.1, 33300.1, 33310.1, 33320.1, 33330.1, 33340.1, 33350.1, 33360.1, 33370.1, 33380.1, 33390.1, 33400.1, 33410.1, 33420.1, 33430.1, 33440.1, 33450.1, 33460.1, 33470.1, 33480.1, 33490.1, 33500.1, 33510.1, 33520.1, 33530.1, 33540.1, 33550.1, 33560.1, 33570.1, 33580.1, 33590.1, 33600.1, 33610.1, 33620.1, 33630.1, 33640.1, 33650.1, 33660.1, 33670.1, 33680.1, 33690.1, 33700.1, 33710.1, 33720.1, 33730.1, 33740.1, 33750.1, 33760.1, 33770.1, 33780.1, 33790.1, 33800.1, 33810.1, 33820.1, 33830.1, 33840.1, 33850.1, 33860.1, 33870.1, 33880.1, 33890.1, 33900.1, 33910.1, 33920.1, 33930.1, 33940.1, 33950.1, 33960.1, 33970.1, 33980.1, 33990.1, 34000.1, 34010.1, 34020.1, 34030.1, 34040.1, 34050.1, 34060.1, 34070.1, 34080.1, 34090.1, 34100.1, 34110.1, 34120.1, 34130.1, 34140.1, 34150.1, 34160.1, 34170.1, 34180.1, 34190.1, 34200.1, 34210.1, 34220.1, 34230.1, 34240.1, 34250.1, 34260.1, 34270.1, 34280.1, 34290.1, 34300.1, 34310.1, 34320.1, 34330.1, 34340.1, 34350.1, 34360.1, 34370.1, 34380.1, 34390.1, 34400.1, 34410.1, 34420.1, 34430.1, 34440.1, 34450.1, 34460.1, 34470.1, 34480.1, 34490.1, 34500.1, 34510.1, 34520.1, 34530.1, 34540.1, 34550.1
34560.1, 34570.1, 34580.1, 34590.1, 34600.1, 34610.1, 34620.1, 34630.1, 34640.1, 34650.1, 34660.1, 34670.1, 34680.1, 34690.1, 34700.1, 34710.1, 34720.1, 34730.1, 34740.1, 34750.1, 34760.1, 34770.1, 34780.1, 34790.1, 34800.1, 34810.1, 34820.1, 34830.1, 34840.1, 34850.1, 34860.1, 34870.1, 34880.1, 34890.1, 34900.1, 34910.1, 34920.1, 34930.1, 34940.1, 34950.1, 34960.1, 34970.1, 34980.1, 34990.1, 35000.1, 35010.1, 35020.1, 35030.1, 35040.1, 35050.1, 35060.1, 35070.1, 35080.1, 35090.1, 35100.1, 35110.1, 35120.1, 35130.1, 35140.1, 35150.1, 35160.1, 35170.1, 35180.1, 35190.1, 35200.1, 35210.1, 35220.1, 35230.1, 35240.1, 35250.1, 35260.1, 35270.1, 35280.1, 35290.1, 35300.1, 35310.1, 35320.1, 35330.1, 35340.1, 35350.1, 35360.1, 35370.1, 35380.1, 35390.1, 35400.1, 35410.1, 35420.1, 35430.1, 35440.1, 35450.1, 35460.1, 35470.1, 35480.1, 35490.1, 35500.1, 35510.1, 35520.1, 35530.1, 35540.1, 35550.1, 35560.1, 35570.1, 35580.1, 35590.1, 35600.1, 35610.1, 35620.1, 35630.1, 35640.1, 35650.1, 35660.1, 35670.1, 35680.1, 35690.1, 35700.1, 35710.1, 35720.1, 35730.1, 35740.1, 35750.1, 35760.1, 35770.1, 35780.1, 35790.1, 35800.1, 35810.1, 35820.1, 35830.1
35840.1, 35850.1, 35860.1, 35870.1, 35880.1, 35890.1, 35900.1, 35910.1, 35920.1, 35930.1, 35940.1, 35950.1, 35960.1, 35970.1, 35980.1, 35990.1, 36000.1, 36010.1, 36020.1, 36030.1, 36040.1, 36050.1, 36060.1, 36070.1, 36080.1, 36090.1, 36100.1, 36110.1, 36120.1, 36130.1, 36140.1, 36150.1, 36160.1, 36170.1, 36180.1, 36190.1, 36200.1, 36210.1, 36220.1, 36230.1, 36240.1, 36250.1, 36260.1, 36270.1, 36280.1, 36290.1, 36300.1, 36310.1, 36320.1, 36330.1, 36340.1, 36350.1, 36360.1, 36370.1, 36380.1, 36390.1, 36400.1, 36410.1, 36420.1, 36430.1, 36440.1, 36450.1, 36460.1, 36470.1, 36480.1, 36490.1, 36500.1, 36510.1, 36520.1, 36530.1, 36540.1, 36550.1, 36560.1, 36570.1, 36580.1, 36590.1, 36600.1, 36610.1, 36620.1, 36630.1, 36640.1, 36650.1, 36660.1, 36670.1, 36680.1, 36690.1, 36700.1, 36710.1, 36720.1, 36730.1, 36740.1, 36750.1, 36760.1, 36770.1, 36780.1, 36790.1, 36800.1, 36810.1, 36820.1, 36830.1, 36840.1, 36850.1, 36860.1, 36870.1, 36880.1, 36890.1, 36900.1, 36910.1, 36920.1, 36930.1, 36940.1, 36950.1, 36960.1, 36970.1, 36980.1, 36990.1, 37000.1, 37010.1, 37020.1, 37030.1, 37040.1, 37050.1, 37060.1, 37070.1, 37080.1, 37090.1, 37100.1, 37110.1
37120.1, 37130.1, 37140.1, 37150.1, 37160.1, 37170.1, 37180.1, 37190.1, 37200.1, 37210.1, 37220.1, 37230.1, 37240.1, 37250.1, 37260.1, 37270.1, 37280.1, 37290.1, 37300.1, 37310.1, 37320.1, 37330.1, 37340.1, 37350.1, 37360.1, 37370.1, 37380.1, 37390.1, 37400.1, 37410.1, 37420.1, 37430.1, 37440.1, 37450.1, 37460.1, 37470.1, 37480.1, 37490.1, 37500.1, 37510.1, 37520.1, 37530.1, 37540.1, 37550.1, 37560.1, 37570.1, 37580.1, 37590.1, 37600.1, 37610.1, 37620.1, 37630.1, 37640.1, 37650.1, 37660.1, 37670.1, 37680.1, 37690.1, 37700.1, 37710.1, 37720.1, 37730.1, 37740.1, 37750.1, 37760.1, 37770.1, 37780.1, 37790.1, 37800.1, 37810.1, 37820.1, 37830.1, 37840.1, 37850.1, 37860.1, 37870.1, 37880.1, 37890.1, 37900.1, 37910.1, 37920.1, 37930.1, 37940.1, 37950.1, 37960.1, 37970.1, 37980.1, 37990.1, 38000.1, 38010.1, 38020.1, 38030.1, 38040.1, 38050.1, 38060.1, 38070.1, 38080.1, 38090.1, 38100.1, 38110.1, 38120.1, 38130.1, 38140.1, 38150.1, 38160.1, 38170.1, 38180.1, 38190.1, 38200.1, 38210.1, 38220.1, 38230.1, 38240.1, 38250.1, 38260.1, 38270.1, 38280.1, 38290.1, 38300.1, 38310.1, 38320.1, 38330.1, 38340.1, 38350.1, 38360.1, 38370.1, 38380.1, 38390.1
38400.1, 38410.1, 38420.1, 38430.1, 38440.1, 38450.1, 38460.1, 38470.1, 38480.1, 38490.1, 38500.1, 38510.1, 38520.1, 38530.1, 38540.1, 38550.1, 38560.1, 38570.1, 38580.1, 38590.1, 38600.1, 38610.1, 38620.1, 38630.1, 38640.1, 38650.1, 38660.1, 38670.1, 38680.1, 38690.1, 38700.1, 38710.1, 38720.1, 38730.1, 38740.1, 38750.1, 38760.1, 38770.1, 38780.1, 38790.1, 38800.1, 38810.1, 38820.1, 38830.1, 38840.1, 38850.1, 38860.1, 38870.1, 38880.1, 38890.1, 38900.1, 38910.1, 38920.1, 38930.1, 38940.1, 38950.1, 38960.1, 38970.1, 38980.1, 38990.1, 39000.1, 39010.1, 39020.1, 39030.1, 39040.1, 39050.1, 39060.1, 39070.1, 39080.1, 39090.1, 39100.1, 39110.1, 39120.1, 39130.1, 39140.1, 39150.1, 39160.1, 39170.1, 39180.1, 39190.1, 39200.1, 39210.1, 39220.1, 39230.1, 39240.1, 39250.1, 39260.1, 39270.1, 39280.1, 39290.1, 39300.1, 39310.1, 39320.1, 39330.1, 39340.1, 39350.1, 39360.1, 39370.1, 39380.1, 39390.1, 39400.1, 39410.1, 39420.1, 39430.1, 39440.1, 39450.1, 39460.1, 39470.1, 39480.1, 39490.1, 39500.1, 39510.1, 39520.1, 39530.1, 39540.1, 39550.1, 39560.1, 39570.1, 39580.1, 39590.1, 39600.1, 39610.1, 39620.1, 39630.1, 39640.1, 39650.1, 39660.1, 39670.1
39680.1, 39690.1, 39700.1, 39710.1, 39720.1, 39730.1, 39740.1, 39750.1, 39760.1, 39770.1, 39780.1, 39790.1, 39800.1, 39810.1, 39820.1, 39830.1, 39840.1, 39850.1, 39860.1, 39870.1, 39880.1, 39890.1, 39900.1, 39910.1, 39920.1, 39930.1, 39940.1, 39950.1, 39960.1, 39970.1, 39980.1, 39990.1, 40000.1, 40010.1, 40020.1, 40030.1, 40040.1, 40050.1, 40060.1, 40070.1, 40080.1, 40090.1, 40100.1, 40110.1, 40120.1, 40130.1, 40140.1, 40150.1, 40160.1, 40170.1, 40180.1, 40190.1, 40200.1, 40210.1, 40220.1, 40230.1, 40240.1, 40250.1, 40260.1, 40270.1, 40280.1, 40290.1, 40300.1, 40310.1, 40320.1, 40330.1, 40340.1, 40350.1, 40360.1, 40370.1, 40380.1, 40390.1, 40400.1, 40410.1, 40420.1, 40430.1, 40440.1, 40450.1, 40460.1, 40470.1, 40480.1, 40490.1, 40500.1, 40510.1, 40520.1, 40530.1, 40540.1, 40550.1, 40560.1, 40570.1, 40580.1, 40590.1, 40600.1, 40610.1, 40620.1, 40630.1, 40640.1, 40650.1, 40660.1, 40670.1, 40680.1, 40690.1, 40700.1, 40710.1, 40720.1, 40730.1, 40740.1, 40750.1, 40760.1, 40770.1, 40780.1, 40790.1, 40800.1, 40810.1, 40820.1, 40830.1, 40840.1, 40850.1, 40860.1, 40870.1, 40880.1, 40890.1, 40900.1, 40910.1, 40920.1, 40930.1, 40940.1, 40950.1
40960.1, 40970.1, 40980.1, 40990.1, 41000.1, 41010.1, 41020.1, 41030.1, 41040.1, 41050.1, 41060.1, 41070.1, 41080.1, 41090.1, 41100.1, 41110.1, 41120.1, 41130.1, 41140.1, 41150.1, 41160.1, 41170.1, 41180.1, 41190.1, 41200.1, 41210.1, 41220.1, 41230.1, 41240.1, 41250.1, 41260.1, 41270.1, 41280.1, 41290.1, 41300.1, 41310.1, 41320.1, 41330.1, 41340.1, 41350.1, 41360.1, 41370.1, 41380.1, 41390.1, 41400.1, 41410.1, 41420.1, 41430.1, 41440.1, 41450.1, 41460.1, 41470.1, 41480.1, 41490.1, 41500.1, 41510.1, 41520.1, 41530.1, 41540.1, 41550.1, 41560.1, 41570.1, 41580.1, 41590.1, 41600.1, 41610.1, 41620.1, 41630.1, 41640.1, 41650.1, 41660.1, 41670.1, 41680.1, 41690.1, 41700.1, 41710.1, 41720.1, 41730.1, 41740.1, 41750.1, 41760.1, 41770.1, 41780.1, 41790.1, 41800.1, 41810.1, 41820.1, 41830.1, 41840.1, 41850.1, 41860.1, 41870.1, 41880.1, 41890.1, 41900.1, 41910.1, 41920.1, 41930.1, 41940.1, 41950.1, 41960.1, 41970.1, 41980.1, 41990.1, 42000.1, 42010.1, 42020.1, 42030.1, 42040.1, 42050.1, 42060.1, 42070.1, 42080.1, 42090.1, 42100.1, 42110.1, 42120.1, 42130.1, 42140.1, 42150.1, 42160.1, 42170.1, 42180.1, 42190.1, 42200.1, 42210.1, 42220.1, 42230.1
42240.1, 42250.1, 42260.1, 42270.1, 42280.1, 42290.1, 42300.1, 42310.1, 42320.1, 42330.1, 42340.1, 42350.1, 42360.1, 42370.1, 42380.1, 42390.1, 42400.1, 42410.1, 42420.1, 42430.1, 42440.1, 42450.1, 42460.1, 42470.1, 42480.1, 42490.1, 42500.1, 42510.1, 42520.1, 42530.1, 42540.1, 42550.1, 42560.1, 42570.1, 42580.1, 42590.1, 42600.1, 42610.1, 42620.1, 42630.1, 42640.1, 42650.1, 42660.1, 42670.1, 42680.1, 42690.1, 42700.1, 42710.1, 42720.1, 42730.1, 42740.1, 42750.1, 42760.1, 42770.1, 42780.1, 42790.1, 42800.1, 42810.1, 42820.1, 42830.1, 42840.1, 42850.1, 42860.1, 42870.1, 42880.1, 42890.1, 42900.1, 42910.1, 42920.1, 42930.1, 42940.1, 42950.1, 42960.1, 42970.1, 42980.1, 42990.1, 43000.1, 43010.1, 43020.1, 43030.1, 43040.1, 43050.1, 43060.1, 43070.1, 43080.1, 43090.1, 43100.1, 43110.1, 43120.1, 43130.1, 43140.1, 43150.1, 43160.1, 43170.1, 43180.1, 43190.1, 43200.1, 43210.1, 43220.1, 43230.1, 43240.1, 43250.1, 43260.1, 43270.1, 43280.1, 43290.1, 43300.1, 43310.1, 43320.1, 43330.1, 43340.1, 43350.1, 43360.1, 43370.1, 43380.1, 43390.1, 43400.1, 43410.1, 43420.1, 43430.1, 43440.1, 43450.1, 43460.1, 43470.1, 43480.1, 43490.1, 43500.1, 43510.1
43520.1, 43530.1, 43540.1, 43550.1, 43560.1, 43570.1, 43580.1, 43590.1, 43600.1, 43610.1, 43620.1, 43630.1, 43640.1, 43650.1, 43660.1, 43670.1, 43680.1, 43690.1, 43700.1, 43710.1, 43720.1, 43730.1, 43740.1, 43750.1, 43760.1, 43770.1, 43780.1, 43790.1, 43800.1, 43810.1, 43820.1, 43830.1, 43840.1, 43850.1, 43860.1, 43870.1, 43880.1, 43890.1, 43900.1, 43910.1, 43920.1, 43930.1, 43940.1, 43950.1, 43960.1, 43970.1, 43980.1, 43990.1, 44000.1, 44010.1, 44020.1, 44030.1, 44040.1, 44050.1, 44060.1, 44070.1, 44080.1, 44090.1, 44100.1, 44110.1, 44120.1, 44130.1, 44140.1, 44150.1, 44160.1, 44170.1, 44180.1, 44190.1, 44200.1, 44210.1, 44220.1, 44230.1, 44240.1, 44250.1, 44260.1, 44270.1, 44280.1, 44290.1, 44300.1, 44310.1, 44320.1, 44330.1, 44340.1, 44350.1, 44360.1, 44370.1, 44380.1, 44390.1, 44400.1, 44410.1, 44420.1, 44430.1, 44440.1, 44450.1, 44460.1, 44470.1, 44480.1, 44490.1, 44500.1, 44510.1, 44520.1, 44530.1, 44540.1, 44550.1, 44560.1, 44570.1, 44580.1, 44590.1, 44600.1, 44610.1, 44620.1, 44630.1, 44640.1, 44650.1, 44660.1, 44670.1, 44680.1, 44690.1, 44700.1, 44710.1, 44720.1, 44730.1, 44740.1, 44750.1, 44760.1, 44770.1, 44780.1, 44790.1
44800.1, 44810.1, 44820.1, 44830.1, 44840.1, 44850.1, 44860.1, 44870.1, 44880.1, 44890.1, 44900.1, 44910.1, 44920.1, 44930.1, 44940.1, 44950.1, 44960.1, 44970.1, 44980.1, 44990.1, 45000.1, 45010.1, 45020.1, 45030.1, 45040.1, 45050.1, 45060.1, 45070.1, 45080.1, 45090.1, 45100.1, 45110.1, 45120.1, 45130.1, 45140.1, 45150.1, 45160.1, 45170.1, 45180.1, 45190.1, 45200.1, 45210.1, 45220.1, 45230.1, 45240.1, 45250.1, 45260.1, 45270.1, 45280.1, 45290.1, 45300.1, 45310.1, 45320.1, 45330.1, 45340.1, 45350.1, 45360.1, 45370.1, 45380.1, 45390.1, 45400.1, 45410.1, 45420.1, 45430.1, 45440.1, 45450.1, 45460.1, 45470.1, 45480.1, 45490.1, 45500.1, 45510.1, 45520.1, 45530.1, 45540.1, 45550.1, 45560.1, 45570.1, 45580.1, 45590.1, 45600.1, 45610.1, 45620.1, 45630.1, 45640.1, 45650.1, 45660.1, 45670.1, 45680.1, 45690.1, 45700.1, 45710.1, 45720.1, 45730.1, 45740.1, 45750.1, 45760.1, 45770.1, 45780.1, 45790.1, 45800.1, 45810.1, 45820.1, 45830.1, 45840.1, 45850.1, 45860.1, 45870.1, 45880.1, 45890.1, 45900.1, 45910.1, 45920.1, 45930.1, 45940.1, 45950.1, 45960.1, 45970.1, 45980.1, 45990.1, 46000.1, 46010.1, 46020.1, 46030.1, 46040.1, 46050.1, 46060.1, 46070.1
46080.1, 46090.1, 46100.1, 46110.1, 46120.1, 46130.1, 46140.1, 46150.1, 46160.1, 46170.1, 46180.1, 46190.1, 46200.1, 46210.1, 46220.1, 46230.1, 46240.1, 46250.1, 46260.1, 46270.1, 46280.1, 46290.1, 46300.1, 46310.1, 46320.1, 46330.1, 46340.1, 46350.1, 46360.1, 46370.1, 46380.1, 46390.1, 46400.1, 46410.1, 46420.1, 46430.1, 46440.1, 46450.1, 46460.1, 46470.1, 46480.1, 46490.1, 46500.1, 46510.1, 46520.1, 46530.1, 46540.1, 46550.1, 46560.1, 46570.1, 46580.1, 46590.1, 46600.1, 46610.1, 46620.1, 46630.1, 46640.1, 46650.1, 46660.1, 46670.1, 46680.1, 46690.1, 46700.1, 46710.1, 46720.1, 46730.1, 46740.1, 46750.1, 46760.1, 46770.1, 46780.1, 46790.1, 46800.1, 46810.1, 46820.1, 46830.1, 46840.1, 46850.1, 46860.1, 46870.1, 46880.1, 46890.1, 46900.1, 46910.1, 46920.1, 46930.1, 46940.1, 46950.1, 46960.1, 46970.1, 46980.1, 46990.1, 47000.1, 47010.1, 47020.1, 47030.1, 47040.1, 47050.1, 47060.1, 47070.1, 47080.1, 47090.1, 47100.1, 47110.1, 47120.1, 47130.1, 47140.1, 47150.1, 47160.1, 47170.1, 47180.1, 47190.1, 47200.1, 47210.1, 47220.1, 47230.1, 47240.1, 47250.1, 47260.1, 47270.1, 47280.1, 47290.1, 47300.1, 47310.1, 47320.1, 47330.1, 47340.1, 47350.1
47360.1, 47370.1, 47380.1, 47390.1, 47400.1, 47410.1, 47420.1, 47430.1, 47440.1, 47450.1, 47460.1, 47470.1, 47480.1, 47490.1, 47500.1, 47510.1, 47520.1, 47530.1, 47540.1, 47550.1, 47560.1, 47570.1, 47580.1, 47590.1, 47600.1, 47610.1, 47620.1, 47630.1, 47640.1, 47650.1, 47660.1, 47670.1, 47680.1, 47690.1, 47700.1, 47710.1, 47720.1, 47730.1, 47740.1, 47750.1, 47760.1, 47770.1, 47780.1, 47790.1, 47800.1, 47810.1, 47820.1, 47830.1, 47840.1, 47850.1, 47860.1, 47870.1, 47880.1, 47890.1, 47900.1, 47910.1, 47920.1, 47930.1, 47940.1, 47950.1, 47960.1, 47970.1, 47980.1, 47990.1, 48000.1, 48010.1, 48020.1, 48030.1, 48040.1, 48050.1, 48060.1, 48070.1, 48080.1, 48090.1, 48100.1, 48110.1, 48120.1, 48130.1, 48140.1, 48150.1, 48160.1, 48170.1, 48180.1, 48190.1, 48200.1, 48210.1, 48220.1, 48230.1, 48240.1, 48250.1, 48260.1, 48270.1, 48280.1, 48290.1, 48300.1, 48310.1, 48320.1, 48330.1, 48340.1, 48350.1, 48360.1, 48370.1, 48380.1, 48390.1, 48400.1, 48410.1, 48420.1, 48430.1, 48440.1, 48450.1, 48460.1, 48470.1, 48480.1, 48490.1, 48500.1, 48510.1, 48520.1, 48530.1, 48540.1, 48550.1, 48560.1, 48570.1, 48580.1, 48590.1, 48600.1, 48610.1, 48620.1, 48630.1
48640.1, 48650.1, 48660.1, 48670.1, 48680.1, 48690.1, 48700.1, 48710.1, 48720.1, 48730.1, 48740.1, 48750.1, 48760.1, 48770.1, 48780.1, 48790.1, 48800.1, 48810.1, 48820.1, 48830.1, 48840.1, 48850.1, 48860.1, 48870.1, 48880.1, 48890.1, 48900.1, 48910.1, 48920.1, 48930.1, 48940.1, 48950.1, 48960.1, 48970.1, 48980.1, 48990.1, 49000.1, 49010.1, 49020.1, 49030.1, 49040.1, 49050.1, 49060.1, 49070.1, 49080.1, 49090.1, 49100.1, 49110.1, 49120.1, 49130.1, 49140.1, 49150.1, 49160.1, 49170.1, 49180.1, 49190.1, 49200.1, 49210.1, 49220.1, 49230.1, 49240.1, 49250.1, 49260.1, 49270.1, 49280.1, 49290.1, 49300.1, 49310.1, 49320.1, 49330.1, 49340.1, 49350.1, 49360.1, 49370.1, 49380.1, 49390.1, 49400.1, 49410.1, 49420.1, 49430.1, 49440.1, 49450.1, 49460.1, 49470.1, 49480.1, 49490.1, 49500.1, 49510.1, 49520.1, 49530.1, 49540.1, 49550.1, 49560.1, 49570.1, 49580.1, 49590.1, 49600.1, 49610.1, 49620.1, 49630.1, 49640.1, 49650.1, 49660.1, 49670.1, 49680.1, 49690.1, 49700.1, 49710.1, 49720.1, 49730.1, 49740.1, 49750.1, 49760.1, 49770.1, 49780.1, 49790.1, 49800.1, 49810.1, 49820.1, 49830.1, 49840.1, 49850.1, 49860.1, 49870.1, 49880.1, 49890.1, 49900.1, 49910.1
49920.1, 49930.1, 49940.1, 49950.1, 49960.1, 49970.1, 49980.1, 49990.1, 50000.1, 50010.1, 50020.1, 50030.1, 50040.1, 50050.1, 50060.1, 50070.1, 50080.1, 50090.1, 50100.1, 50110.1, 50120.1, 50130.1, 50140.1, 50150.1, 50160.1, 50170.1, 50180.1, 50190.1, 50200.1, 50210.1, 50220.1, 50230.1, 50240.1, 50250.1, 50260.1, 50270.1, 50280.1, 50290.1, 50300.1, 50310.1, 50320.1, 50330.1, 50340.1, 50350.1, 50360.1, 50370.1, 50380.1, 50390.1, 50400.1, 50410.1, 50420.1, 50430.1, 50440.1, 50450.1, 50460.1, 50470.1, 50480.1, 50490.1, 50500.1, 50510.1, 50520.1, 50530.1, 50540.1, 50550.1, 50560.1, 50570.1, 50580.1, 50590.1, 50600.1, 50610.1, 50620.1, 50630.1, 50640.1, 50650.1, 50660.1, 50670.1, 50680.1, 50690.1, 50700.1, 50710.1, 50720.1, 50730.1, 50740.1, 50750.1, 50760.1, 50770.1, 50780.1, 50790.1, 50800.1, 50810.1, 50820.1, 50830.1, 50840.1, 50850.1, 50860.1, 50870.1, 50880.1, 50890.1, 50900.1, 50910.1, 50920.1, 50930.1, 50940.1, 50950.1, 50960.1, 50970.1, 50980.1, 50990.1, 51000.1, 51010.1, 51020.1, 51030.1, 51040.1, 51050.1, 51060.1, 51070.1, 51080.1, 51090.1, 51100.1, 51110.1, 51120.1, 51130.1, 51140.1, 51150.1, 51160.1, 51170.1, 51180.1, 51190.1
51200.1, 51210.1, 51220.1, 51230.1, 51240.1, 51250.1, 51260.1, 51270.1, 51280.1, 51290.1, 51300.1, 51310.1, 51320.1, 51330.1, 51340.1, 51350.1, 51360.1, 51370.1, 51380.1, 51390.1, 51400.1, 51410.1, 51420.1, 51430.1, 51440.1, 51450.1, 51460.1, 51470.1, 51480.1, 51490.1, 51500.1, 51510.1, 51520.1, 51530.1, 51540.1, 51550.1, 51560.1, 51570.1, 51580.1, 51590.1, 51600.1, 51610.1, 51620.1, 51630.1, 51640.1, 51650.1, 51660.1, 51670.1, 51680.1, 51690.1, 51700.1, 51710.1, 51720.1, 51730.1, 51740.1, 51750.1, 51760.1, 51770.1, 51780.1, 51790.1, 51800.1, 51810.1, 51820.1, 51830.1, 51840.1, 51850.1, 51860.1, 51870.1, 51880.1, 51890.1, 51900.1, 51910.1, 51920.1, 51930.1, 51940.1, 51950.1, 51960.1, 51970.1, 51980.1, 51990.1, 52000.1, 52010.1, 52020.1, 52030.1, 52040.1, 52050.1, 52060.1, 52070.1, 52080.1, 52090.1, 52100.1, 52110.1, 52120.1, 52130.1, 52140.1, 52150.1, 52160.1, 52170.1, 52180.1, 52190.1, 52200.1, 52210.1, 52220.1, 52230.1, 52240.1, 52250.1, 52260.1, 52270.1, 52280.1, 52290.1, 52300.1, 52310.1, 52320.1, 52330.1, 52340.1, 52350.1, 52360.1, 52370.1, 52380.1, 52390.1, 52400.1, 52410.1, 52420.1, 52430.1, 52440.1, 52450.1, 52460.1, 52470.1
52480.1, 52490.1, 52500.1, 52510.1, 52520.1, 52530.1, 52540.1, 52550.1, 52560.1, 52570.1, 52580.1, 52590.1, 52600.1, 52610.1, 52620.1, 52630.1, 52640.1, 52650.1, 52660.1, 52670.1, 52680.1, 52690.1, 52700.1, 52710.1, 52720.1, 52730.1, 52740.1, 52750.1, 52760.1, 52770.1, 52780.1, 52790.1, 52800.1, 52810.1, 52820.1, 52830.1, 52840.1, 52850.1, 52860.1, 52870.1, 52880.1, 52890.1, 52900.1, 52910.1, 52920.1, 52930.1, 52940.1, 52950.1, 52960.1, 52970.1, 52980.1, 52990.1, 53000.1, 53010.1, 53020.1, 53030.1, 53040.1, 53050.1, 53060.1, 53070.1, 53080.1, 53090.1, 53100.1, 53110.1, 53120.1, 53130.1, 53140.1, 53150.1, 53160.1, 53170.1, 53180.1, 53190.1, 53200.1, 53210.1, 53220.1, 53230.1, 53240.1, 53250.1, 53260.1, 53270.1, 53280.1, 53290.1, 53300.1, 53310.1, 53320.1, 53330.1, 53340.1, 53350.1, 53360.1, 53370.1, 53380.1, 53390.1, 53400.1, 53410.1, 53420.1, 53430.1, 53440.1, 53450.1, 53460.1, 53470.1, 53480.1, 53490.1, 53500.1, 53510.1, 53520.1, 53530.1, 53540.1, 53550.1, 53560.1, 53570.1, 53580.1, 53590.1, 53600.1, 53610.1, 53620.1, 53630.1, 53640.1, 53650.1, 53660.1, 53670.1, 53680.1, 53690.1, 53700.1, 53710.1, 53720.1, 53730.1, 53740.1, 53750.1
53760.1, 53770.1, 53780.1, 53790.1, 53800.1, 53810.1, 53820.1, 53830.1, 53840.1, 53850.1, 53860.1, 53870.1, 53880.1, 53890.1, 53900.1, 53910.1, 53920.1, 53930.1, 53940.1, 53950.1, 53960.1, 53970.1, 53980.1, 53990.1, 54000.1, 54010.1, 54020.1, 54030.1, 54040.1, 54050.1, 54060.1, 54070.1, 54080.1, 54090.1, 54100.1, 54110.1, 54120.1, 54130.1, 54140.1, 54150.1, 54160.1, 54170.1, 54180.1, 54190.1, 54200.1, 54210.1, 54220.1, 54230.1, 54240.1, 54250.1, 54260.1, 54270.1, 54280.1, 54290.1, 54300.1, 54310.1, 54320.1, 54330.1, 54340.1, 54350.1, 54360.1, 54370.1, 54380.1, 54390.1, 54400.1, 54410.1, 54420.1, 54430.1, 54440.1, 54450.1, 54460.1, 54470.1, 54480.1, 54490.1, 54500.1, 54510.1, 54520.1, 54530.1, 54540.1, 54550.1, 54560.1, 54570.1, 54580.1, 54590.1, 54600.1, 54610.1, 54620.1, 54630.1, 54640.1, 54650.1, 54660.1, 54670.1, 54680.1, 54690.1, 54700.1, 54710.1, 54720.1, 54730.1, 54740.1, 54750.1, 54760.1, 54770.1, 54780.1, 54790.1, 54800.1, 54810.1, 54820.1, 54830.1, 54840.1, 54850.1, 54860.1, 54870.1, 54880.1, 54890.1, 54900.1, 54910.1, 54920.1, 54930.1, 54940.1, 54950.1, 54960.1, 54970.1, 54980.1, 54990.1, 55000.1, 55010.1, 55020.1, 55030.1
55040.1, 55050.1, 55060.1, 55070.1, 55080.1, 55090.1, 55100.1, 55110.1, 55120.1, 55130.1, 55140.1, 55150.1, 55160.1, 55170.1, 55180.1, 55190.1, 55200.1, 55210.1, 55220.1, 55230.1, 55240.1, 55250.1, 55260.1, 55270.1, 55280.1, 55290.1, 55300.1, 55310.1, 55320.1, 55330.1, 55340.1, 55350.1, 55360.1, 55370.1, 55380.1, 55390.1, 55400.1, 55410.1, 55420.1, 55430.1, 55440.1, 55450.1, 55460.1, 55470.1, 55480.1, 55490.1, 55500.1, 55510.1, 55520.1, 55530.1, 55540.1, 55550.1, 55560.1, 55570.1, 55580.1, 55590.1, 55600.1, 55610.1, 55620.1, 55630.1, 55640.1, 55650.1, 55660.1, 55670.1, 55680.1, 55690.1, 55700.1, 55710.1, 55720.1, 55730.1, 55740.1, 55750.1, 55760.1, 55770.1, 55780.1, 55790.1, 55800.1, 55810.1, 55820.1, 55830.1, 55840.1, 55850.1, 55860.1, 55870.1, 55880.1, 55890.1, 55900.1, 55910.1, 55920.1, 55930.1, 55940.1, 55950.1, 55960.1, 55970.1, 55980.1, 55990.1, 56000.1, 56010.1, 56020.1, 56030.1, 56040.1, 56050.1, 56060.1, 56070.1, 56080.1, 56090.1, 56100.1, 56110.1, 56120.1, 56130.1, 56140.1, 56150.1, 56160.1, 56170.1, 56180.1, 56190.1, 56200.1, 56210.1, 56220.1, 56230.1, 56240.1, 56250.1, 56260.1, 56270.1, 56280.1, 56290.1, 56300.1, 56310.1
56320.1, 56330.1, 56340.1, 56350.1, 56360.1, 56370.1, 56380.1, 56390.1, 56400.1, 56410.1, 56420.1, 56430.1, 56440.1, 56450.1, 56460.1, 56470.1, 56480.1, 56490.1, 56500.1, 56510.1, 56520.1, 56530.1, 56540.1, 56550.1, 56560.1, 56570.1, 56580.1, 56590.1, 56600.1, 56610.1, 56620.1, 56630.1, 56640.1, 56650.1, 56660.1, 56670.1, 56680.1, 56690.1, 56700.1, 56710.1, 56720.1, 56730.1, 56740.1, 56750.1, 56760.1, 56770.1, 56780.1, 56790.1, 56800.1, 56810.1, 56820.1, 56830.1, 56840.1, 56850.1, 56860.1, 56870.1, 56880.1, 56890.1, 56900.1, 56910.1, 56920.1, 56930.1, 56940.1, 56950.1, 56960.1, 56970.1, 56980.1, 56990.1, 57000.1, 57010.1, 57020.1, 57030.1, 57040.1, 57050.1, 57060.1, 57070.1, 57080.1, 57090.1, 57100.1, 57110.1, 57120.1, 57130.1, 57140.1, 57150.1, 57160.1, 57170.1, 57180.1, 57190.1, 57200.1, 57210.1, 57220.1, 57230.1, 57240.1, 57250.1, 57260.1, 57270.1, 57280.1, 57290.1, 57300.1, 57310.1, 57320.1, 57330.1, 57340.1, 57350.1, 57360.1, 57370.1, 57380.1, 57390.1, 57400.1, 57410.1, 57420.1, 57430.1, 57440.1, 57450.1, 57460.1, 57470.1, 57480.1, 57490.1, 57500.1, 57510.1, 57520.1, 57530.1, 57540.1, 57550.1, 57560.1, 57570.1, 57580.1, 57590.1
57600.1, 57610.1, 57620.1, 57630.1, 57640.1, 57650.1, 57660.1, 57670.1, 57680.1, 57690.1, 57700.1, 57710.1, 57720.1, 57730.1, 57740.1, 57750.1, 57760.1, 57770.1, 57780.1, 57790.1, 57800.1, 57810.1, 57820.1, 57830.1, 57840.1, 57850.1, 57860.1, 57870.1, 57880.1, 57890.1, 57900.1, 57910.1, 57920.1, 57930.1, 57940.1, 57950.1, 57960.1, 57970.1, 57980.1, 57990.1, 58000.1, 58010.1, 58020.1, 58030.1, 58040.1, 58050.1, 58060.1, 58070.1, 58080.1, 58090.1, 58100.1, 58110.1, 58120.1, 58130.1, 58140.1, 58150.1, 58160.1, 58170.1, 58180.1, 58190.1, 58200.1, 58210.1, 58220.1, 58230.1, 58240.1, 58250.1, 58260.1, 58270.1, 58280.1, 58290.1, 58300.1, 58310.1, 58320.1, 58330.1, 58340.1, 58350.1, 58360.1, 58370.1, 58380.1, 58390.1, 58400.1, 58410.1, 58420.1, 58430.1, 58440.1, 58450.1, 58460.1, 58470.1, 58480.1, 58490.1, 58500.1, 58510.1, 58520.1, 58530.1, 58540.1, 58550.1, 58560.1, 58570.1, 58580.1, 58590.1, 58600.1, 58610.1, 58620.1, 58630.1, 58640.1, 58650.1, 58660.1, 58670.1, 58680.1, 58690.1, 58700.1, 58710.1, 58720.1, 58730.1, 58740.1, 58750.1, 58760.1, 58770.1, 58780.1, 58790.1, 58800.1, 58810.1, 58820.1, 58830.1, 58840.1, 58850.1, 58860.1, 58870.1
58880.1, 58890.1, 58900.1, 58910.1, 58920.1, 58930.1, 58940.1, 58950.1, 58960.1, 58970.1, 58980.1, 58990.1, 59000.1, 59010.1, 59020.1, 59030.1, 59040.1, 59050.1, 59060.1, 59070.1, 59080.1, 59090.1, 59100.1, 59110.1, 59120.1, 59130.1, 59140.1, 59150.1, 59160.1, 59170.1, 59180.1, 59190.1, 59200.1, 59210.1, 59220.1, 59230.1, 59240.1, 59250.1, 59260.1, 59270.1, 59280.1, 59290.1, 59300.1, 59310.1, 59320.1, 59330.1, 59340.1, 59350.1, 59360.1, 59370.1, 59380.1, 59390.1, 59400.1, 59410.1, 59420.1, 59430.1, 59440.1, 59450.1, 59460.1, 59470.1, 59480.1, 59490.1, 59500.1, 59510.1, 59520.1, 59530.1, 59540.1, 59550.1, 59560.1, 59570.1, 59580.1, 59590.1, 59600.1, 59610.1, 59620.1, 59630.1, 59640.1, 59650.1, 59660.1, 59670.1, 59680.1, 59690.1, 59700.1, 59710.1, 59720.1, 59730.1, 59740.1, 59750.1, 59760.1, 59770.1, 59780.1, 59790.1, 59800.1, 59810.1, 59820.1, 59830.1, 59840.1, 59850.1, 59860.1, 59870.1, 59880.1, 59890.1, 59900.1, 59910.1, 59920.1, 59930.1, 59940.1, 59950.1, 59960.1, 59970.1, 59980.1, 59990.1, 60000.1, 60010.1, 60020.1, 60030.1, 60040.1, 60050.1, 60060.1, 60070.1, 60080.1, 60090.1, 60100.1, 60110.1, 60120.1, 60130.1, 60140.1, 60150.1
60160.1, 60170.1, 60180.1, 60190.1, 60200.1, 60210.1, 60220.1, 60230.1, 60240.1, 60250.1, 60260.1, 60270.1, 60280.1, 60290.1, 60300.1, 60310.1, 60320.1, 60330.1, 60340.1, 60350.1, 60360.1, 60370.1, 60380.1, 60390.1, 60400.1, 60410.1, 60420.1, 60430.1, 60440.1, 60450.1, 60460.1, 60470.1, 60480.1, 60490.1, 60500.1, 60510.1, 60520.1, 60530.1, 60540.1, 60550.1, 60560.1, 60570.1, 60580.1, 60590.1, 60600.1, 60610.1, 60620.1, 60630.1, 60640.1, 60650.1, 60660.1, 60670.1, 60680.1, 60690.1, 60700.1, 60710.1, 60720.1, 60730.1, 60740.1, 60750.1, 60760.1, 60770.1, 60780.1, 60790.1, 60800.1, 60810.1, 60820.1, 60830.1, 60840.1, 60850.1, 60860.1, 60870.1, 60880.1, 60890.1, 60900.1, 60910.1, 60920.1, 60930.1, 60940.1, 60950.1, 60960.1, 60970.1, 60980.1, 60990.1, 61000.1, 61010.1, 61020.1, 61030.1, 61040.1, 61050.1, 61060.1, 61070.1, 61080.1, 61090.1, 61100.1, 61110.1, 61120.1, 61130.1, 61140.1, 61150.1, 61160.1, 61170.1, 61180.1, 61190.1, 61200.1, 61210.1, 61220.1, 61230.1, 61240.1, 61250.1, 61260.1, 61270.1, 61280.1, 61290.1, 61300.1, 61310.1, 61320.1, 61330.1, 61340.1, 61350.1, 61360.1, 61370.1, 61380.1, 61390.1, 61400.1, 61410.1, 61420.1, 61430.1
61440.1, 61450.1, 61460.1, 61470.1, 61480.1, 61490.1, 61500.1, 61510.1, 61520.1, 61530.1, 61540.1, 61550.1, 61560.1, 61570.1, 61580.1, 61590.1, 61600.1, 61610.1, 61620.1, 61630.1, 61640.1, 61650.1, 61660.1, 61670.1, 61680.1, 61690.1, 61700.1, 61710.1, 61720.1, 61730.1, 61740.1, 61750.1, 61760.1, 61770.1, 61780.1, 61790.1, 61800.1, 61810.1, 61820.1, 61830.1, 61840.1, 61850.1, 61860.1, 61870.1, 61880.1, 61890.1, 61900.1, 61910.1, 61920.1, 61930.1, 61940.1, 61950.1, 61960.1, 61970.1, 61980.1, 61990.1, 62000.1, 62010.1, 62020.1, 62030.1, 62040.1, 62050.1, 62060.1, 62070.1, 62080.1, 62090.1, 62100.1, 62110.1, 62120.1, 62130.1, 62140.1, 62150.1, 62160.1, 62170.1, 62180.1, 62190.1, 62200.1, 62210.1, 62220.1, 62230.1, 62240.1, 62250.1, 62260.1, 62270.1, 62280.1, 62290.1, 62300.1, 62310.1, 62320.1, 62330.1, 62340.1, 62350.1, 62360.1, 62370.1, 62380.1, 62390.1, 62400.1, 62410.1, 62420.1, 62430.1, 62440.1, 62450.1, 62460.1, 62470.1, 62480.1, 62490.1, 62500.1, 62510.1, 62520.1, 62530.1, 62540.1, 62550.1, 62560.1, 62570.1, 62580.1, 62590.1, 62600.1, 62610.1, 62620.1, 62630.1, 62640.1, 62650.1, 62660.1, 62670.1, 62680.1, 62690.1, 62700.1, 62710.1
62720.1, 62730.1, 62740.1, 62750.1, 62760.1, 62770.1, 62780.1, 62790.1, 62800.1, 62810.1, 62820.1, 62830.1, 62840.1, 62850.1, 62860.1, 62870.1, 62880.1, 62890.1, 62900.1, 62910.1, 62920.1, 62930.1, 62940.1, 62950.1, 62960.1, 62970.1, 62980.1, 62990.1, 63000.1, 63010.1, 63020.1, 63030.1, 63040.1, 63050.1, 63060.1, 63070.1, 63080.1, 63090.1, 63100.1, 63110.1, 63120.1, 63130.1, 63140.1, 63150.1, 63160.1, 63170.1, 63180.1, 63190.1, 63200.1, 63210.1, 63220.1, 63230.1, 63240.1, 63250.1, 63260.1, 63270.1, 63280.1, 63290.1, 63300.1, 63310.1, 63320.1, 63330.1, 63340.1, 63350.1, 63360.1, 63370.1, 63380.1, 63390.1, 63400.1, 63410.1, 63420.1, 63430.1, 63440.1, 63450.1, 63460.1, 63470.1, 63480.1, 63490.1, 63500.1, 63510.1, 63520.1, 63530.1, 63540.1, 63550.1, 63560.1, 63570.1, 63580.1, 63590.1, 63600.1, 63610.1, 63620.1, 63630.1, 63640.1, 63650.1, 63660.1, 63670.1, 63680.1, 63690.1, 63700.1, 63710.1, 63720.1, 63730.1, 63740.1, 63750.1, 63760.1, 63770.1, 63780.1, 63790.1, 63800.1, 63810.1, 63820.1, 63830.1, 63840.1, 63850.1, 63860.1, 63870.1, 63880.1, 63890.1, 63900.1, 63910.1, 63920.1, 63930.1, 63940.1, 63950.1, 63960.1, 63970.1, 63980.1, 63990.1
64000.1, 64010.1, 64020.1, 64030.1, 64040.1, 64050.1, 64060.1, 64070.1, 64080.1, 64090.1, 64100.1, 64110.1, 64120.1, 64130.1, 64140.1, 64150.1, 64160.1, 64170.1, 64180.1, 64190.1, 64200.1, 64210.1, 64220.1, 64230.1, 64240.1, 64250.1, 64260.1, 64270.1, 64280.1, 64290.1, 64300.1, 64310.1, 64320.1, 64330.1, 64340.1, 64350.1, 64360.1, 64370.1, 64380.1, 64390.1, 64400.1, 64410.1, 64420.1, 64430.1, 64440.1, 64450.1, 64460.1, 64470.1, 64480.1, 64490.1, 64500.1, 64510.1, 64520.1, 64530.1, 64540.1, 64550.1, 64560.1, 64570.1, 64580.1, 64590.1, 64600.1, 64610.1, 64620.1, 64630.1, 64640.1, 64650.1, 64660.1, 64670.1, 64680.1, 64690.1, 64700.1, 64710.1, 64720.1, 64730.1, 64740.1, 64750.1, 64760.1, 64770.1, 64780.1, 64790.1, 64800.1, 64810.1, 64820.1, 64830.1, 64840.1, 64850.1, 64860.1, 64870.1, 64880.1, 64890.1, 64900.1, 64910.1, 64920.1, 64930.1, 64940.1, 64950.1, 64960.1, 64970.1, 64980.1, 64990.1, 65000.1, 65010.1, 65020.1, 65030.1, 65040.1, 65050.1, 65060.1, 65070.1, 65080.1, 65090.1, 65100.1, 65110.1, 65120.1, 65130.1, 65140.1, 65150.1, 65160.1, 65170.1, 65180.1, 65190.1, 65200.1, 65210.1, 65220.1, 65230.1, 65240.1, 65250.1, 65260.1, 65270.1
65280.1, 65290.1, 65300.1, 65310.1, 65320.1, 65330.1, 65340.1, 65350.1, 65360.1, 65370.1, 65380.1, 65390.1, 65400.1, 65410.1, 65420.1, 65430.1, 65440.1, 65450.1, 65460.1, 65470.1, 65480.1, 65490.1, 65500.1, 65510.1, 65520.1, 65530.1, 65540.1, 65550.1, 65560.1, 65570.1, 65580.1, 65590.1, 65600.1, 65610.1, 65620.1, 65630.1, 65640.1, 65650.1, 65660.1, 65670.1, 65680.1, 65690.1, 65700.1, 65710.1, 65720.1, 65730.1, 65740.1, 65750.1, 65760.1, 65770.1, 65780.1, 65790.1, 65800.1, 65810.1, 65820.1, 65830.1, 65840.1, 65850.1, 65860.1, 65870.1, 65880.1, 65890.1, 65900.1, 65910.1, 65920.1, 65930.1, 65940.1, 65950.1, 65960.1, 65970.1, 65980.1, 65990.1, 66000.1, 66010.1, 66020.1, 66030.1, 66040.1, 66050.1, 66060.1, 66070.1, 66080.1, 66090.1, 66100.1, 66110.1, 66120.1, 66130.1, 66140.1, 66150.1, 66160.1, 66170.1, 66180.1, 66190.1, 66200.1, 66210.1, 66220.1, 66230.1, 66240.1, 66250.1, 66260.1, 66270.1, 66280.1, 66290.1, 66300.1, 66310.1, 66320.1, 66330.1, 66340.1, 66350.1, 66360.1, 66370.1, 66380.1, 66390.1, 66400.1, 66410.1, 66420.1, 66430.1, 66440.1, 66450.1, 66460.1, 66470.1, 66480.1, 66490.1, 66500.1, 66510.1, 66520.1, 66530.1, 66540.1, 66550.1
66560.1, 66570.1, 66580.1, 66590.1, 66600.1, 66610.1, 66620.1, 66630.1, 66640.1, 66650.1, 66660.1, 66670.1, 66680.1, 66690.1, 66700.1, 66710.1, 66720.1, 66730.1, 66740.1, 66750.1, 66760.1, 66770.1, 66780.1, 66790.1, 66800.1, 66810.1, 66820.1, 66830.1, 66840.1, 66850.1, 66860.1, 66870.1, 66880.1, 66890.1, 66900.1, 66910.1, 66920.1, 66930.1, 66940.1, 66950.1, 66960.1, 66970.1, 66980.1, 66990.1, 67000.1, 67010.1, 67020.1, 67030.1, 67040.1, 67050.1, 67060.1, 67070.1, 67080.1, 67090.1, 67100.1, 67110.1, 67120.1, 67130.1, 67140.1, 67150.1, 67160.1, 67170.1, 67180.1, 67190.1, 67200.1, 67210.1, 67220.1, 67230.1, 67240.1, 67250.1, 67260.1, 67270.1, 67280.1, 67290.1, 67300.1, 67310.1, 67320.1, 67330.1, 67340.1, 67350.1, 67360.1, 67370.1, 67380.1, 67390.1, 67400.1, 67410.1, 67420.1, 67430.1, 67440.1, 67450.1, 67460.1, 67470.1, 67480.1, 67490.1, 67500.1, 67510.1, 67520.1, 67530.1, 67540.1, 67550.1, 67560.1, 67570.1, 67580.1, 67590.1, 67600.1, 67610.1, 67620.1, 67630.1, 67640.1, 67650.1, 67660.1, 67670.1, 67680.1, 67690.1, 67700.1, 67710.1, 67720.1, 67730.1, 67740.1, 67750.1, 67760.1, 67770.1, 67780.1, 67790.1, 67800.1, 67810.1, 67820.1, 67830.1
67840.1, 67850.1, 67860.1, 67870.1, 67880.1, 67890.1, 67900.1, 67910.1, 67920.1, 67930.1, 67940.1, 67950.1, 67960.1, 67970.1, 67980.1, 67990.1, 68000.1, 68010.1, 68020.1, 68030.1, 68040.1, 68050.1, 68060.1, 68070.1, 68080.1, 68090.1, 68100.1, 68110.1, 68120.1, 68130.1, 68140.1, 68150.1, 68160.1, 68170.1, 68180.1, 68190.1, 68200.1, 68210.1, 68220.1, 68230.1, 68240.1, 68250.1, 68260.1, 68270.1, 68280.1, 68290.1, 68300.1, 68310.1, 68320.1, 68330.1, 68340.1, 68350.1, 68360.1, 68370.1, 68380.1, 68390.1, 68400.1, 68410.1, 68420.1, 68430.1, 68440.1, 68450.1, 68460.1, 68470.1, 68480.1, 68490.1, 68500.1, 68510.1, 68520.1, 68530.1, 68540.1, 68550.1, 68560.1, 68570.1, 68580.1, 68590.1, 68600.1, 68610.1, 68620.1, 68630.1, 68640.1, 68650.1, 68660.1, 68670.1, 68680.1, 68690.1, 68700.1, 68710.1, 68720.1, 68730.1, 68740.1, 68750.1, 68760.1, 68770.1, 68780.1, 68790.1, 68800.1, 68810.1, 68820.1, 68830.1, 68840.1, 68850.1, 68860.1, 68870.1, 68880.1, 68890.1, 68900.1, 68910.1, 68920.1, 68930.1, 68940.1, 68950.1, 68960.1, 68970.1, 68980.1, 68990.1, 69000.1, 69010.1, 69020.1, 69030.1, 69040.1, 69050.1, 69060.1, 69070.1, 69080.1, 69090.1, 69100.1, 69110.1
69120.1, 69130.1, 69140.1, 69150.1, 69160.1, 69170.1, 69180.1, 69190.1, 69200.1, 69210.1, 69220.1, 69230.1, 69240.1, 69250.1, 69260.1, 69270.1, 69280.1, 69290.1, 69300.1, 69310.1, 69320.1, 69330.1, 69340.1, 69350.1, 69360.1, 69370.1, 69380.1, 69390.1, 69400.1, 69410.1, 69420.1, 69430.1, 69440.1, 69450.1, 69460.1, 69470.1, 69480.1, 69490.1, 69500.1, 69510.1, 69520.1, 69530.1, 69540.1, 69550.1, 69560.1, 69570.1, 69580.1, 69590.1, 69600.1, 69610.1, 69620.1, 69630.1, 69640.1, 69650.1, 69660.1, 69670.1, 69680.1, 69690.1, 69700.1, 69710.1, 69720.1, 69730.1, 69740.1, 69750.1, 69760.1, 69770.1, 69780.1, 69790.1, 69800.1, 69810.1, 69820.1, 69830.1, 69840.1, 69850.1, 69860.1, 69870.1, 69880.1, 69890.1, 69900.1, 69910.1, 69920.1, 69930.1, 69940.1, 69950.1, 69960.1, 69970.1, 69980.1, 69990.1, 70000.1, 70010.1, 70020.1, 70030.1, 70040.1, 70050.1, 70060.1, 70070.1, 70080.1, 70090.1, 70100.1, 70110.1, 70120.1, 70130.1, 70140.1, 70150.1, 70160.1, 70170.1, 70180.1, 70190.1, 70200.1, 70210.1, 70220.1, 70230.1, 70240.1, 70250.1, 70260.1, 70270.1, 70280.1, 70290.1, 70300.1, 70310.1, 70320.1, 70330.1, 70340.1, 70350.1, 70360.1, 70370.1, 70380.1, 70390.1
70400.1, 70410.1, 70420.1, 70430.1, 70440.1, 70450.1, 70460.1, 70470.1, 70480.1, 70490.1, 70500.1, 70510.1, 70520.1, 70530.1, 70540.1, 70550.1, 70560.1, 70570.1, 70580.1, 70590.1, 70600.1, 70610.1, 70620.1, 70630.1, 70640.1, 70650.1, 70660.1, 70670.1, 70680.1, 70690.1, 70700.1, 70710.1, 70720.1, 70730.1, 70740.1, 70750.1, 70760.1, 70770.1, 70780.1, 70790.1, 70800.1, 70810.1, 70820.1, 70830.1, 70840.1, 70850.1, 70860.1, 70870.1, 70880.1, 70890.1, 70900.1, 70910.1, 70920.1, 70930.1, 70940.1, 70950.1, 70960.1, 70970.1, 70980.1, 70990.1, 71000.1, 71010.1, 71020.1, 71030.1, 71040.1, 71050.1, 71060.1, 71070.1, 71080.1, 71090.1, 71100.1, 71110.1, 71120.1, 71130.1, 71140.1, 71150.1, 71160.1, 71170.1, 71180.1, 71190.1, 71200.1, 71210.1, 71220.1, 71230.1, 71240.1, 71250.1, 71260.1, 71270.1, 71280.1, 71290.1, 71300.1, 71310.1, 71320.1, 71330.1, 71340.1, 71350.1, 71360.1, 71370.1, 71380.1, 71390.1, 71400.1, 71410.1, 71420.1, 71430.1, 71440.1, 71450.1, 71460.1, 71470.1, 71480.1, 71490.1, 71500.1, 71510.1, 71520.1, 71530.1, 71540.1, 71550.1, 71560.1, 71570.1, 71580.1, 71590.1, 71600.1, 71610.1, 71620.1, 71630.1, 71640.1, 71650.1, 71660.1, 71670.1
71680.1, 71690.1, 71700.1, 71710.1, 71720.1, 71730.1, 71740.1, 71750.1, 71760.1, 71770.1, 71780.1, 71790.1, 71800.1, 71810.1, 71820.1, 71830.1, 71840.1, 71850.1, 71860.1, 71870.1, 71880.1, 71890.1, 71900.1, 71910.1, 71920.1, 71930.1, 71940.1, 71950.1, 71960.1, 71970.1, 71980.1, 71990.1, 72000.1, 72010.1, 72020.1, 72030.1, 72040.1, 72050.1, 72060.1, 72070.1, 72080.1, 72090.1, 72100.1, 72110.1, 72120.1, 72130.1, 72140.1, 72150.1, 72160.1, 72170.1, 72180.1, 72190.1, 72200.1, 72210.1, 72220.1, 72230.1, 72240.1, 72250.1, 72260.1, 72270.1, 72280.1, 72290.1, 72300.1, 72310.1, 72320.1, 72330.1, 72340.1, 72350.1, 72360.1, 72370.1, 72380.1, 72390.1, 72400.1, 72410.1, 72420.1, 72430.1, 72440.1, 72450.1, 72460.1, 72470.1, 72480.1, 72490.1, 72500.1, 72510.1, 72520.1, 72530.1, 72540.1, 72550.1, 72560.1, 72570.1, 72580.1, 72590.1, 72600.1, 72610.1, 72620.1, 72630.1, 72640.1, 72650.1, 72660.1, 72670.1, 72680.1, 72690.1, 72700.1, 72710.1, 72720.1, 72730.1, 72740.1, 72750.1, 72760.1, 72770.1, 72780.1, 72790.1, 72800.1, 72810.1, 72820.1, 72830.1, 72840.1, 72850.1, 72860.1, 72870.1, 72880.1, 72890.1, 72900.1, 72910.1, 72920.1, 72930.1, 72940.1, 72950.1
72960.1, 72970.1, 72980.1, 72990.1, 73000.1, 73010.1, 73020.1, 73030.1, 73040.1, 73050.1, 73060.1, 73070.1, 73080.1, 73090.1, 73100.1, 73110.1, 73120.1, 73130.1, 73140.1, 73150.1, 73160.1, 73170.1, 73180.1, 73190.1, 73200.1, 73210.1, 73220.1, 73230.1, 73240.1, 73250.1, 73260.1, 73270.1, 73280.1, 73290.1, 73300.1, 73310.1, 73320.1, 73330.1, 73340.1, 73350.1, 73360.1, 73370.1, 73380.1, 73390.1, 73400.1, 73410.1, 73420.1, 73430.1, 73440.1, 73450.1, 73460.1, 73470.1, 73480.1, 73490.1, 73500.1, 73510.1, 73520.1, 73530.1, 73540.1, 73550.1, 73560.1, 73570.1, 73580.1, 73590.1, 73600.1, 73610.1, 73620.1, 73630.1, 73640.1, 73650.1, 73660.1, 73670.1, 73680.1, 73690.1, 73700.1, 73710.1, 73720.1, 73730.1, 73740.1, 73750.1, 73760.1, 73770.1, 73780.1, 73790.1, 73800.1, 73810.1, 73820.1, 73830.1, 73840.1, 73850.1, 73860.1, 73870.1, 73880.1, 73890.1, 73900.1, 73910.1, 73920.1, 73930.1, 73940.1, 73950.1, 73960.1, 73970.1, 73980.1, 73990.1, 74000.1, 74010.1, 74020.1, 74030.1, 74040.1, 74050.1, 74060.1, 74070.1, 74080.1, 74090.1, 74100.1, 74110.1, 74120.1, 74130.1, 74140.1, 74150.1, 74160.1, 74170.1, 74180.1, 74190.1, 74200.1, 74210.1, 74220.1, 74230.1
74240.1, 74250.1, 74260.1, 74270.1, 74280.1, 74290.1, 74300.1, 74310.1, 74320.1, 74330.1, 74340.1, 74350.1, 74360.1, 74370.1, 74380.1, 74390.1, 74400.1, 74410.1, 74420.1, 74430.1, 74440.1, 74450.1, 74460.1, 74470.1, 74480.1, 74490.1, 74500.1, 74510.1, 74520.1, 74530.1, 74540.1, 74550.1, 74560.1, 74570.1, 74580.1, 74590.1, 74600.1, 74610.1, 74620.1, 74630.1, 74640.1, 74650.1, 74660.1, 74670.1, 74680.1, 74690.1, 74700.1, 74710.1, 74720.1, 74730.1, 74740.1, 74750.1, 74760.1, 74770.1, 74780.1, 74790.1, 74800.1, 74810.1, 74820.1, 74830.1, 74840.1, 74850.1, 74860.1, 74870.1, 74880.1, 74890.1, 74900.1, 74910.1, 74920.1, 74930.1, 74940.1, 74950.1, 74960.1, 74970.1, 74980.1, 74990.1, 75000.1, 75010.1, 75020.1, 75030.1, 75040.1, 75050.1, 75060.1, 75070.1, 75080.1, 75090.1, 75100.1, 75110.1, 75120.1, 75130.1, 75140.1, 75150.1, 75160.1, 75170.1, 75180.1, 75190.1, 75200.1, 75210.1, 75220.1, 75230.1, 75240.1, 75250.1, 75260.1, 75270.1, 75280.1, 75290.1, 75300.1, 75310.1, 75320.1, 75330.1, 75340.1, 75350.1, 75360.1, 75370.1, 75380.1, 75390.1, 75400.1, 75410.1, 75420.1, 75430.1, 75440.1, 75450.1, 75460.1, 75470.1, 75480.1, 75490.1, 75500.1, 75510.1
75520.1, 75530.1, 75540.1, 75550.1, 75560.1, 75570.1, 75580.1, 75590.1, 75600.1, 75610.1, 75620.1, 75630.1, 75640.1, 75650.1, 75660.1, 75670.1, 75680.1, 75690.1, 75700.1, 75710.1, 75720.1, 75730.1, 75740.1, 75750.1, 75760.1, 75770.1, 75780.1, 75790.1, 75800.1, 75810.1, 75820.1, 75830.1, 75840.1, 75850.1, 75860.1, 75870.1, 75880.1, 75890.1, 75900.1, 75910.1, 75920.1, 75930.1, 75940.1, 75950.1, 75960.1, 75970.1, 75980.1, 75990.1, 76000.1, 76010.1, 76020.1, 76030.1, 76040.1, 76050.1, 76060.1, 76070.1, 76080.1, 76090.1, 76100.1, 76110.1, 76120.1, 76130.1, 76140.1, 76150.1, 76160.1, 76170.1, 76180.1, 76190.1, 76200.1, 76210.1, 76220.1, 76230.1, 76240.1, 76250.1, 76260.1, 76270.1, 76280.1, 76290.1, 76300.1, 76310.1, 76320.1, 76330.1, 76340.1, 76350.1, 76360.1, 76370.1, 76380.1, 76390.1, 76400.1, 76410.1, 76420.1, 76430.1, 76440.1, 76450.1, 76460.1, 76470.1, 76480.1, 76490.1, 76500.1, 76510.1, 76520.1, 76530.1, 76540.1, 76550.1, 76560.1, 76570.1, 76580.1, 76590.1, 76600.1, 76610.1, 76620.1, 76630.1, 76640.1, 76650.1, 76660.1, 76670.1, 76680.1, 76690.1, 76700.1, 76710.1, 76720.1, 76730.1, 76740.1, 76750.1, 76760.1, 76770.1, 76780.1, 76790.1
76800.1, 76810.1, 76820.1, 76830.1, 76840.1, 76850.1, 76860.1, 76870.1, 76880.1, 76890.1, 76900.1, 76910.1, 76920.1, 76930.1, 76940.1, 76950.1, 76960.1, 76970.1, 76980.1, 76990.1, 77000.1, 77010.1, 77020.1, 77030.1, 77040.1, 77050.1, 77060.1, 77070.1, 77080.1, 77090.1, 77100.1, 77110.1, 77120.1, 77130.1, 77140.1, 77150.1, 77160.1, 77170.1, 77180.1, 77190.1, 77200.1, 77210.1, 77220.1, 77230.1, 77240.1, 77250.1, 77260.1, 77270.1, 77280.1, 77290.1, 77300.1, 77310.1, 77320.1, 77330.1, 77340.1, 77350.1, 77360.1, 77370.1, 77380.1, 77390.1, 77400.1, 77410.1, 77420.1, 77430.1, 77440.1, 77450.1, 77460.1, 77470.1, 77480.1, 77490.1, 77500.1, 77510.1, 77520.1, 77530.1, 77540.1, 77550.1, 77560.1, 77570.1, 77580.1, 77590.1, 77600.1, 77610.1, 77620.1, 77630.1, 77640.1, 77650.1, 77660.1, 77670.1, 77680.1, 77690.1, 77700.1, 77710.1, 77720.1, 77730.1, 77740.1, 77750.1, 77760.1, 77770.1, 77780.1, 77790.1, 77800.1, 77810.1, 77820.1, 77830.1, 77840.1, 77850.1, 77860.1, 77870.1, 77880.1, 77890.1, 77900.1, 77910.1, 77920.1, 77930.1, 77940.1, 77950.1, 77960.1, 77970.1, 77980.1, 77990.1, 78000.1, 78010.1, 78020.1, 78030.1, 78040.1, 78050.1, 78060.1, 78070.1
78080.1, 78090.1, 78100.1, 78110.1, 78120.1, 78130.1, 78140.1, 78150.1, 78160.1, 78170.1, 78180.1, 78190.1, 78200.1, 78210.1, 78220.1, 78230.1, 78240.1, 78250.1, 78260.1, 78270.1, 78280.1, 78290.1, 78300.1, 78310.1, 78320.1, 78330.1, 78340.1, 78350.1, 78360.1, 78370.1, 78380.1, 78390.1, 78400.1, 78410.1, 78420.1, 78430.1, 78440.1, 78450.1, 78460.1, 78470.1, 78480.1, 78490.1, 78500.1, 78510.1, 78520.1, 78530.1, 78540.1, 78550.1, 78560.1, 78570.1, 78580.1, 78590.1, 78600.1, 78610.1, 78620.1, 78630.1, 78640.1, 78650.1, 78660.1, 78670.1, 78680.1, 78690.1, 78700.1, 78710.1, 78720.1, 78730.1, 78740.1, 78750.1, 78760.1, 78770.1, 78780.1, 78790.1, 78800.1, 78810.1, 78820.1, 78830.1, 78840.1, 78850.1, 78860.1, 78870.1, 78880.1, 78890.1, 78900.1, 78910.1, 78920.1, 78930.1, 78940.1, 78950.1, 78960.1, 78970.1, 78980.1, 78990.1, 79000.1, 79010.1, 79020.1, 79030.1, 79040.1, 79050.1, 79060.1, 79070.1, 79080.1, 79090.1, 79100.1, 79110.1, 79120.1, 79130.1, 79140.1, 79150.1, 79160.1, 79170.1, 79180.1, 79190.1, 79200.1, 79210.1, 79220.1, 79230.1, 79240.1, 79250.1, 79260.1, 79270.1, 79280.1, 79290.1, 79300.1, 79310.1, 79320.1, 79330.1, 79340.1, 79350.1
79360.1, 79370.1, 79380.1, 79390.1, 79400.1, 79410.1, 79420.1, 79430.1, 79440.1, 79450.1, 79460.1, 79470.1, 79480.1, 79490.1, 79500.1, 79510.1, 79520.1, 79530.1, 79540.1, 79550.1, 79560.1, 79570.1, 79580.1, 79590.1, 79600.1, 79610.1, 79620.1, 79630.1, 79640.1, 79650.1, 79660.1, 79670.1, 79680.1, 79690.1, 79700.1, 79710.1, 79720.1, 79730.1, 79740.1, 79750.1, 79760.1, 79770.1, 79780.1, 79790.1, 79800.1, 79810.1, 79820.1, 79830.1, 79840.1, 79850.1, 79860.1, 79870.1, 79880.1, 79890.1, 79900.1, 79910.1, 79920.1, 79930.1, 79940.1, 79950.1, 79960.1, 79970.1, 79980.1, 79990.1, 80000.1, 80010.1, 80020.1, 80030.1, 80040.1, 80050.1, 80060.1, 80070.1, 80080.1, 80090.1, 80100.1, 80110.1, 80120.1, 80130.1, 80140.1, 80150.1, 80160.1, 80170.1, 80180.1, 80190.1, 80200.1, 80210.1, 80220.1, 80230.1, 80240.1, 80250.1, 80260.1, 80270.1, 80280.1, 80290.1, 80300.1, 80310.1, 80320.1, 80330.1, 80340.1, 80350.1, 80360.1, 80370.1, 80380.1, 80390.1, 80400.1, 80410.1, 80420.1, 80430.1, 80440.1, 80450.1, 80460.1, 80470.1, 80480.1, 80490.1, 80500.1, 80510.1, 80520.1, 80530.1, 80540.1, 80550.1, 80560.1, 80570.1, 80580.1, 80590.1, 80600.1, 80610.1, 80620.1, 80630.1
80640.1, 80650.1, 80660.1, 80670.1, 80680.1, 80690.1, 80700.1, 80710.1, 80720.1, 80730.1, 80740.1, 80750.1, 80760.1, 80770.1, 80780.1, 80790.1, 80800.1, 80810.1, 80820.1, 80830.1, 80840.1, 80850.1, 80860.1, 80870.1, 80880.1, 80890.1, 80900.1, 80910.1, 80920.1, 80930.1, 80940.1, 80950.1, 80960.1, 80970.1, 80980.1, 80990.1, 81000.1, 81010.1, 81020.1, 81030.1, 81040.1, 81050.1, 81060.1, 81070.1, 81080.1, 81090.1, 81100.1, 81110.1, 81120.1, 81130.1, 81140.1, 81150.1, 81160.1, 81170.1, 81180.1, 81190.1, 81200.1, 81210.1, 81220.1, 81230.1, 81240.1, 81250.1, 81260.1, 81270.1, 81280.1, 81290.1, 81300.1, 81310.1, 81320.1, 81330.1, 81340.1, 81350.1, 81360.1, 81370.1, 81380.1, 81390.1, 81400.1, 81410.1, 81420.1, 81430.1, 81440.1, 81450.1, 81460.1, 81470.1, 81480.1, 81490.1, 81500.1, 81510.1, 81520.1, 81530.1, 81540.1, 81550.1, 81560.1, 81570.1, 81580.1, 81590.1, 81600.1, 81610.1, 81620.1, 81630.1, 81640.1, 81650.1, 81660.1, 81670.1, 81680.1, 81690.1, 81700.1, 81710.1, 81720.1, 81730.1, 81740.1, 81750.1, 81760.1, 81770.1, 81780.1, 81790.1, 81800.1, 81810.1, 81820.1, 81830.1, 81840.1, 81850.1, 81860.1, 81870.1, 81880.1, 81890.1, 81900.1, 81910.1
