1e-05, 0.00101, 0.00201, 0.00301, 0.00401, 0.00501, 0.00601, 0.00701, 0.00801, 0.00901, 0.01001, 0.01101, 0.01201, 0.01301, 0.01401, 0.01501, 0.01601, 0.01701, 0.01801, 0.01901, 0.02001, 0.02101, 0.02201, 0.02301, 0.02401, 0.02501, 0.02601, 0.02701, 0.02801, 0.02901, 0.03001, 0.03101, 0.03201, 0.03301, 0.03401, 0.03501, 0.03601, 0.03701, 0.03801, 0.03901, 0.04001, 0.04101, 0.04201, 0.04301, 0.04401, 0.04501, 0.04601, 0.04701, 0.04801, 0.04901, 0.05001, 0.05101, 0.05201, 0.05301, 0.05401, 0.05501, 0.05601, 0.05701, 0.05801, 0.05901, 0.06001, 0.06101, 0.06201, 0.06301, 0.06401, 0.06501, 0.06601, 0.06701, 0.06801, 0.06901, 0.07001, 0.07101, 0.07201, 0.07301, 0.07401, 0.07501, 0.07601, 0.07701, 0.07801, 0.07901, 0.08001, 0.08101, 0.08201, 0.08301, 0.08401, 0.08501, 0.08601, 0.08701, 0.08801, 0.08901, 0.09001, 0.09101, 0.09201, 0.09301, 0.09401, 0.09501, 0.09601, 0.09701, 0.09801, 0.09901, 0.10001, 0.10101, 0.10201, 0.10301, 0.10401, 0.10501, 0.10601, 0.10701, 0.10801, 0.10901, 0.11001, 0.11101, 0.11201, 0.11301, 0.11401, 0.11501, 0.11601, 0.11701, 0.11801, 0.11901, 0.12001, 0.12101, 0.12201, 0.12301, 0.12401, 0.12501, 0.12601, 0.12701
0.12801, 0.12901, 0.13001, 0.13101, 0.13201, 0.13301, 0.13401, 0.13501, 0.13601, 0.13701, 0.13801, 0.13901, 0.14001, 0.14101, 0.14201, 0.14301, 0.14401, 0.14501, 0.14601, 0.14701, 0.14801, 0.14901, 0.15001, 0.15101, 0.15201, 0.15301, 0.15401, 0.15501, 0.15601, 0.15701, 0.15801, 0.15901, 0.16001, 0.16101, 0.16201, 0.16301, 0.16401, 0.16501, 0.16601, 0.16701, 0.16801, 0.16901, 0.17001, 0.17101, 0.17201, 0.17301, 0.17401, 0.17501, 0.17601, 0.17701, 0.17801, 0.17901, 0.18001, 0.18101, 0.18201, 0.18301, 0.18401, 0.18501, 0.18601, 0.18701, 0.18801, 0.18901, 0.19001, 0.19101, 0.19201, 0.19301, 0.19401, 0.19501, 0.19601, 0.19701, 0.19801, 0.19901, 0.20001, 0.20101, 0.20201, 0.20301, 0.20401, 0.20501, 0.20601, 0.20701, 0.20801, 0.20901, 0.21001, 0.21101, 0.21201, 0.21301, 0.21401, 0.21501, 0.21601, 0.21701, 0.21801, 0.21901, 0.22001, 0.22101, 0.22201, 0.22301, 0.22401, 0.22501, 0.22601, 0.22701, 0.22801, 0.22901, 0.23001, 0.23101, 0.23201, 0.23301, 0.23401, 0.23501, 0.23601, 0.23701, 0.23801, 0.23901, 0.24001, 0.24101, 0.24201, 0.24301, 0.24401, 0.24501, 0.24601, 0.24701, 0.24801, 0.24901, 0.25001, 0.25101, 0.25201, 0.25301, 0.25401, 0.25501
0.25601, 0.25701, 0.25801, 0.25901, 0.26001, 0.26101, 0.26201, 0.26301, 0.26401, 0.26501, 0.26601, 0.26701, 0.26801, 0.26901, 0.27001, 0.27101, 0.27201, 0.27301, 0.27401, 0.27501, 0.27601, 0.27701, 0.27801, 0.27901, 0.28001, 0.28101, 0.28201, 0.28301, 0.28401, 0.28501, 0.28601, 0.28701, 0.28801, 0.28901, 0.29001, 0.29101, 0.29201, 0.29301, 0.29401, 0.29501, 0.29601, 0.29701, 0.29801, 0.29901, 0.30001, 0.30101, 0.30201, 0.30301, 0.30401, 0.30501, 0.30601, 0.30701, 0.30801, 0.30901, 0.31001, 0.31101, 0.31201, 0.31301, 0.31401, 0.31501, 0.31601, 0.31701, 0.31801, 0.31901, 0.32001, 0.32101, 0.32201, 0.32301, 0.32401, 0.32501, 0.32601, 0.32701, 0.32801, 0.32901, 0.33001, 0.33101, 0.33201, 0.33301, 0.33401, 0.33501, 0.33601, 0.33701, 0.33801, 0.33901, 0.34001, 0.34101, 0.34201, 0.34301, 0.34401, 0.34501, 0.34601, 0.34701, 0.34801, 0.34901, 0.35001, 0.35101, 0.35201, 0.35301, 0.35401, 0.35501, 0.35601, 0.35701, 0.35801, 0.35901, 0.36001, 0.36101, 0.36201, 0.36301, 0.36401, 0.36501, 0.36601, 0.36701, 0.36801, 0.36901, 0.37001, 0.37101, 0.37201, 0.37301, 0.37401, 0.37501, 0.37601, 0.37701, 0.37801, 0.37901, 0.38001, 0.38101, 0.38201, 0.38301
0.38401, 0.38501, 0.38601, 0.38701, 0.38801, 0.38901, 0.39001, 0.39101, 0.39201, 0.39301, 0.39401, 0.39501, 0.39601, 0.39701, 0.39801, 0.39901, 0.40001, 0.40101, 0.40201, 0.40301, 0.40401, 0.40501, 0.40601, 0.40701, 0.40801, 0.40901, 0.41001, 0.41101, 0.41201, 0.41301, 0.41401, 0.41501, 0.41601, 0.41701, 0.41801, 0.41901, 0.42001, 0.42101, 0.42201, 0.42301, 0.42401, 0.42501, 0.42601, 0.42701, 0.42801, 0.42901, 0.43001, 0.43101, 0.43201, 0.43301, 0.43401, 0.43501, 0.43601, 0.43701, 0.43801, 0.43901, 0.44001, 0.44101, 0.44201, 0.44301, 0.44401, 0.44501, 0.44601, 0.44701, 0.44801, 0.44901, 0.45001, 0.45101, 0.45201, 0.45301, 0.45401, 0.45501, 0.45601, 0.45701, 0.45801, 0.45901, 0.46001, 0.46101, 0.46201, 0.46301, 0.46401, 0.46501, 0.46601, 0.46701, 0.46801, 0.46901, 0.47001, 0.47101, 0.47201, 0.47301, 0.47401, 0.47501, 0.47601, 0.47701, 0.47801, 0.47901, 0.48001, 0.48101, 0.48201, 0.48301, 0.48401, 0.48501, 0.48601, 0.48701, 0.48801, 0.48901, 0.49001, 0.49101, 0.49201, 0.49301, 0.49401, 0.49501, 0.49601, 0.49701, 0.49801, 0.49901, 0.50001, 0.50101, 0.50201, 0.50301, 0.50401, 0.50501, 0.50601, 0.50701, 0.50801, 0.50901, 0.51001, 0.51101
0.51201, 0.51301, 0.51401, 0.51501, 0.51601, 0.51701, 0.51801, 0.51901, 0.52001, 0.52101, 0.52201, 0.52301, 0.52401, 0.52501, 0.52601, 0.52701, 0.52801, 0.52901, 0.53001, 0.53101, 0.53201, 0.53301, 0.53401, 0.53501, 0.53601, 0.53701, 0.53801, 0.53901, 0.54001, 0.54101, 0.54201, 0.54301, 0.54401, 0.54501, 0.54601, 0.54701, 0.54801, 0.54901, 0.55001, 0.55101, 0.55201, 0.55301, 0.55401, 0.55501, 0.55601, 0.55701, 0.55801, 0.55901, 0.56001, 0.56101, 0.56201, 0.56301, 0.56401, 0.56501, 0.56601, 0.56701, 0.56801, 0.56901, 0.57001, 0.57101, 0.57201, 0.57301, 0.57401, 0.57501, 0.57601, 0.57701, 0.57801, 0.57901, 0.58001, 0.58101, 0.58201, 0.58301, 0.58401, 0.58501, 0.58601, 0.58701, 0.58801, 0.58901, 0.59001, 0.59101, 0.59201, 0.59301, 0.59401, 0.59501, 0.59601, 0.59701, 0.59801, 0.59901, 0.60001, 0.60101, 0.60201, 0.60301, 0.60401, 0.60501, 0.60601, 0.60701, 0.60801, 0.60901, 0.61001, 0.61101, 0.61201, 0.61301, 0.61401, 0.61501, 0.61601, 0.61701, 0.61801, 0.61901, 0.62001, 0.62101, 0.62201, 0.62301, 0.62401, 0.62501, 0.62601, 0.62701, 0.62801, 0.62901, 0.63001, 0.63101, 0.63201, 0.63301, 0.63401, 0.63501, 0.63601, 0.63701, 0.63801, 0.63901
0.64001, 0.64101, 0.64201, 0.64301, 0.64401, 0.64501, 0.64601, 0.64701, 0.64801, 0.64901, 0.65001, 0.65101, 0.65201, 0.65301, 0.65401, 0.65501, 0.65601, 0.65701, 0.65801, 0.65901, 0.66001, 0.66101, 0.66201, 0.66301, 0.66401, 0.66501, 0.66601, 0.66701, 0.66801, 0.66901, 0.67001, 0.67101, 0.67201, 0.67301, 0.67401, 0.67501, 0.67601, 0.67701, 0.67801, 0.67901, 0.68001, 0.68101, 0.68201, 0.68301, 0.68401, 0.68501, 0.68601, 0.68701, 0.68801, 0.68901, 0.69001, 0.69101, 0.69201, 0.69301, 0.69401, 0.69501, 0.69601, 0.69701, 0.69801, 0.69901, 0.70001, 0.70101, 0.70201, 0.70301, 0.70401, 0.70501, 0.70601, 0.70701, 0.70801, 0.70901, 0.71001, 0.71101, 0.71201, 0.71301, 0.71401, 0.71501, 0.71601, 0.71701, 0.71801, 0.71901, 0.72001, 0.72101, 0.72201, 0.72301, 0.72401, 0.72501, 0.72601, 0.72701, 0.72801, 0.72901, 0.73001, 0.73101, 0.73201, 0.73301, 0.73401, 0.73501, 0.73601, 0.73701, 0.73801, 0.73901, 0.74001, 0.74101, 0.74201, 0.74301, 0.74401, 0.74501, 0.74601, 0.74701, 0.74801, 0.74901, 0.75001, 0.75101, 0.75201, 0.75301, 0.75401, 0.75501, 0.75601, 0.75701, 0.75801, 0.75901, 0.76001, 0.76101, 0.76201, 0.76301, 0.76401, 0.76501, 0.76601, 0.76701
0.76801, 0.76901, 0.77001, 0.77101, 0.77201, 0.77301, 0.77401, 0.77501, 0.77601, 0.77701, 0.77801, 0.77901, 0.78001, 0.78101, 0.78201, 0.78301, 0.78401, 0.78501, 0.78601, 0.78701, 0.78801, 0.78901, 0.79001, 0.79101, 0.79201, 0.79301, 0.79401, 0.79501, 0.79601, 0.79701, 0.79801, 0.79901, 0.80001, 0.80101, 0.80201, 0.80301, 0.80401, 0.80501, 0.80601, 0.80701, 0.80801, 0.80901, 0.81001, 0.81101, 0.81201, 0.81301, 0.81401, 0.81501, 0.81601, 0.81701, 0.81801, 0.81901, 0.82001, 0.82101, 0.82201, 0.82301, 0.82401, 0.82501, 0.82601, 0.82701, 0.82801, 0.82901, 0.83001, 0.83101, 0.83201, 0.83301, 0.83401, 0.83501, 0.83601, 0.83701, 0.83801, 0.83901, 0.84001, 0.84101, 0.84201, 0.84301, 0.84401, 0.84501, 0.84601, 0.84701, 0.84801, 0.84901, 0.85001, 0.85101, 0.85201, 0.85301, 0.85401, 0.85501, 0.85601, 0.85701, 0.85801, 0.85901, 0.86001, 0.86101, 0.86201, 0.86301, 0.86401, 0.86501, 0.86601, 0.86701, 0.86801, 0.86901, 0.87001, 0.87101, 0.87201, 0.87301, 0.87401, 0.87501, 0.87601, 0.87701, 0.87801, 0.87901, 0.88001, 0.88101, 0.88201, 0.88301, 0.88401, 0.88501, 0.88601, 0.88701, 0.88801, 0.88901, 0.89001, 0.89101, 0.89201, 0.89301, 0.89401, 0.89501
0.89601, 0.89701, 0.89801, 0.89901, 0.90001, 0.90101, 0.90201, 0.90301, 0.90401, 0.90501, 0.90601, 0.90701, 0.90801, 0.90901, 0.91001, 0.91101, 0.91201, 0.91301, 0.91401, 0.91501, 0.91601, 0.91701, 0.91801, 0.91901, 0.92001, 0.92101, 0.92201, 0.92301, 0.92401, 0.92501, 0.92601, 0.92701, 0.92801, 0.92901, 0.93001, 0.93101, 0.93201, 0.93301, 0.93401, 0.93501, 0.93601, 0.93701, 0.93801, 0.93901, 0.94001, 0.94101, 0.94201, 0.94301, 0.94401, 0.94501, 0.94601, 0.94701, 0.94801, 0.94901, 0.95001, 0.95101, 0.95201, 0.95301, 0.95401, 0.95501, 0.95601, 0.95701, 0.95801, 0.95901, 0.96001, 0.96101, 0.96201, 0.96301, 0.96401, 0.96501, 0.96601, 0.96701, 0.96801, 0.96901, 0.97001, 0.97101, 0.97201, 0.97301, 0.97401, 0.97501, 0.97601, 0.97701, 0.97801, 0.97901, 0.98001, 0.98101, 0.98201, 0.98301, 0.98401, 0.98501, 0.98601, 0.98701, 0.98801, 0.98901, 0.99001, 0.99101, 0.99201, 0.99301, 0.99401, 0.99501, 0.99601, 0.99701, 0.99801, 0.99901, 1.00001, 1.00101, 1.00201, 1.00301, 1.00401, 1.00501, 1.00601, 1.00701, 1.00801, 1.00901, 1.01001, 1.01101, 1.01201, 1.01301, 1.01401, 1.01501, 1.01601, 1.01701, 1.01801, 1.01901, 1.02001, 1.02101, 1.02201, 1.02301
1.02401, 1.02501, 1.02601, 1.02701, 1.02801, 1.02901, 1.03001, 1.03101, 1.03201, 1.03301, 1.03401, 1.03501, 1.03601, 1.03701, 1.03801, 1.03901, 1.04001, 1.04101, 1.04201, 1.04301, 1.04401, 1.04501, 1.04601, 1.04701, 1.04801, 1.04901, 1.05001, 1.05101, 1.05201, 1.05301, 1.05401, 1.05501, 1.05601, 1.05701, 1.05801, 1.05901, 1.06001, 1.06101, 1.06201, 1.06301, 1.06401, 1.06501, 1.06601, 1.06701, 1.06801, 1.06901, 1.07001, 1.07101, 1.07201, 1.07301, 1.07401, 1.07501, 1.07601, 1.07701, 1.07801, 1.07901, 1.08001, 1.08101, 1.08201, 1.08301, 1.08401, 1.08501, 1.08601, 1.08701, 1.08801, 1.08901, 1.09001, 1.09101, 1.09201, 1.09301, 1.09401, 1.09501, 1.09601, 1.09701, 1.09801, 1.09901, 1.10001, 1.10101, 1.10201, 1.10301, 1.10401, 1.10501, 1.10601, 1.10701, 1.10801, 1.10901, 1.11001, 1.11101, 1.11201, 1.11301, 1.11401, 1.11501, 1.11601, 1.11701, 1.11801, 1.11901, 1.12001, 1.12101, 1.12201, 1.12301, 1.12401, 1.12501, 1.12601, 1.12701, 1.12801, 1.12901, 1.13001, 1.13101, 1.13201, 1.13301, 1.13401, 1.13501, 1.13601, 1.13701, 1.13801, 1.13901, 1.14001, 1.14101, 1.14201, 1.14301, 1.14401, 1.14501, 1.14601, 1.14701, 1.14801, 1.14901, 1.15001, 1.15101
1.15201, 1.15301, 1.15401, 1.15501, 1.15601, 1.15701, 1.15801, 1.15901, 1.16001, 1.16101, 1.16201, 1.16301, 1.16401, 1.16501, 1.16601, 1.16701, 1.16801, 1.16901, 1.17001, 1.17101, 1.17201, 1.17301, 1.17401, 1.17501, 1.17601, 1.17701, 1.17801, 1.17901, 1.18001, 1.18101, 1.18201, 1.18301, 1.18401, 1.18501, 1.18601, 1.18701, 1.18801, 1.18901, 1.19001, 1.19101, 1.19201, 1.19301, 1.19401, 1.19501, 1.19601, 1.19701, 1.19801, 1.19901, 1.20001, 1.20101, 1.20201, 1.20301, 1.20401, 1.20501, 1.20601, 1.20701, 1.20801, 1.20901, 1.21001, 1.21101, 1.21201, 1.21301, 1.21401, 1.21501, 1.21601, 1.21701, 1.21801, 1.21901, 1.22001, 1.22101, 1.22201, 1.22301, 1.22401, 1.22501, 1.22601, 1.22701, 1.22801, 1.22901, 1.23001, 1.23101, 1.23201, 1.23301, 1.23401, 1.23501, 1.23601, 1.23701, 1.23801, 1.23901, 1.24001, 1.24101, 1.24201, 1.24301, 1.24401, 1.24501, 1.24601, 1.24701, 1.24801, 1.24901, 1.25001, 1.25101, 1.25201, 1.25301, 1.25401, 1.25501, 1.25601, 1.25701, 1.25801, 1.25901, 1.26001, 1.26101, 1.26201, 1.26301, 1.26401, 1.26501, 1.26601, 1.26701, 1.26801, 1.26901, 1.27001, 1.27101, 1.27201, 1.27301, 1.27401, 1.27501, 1.27601, 1.27701, 1.27801, 1.27901
1.28001, 1.28101, 1.28201, 1.28301, 1.28401, 1.28501, 1.28601, 1.28701, 1.28801, 1.28901, 1.29001, 1.29101, 1.29201, 1.29301, 1.29401, 1.29501, 1.29601, 1.29701, 1.29801, 1.29901, 1.30001, 1.30101, 1.30201, 1.30301, 1.30401, 1.30501, 1.30601, 1.30701, 1.30801, 1.30901, 1.31001, 1.31101, 1.31201, 1.31301, 1.31401, 1.31501, 1.31601, 1.31701, 1.31801, 1.31901, 1.32001, 1.32101, 1.32201, 1.32301, 1.32401, 1.32501, 1.32601, 1.32701, 1.32801, 1.32901, 1.33001, 1.33101, 1.33201, 1.33301, 1.33401, 1.33501, 1.33601, 1.33701, 1.33801, 1.33901, 1.34001, 1.34101, 1.34201, 1.34301, 1.34401, 1.34501, 1.34601, 1.34701, 1.34801, 1.34901, 1.35001, 1.35101, 1.35201, 1.35301, 1.35401, 1.35501, 1.35601, 1.35701, 1.35801, 1.35901, 1.36001, 1.36101, 1.36201, 1.36301, 1.36401, 1.36501, 1.36601, 1.36701, 1.36801, 1.36901, 1.37001, 1.37101, 1.37201, 1.37301, 1.37401, 1.37501, 1.37601, 1.37701, 1.37801, 1.37901, 1.38001, 1.38101, 1.38201, 1.38301, 1.38401, 1.38501, 1.38601, 1.38701, 1.38801, 1.38901, 1.39001, 1.39101, 1.39201, 1.39301, 1.39401, 1.39501, 1.39601, 1.39701, 1.39801, 1.39901, 1.40001, 1.40101, 1.40201, 1.40301, 1.40401, 1.40501, 1.40601, 1.40701
1.40801, 1.40901, 1.41001, 1.41101, 1.41201, 1.41301, 1.41401, 1.41501, 1.41601, 1.41701, 1.41801, 1.41901, 1.42001, 1.42101, 1.42201, 1.42301, 1.42401, 1.42501, 1.42601, 1.42701, 1.42801, 1.42901, 1.43001, 1.43101, 1.43201, 1.43301, 1.43401, 1.43501, 1.43601, 1.43701, 1.43801, 1.43901, 1.44001, 1.44101, 1.44201, 1.44301, 1.44401, 1.44501, 1.44601, 1.44701, 1.44801, 1.44901, 1.45001, 1.45101, 1.45201, 1.45301, 1.45401, 1.45501, 1.45601, 1.45701, 1.45801, 1.45901, 1.46001, 1.46101, 1.46201, 1.46301, 1.46401, 1.46501, 1.46601, 1.46701, 1.46801, 1.46901, 1.47001, 1.47101, 1.47201, 1.47301, 1.47401, 1.47501, 1.47601, 1.47701, 1.47801, 1.47901, 1.48001, 1.48101, 1.48201, 1.48301, 1.48401, 1.48501, 1.48601, 1.48701, 1.48801, 1.48901, 1.49001, 1.49101, 1.49201, 1.49301, 1.49401, 1.49501, 1.49601, 1.49701, 1.49801, 1.49901, 1.50001, 1.50101, 1.50201, 1.50301, 1.50401, 1.50501, 1.50601, 1.50701, 1.50801, 1.50901, 1.51001, 1.51101, 1.51201, 1.51301, 1.51401, 1.51501, 1.51601, 1.51701, 1.51801, 1.51901, 1.52001, 1.52101, 1.52201, 1.52301, 1.52401, 1.52501, 1.52601, 1.52701, 1.52801, 1.52901, 1.53001, 1.53101, 1.53201, 1.53301, 1.53401, 1.53501
1.53601, 1.53701, 1.53801, 1.53901, 1.54001, 1.54101, 1.54201, 1.54301, 1.54401, 1.54501, 1.54601, 1.54701, 1.54801, 1.54901, 1.55001, 1.55101, 1.55201, 1.55301, 1.55401, 1.55501, 1.55601, 1.55701, 1.55801, 1.55901, 1.56001, 1.56101, 1.56201, 1.56301, 1.56401, 1.56501, 1.56601, 1.56701, 1.56801, 1.56901, 1.57001, 1.57101, 1.57201, 1.57301, 1.57401, 1.57501, 1.57601, 1.57701, 1.57801, 1.57901, 1.58001, 1.58101, 1.58201, 1.58301, 1.58401, 1.58501, 1.58601, 1.58701, 1.58801, 1.58901, 1.59001, 1.59101, 1.59201, 1.59301, 1.59401, 1.59501, 1.59601, 1.59701, 1.59801, 1.59901, 1.60001, 1.60101, 1.60201, 1.60301, 1.60401, 1.60501, 1.60601, 1.60701, 1.60801, 1.60901, 1.61001, 1.61101, 1.61201, 1.61301, 1.61401, 1.61501, 1.61601, 1.61701, 1.61801, 1.61901, 1.62001, 1.62101, 1.62201, 1.62301, 1.62401, 1.62501, 1.62601, 1.62701, 1.62801, 1.62901, 1.63001, 1.63101, 1.63201, 1.63301, 1.63401, 1.63501, 1.63601, 1.63701, 1.63801, 1.63901, 1.64001, 1.64101, 1.64201, 1.64301, 1.64401, 1.64501, 1.64601, 1.64701, 1.64801, 1.64901, 1.65001, 1.65101, 1.65201, 1.65301, 1.65401, 1.65501, 1.65601, 1.65701, 1.65801, 1.65901, 1.66001, 1.66101, 1.66201, 1.66301
1.66401, 1.66501, 1.66601, 1.66701, 1.66801, 1.66901, 1.67001, 1.67101, 1.67201, 1.67301, 1.67401, 1.67501, 1.67601, 1.67701, 1.67801, 1.67901, 1.68001, 1.68101, 1.68201, 1.68301, 1.68401, 1.68501, 1.68601, 1.68701, 1.68801, 1.68901, 1.69001, 1.69101, 1.69201, 1.69301, 1.69401, 1.69501, 1.69601, 1.69701, 1.69801, 1.69901, 1.70001, 1.70101, 1.70201, 1.70301, 1.70401, 1.70501, 1.70601, 1.70701, 1.70801, 1.70901, 1.71001, 1.71101, 1.71201, 1.71301, 1.71401, 1.71501, 1.71601, 1.71701, 1.71801, 1.71901, 1.72001, 1.72101, 1.72201, 1.72301, 1.72401, 1.72501, 1.72601, 1.72701, 1.72801, 1.72901, 1.73001, 1.73101, 1.73201, 1.73301, 1.73401, 1.73501, 1.73601, 1.73701, 1.73801, 1.73901, 1.74001, 1.74101, 1.74201, 1.74301, 1.74401, 1.74501, 1.74601, 1.74701, 1.74801, 1.74901, 1.75001, 1.75101, 1.75201, 1.75301, 1.75401, 1.75501, 1.75601, 1.75701, 1.75801, 1.75901, 1.76001, 1.76101, 1.76201, 1.76301, 1.76401, 1.76501, 1.76601, 1.76701, 1.76801, 1.76901, 1.77001, 1.77101, 1.77201, 1.77301, 1.77401, 1.77501, 1.77601, 1.77701, 1.77801, 1.77901, 1.78001, 1.78101, 1.78201, 1.78301, 1.78401, 1.78501, 1.78601, 1.78701, 1.78801, 1.78901, 1.79001, 1.79101
1.79201, 1.79301, 1.79401, 1.79501, 1.79601, 1.79701, 1.79801, 1.79901, 1.80001, 1.80101, 1.80201, 1.80301, 1.80401, 1.80501, 1.80601, 1.80701, 1.80801, 1.80901, 1.81001, 1.81101, 1.81201, 1.81301, 1.81401, 1.81501, 1.81601, 1.81701, 1.81801, 1.81901, 1.82001, 1.82101, 1.82201, 1.82301, 1.82401, 1.82501, 1.82601, 1.82701, 1.82801, 1.82901, 1.83001, 1.83101, 1.83201, 1.83301, 1.83401, 1.83501, 1.83601, 1.83701, 1.83801, 1.83901, 1.84001, 1.84101, 1.84201, 1.84301, 1.84401, 1.84501, 1.84601, 1.84701, 1.84801, 1.84901, 1.85001, 1.85101, 1.85201, 1.85301, 1.85401, 1.85501, 1.85601, 1.85701, 1.85801, 1.85901, 1.86001, 1.86101, 1.86201, 1.86301, 1.86401, 1.86501, 1.86601, 1.86701, 1.86801, 1.86901, 1.87001, 1.87101, 1.87201, 1.87301, 1.87401, 1.87501, 1.87601, 1.87701, 1.87801, 1.87901, 1.88001, 1.88101, 1.88201, 1.88301, 1.88401, 1.88501, 1.88601, 1.88701, 1.88801, 1.88901, 1.89001, 1.89101, 1.89201, 1.89301, 1.89401, 1.89501, 1.89601, 1.89701, 1.89801, 1.89901, 1.90001, 1.90101, 1.90201, 1.90301, 1.90401, 1.90501, 1.90601, 1.90701, 1.90801, 1.90901, 1.91001, 1.91101, 1.91201, 1.91301, 1.91401, 1.91501, 1.91601, 1.91701, 1.91801, 1.91901
1.92001, 1.92101, 1.92201, 1.92301, 1.92401, 1.92501, 1.92601, 1.92701, 1.92801, 1.92901, 1.93001, 1.93101, 1.93201, 1.93301, 1.93401, 1.93501, 1.93601, 1.93701, 1.93801, 1.93901, 1.94001, 1.94101, 1.94201, 1.94301, 1.94401, 1.94501, 1.94601, 1.94701, 1.94801, 1.94901, 1.95001, 1.95101, 1.95201, 1.95301, 1.95401, 1.95501, 1.95601, 1.95701, 1.95801, 1.95901, 1.96001, 1.96101, 1.96201, 1.96301, 1.96401, 1.96501, 1.96601, 1.96701, 1.96801, 1.96901, 1.97001, 1.97101, 1.97201, 1.97301, 1.97401, 1.97501, 1.97601, 1.97701, 1.97801, 1.97901, 1.98001, 1.98101, 1.98201, 1.98301, 1.98401, 1.98501, 1.98601, 1.98701, 1.98801, 1.98901, 1.99001, 1.99101, 1.99201, 1.99301, 1.99401, 1.99501, 1.99601, 1.99701, 1.99801, 1.99901, 2.00001, 2.00101, 2.00201, 2.00301, 2.00401, 2.00501, 2.00601, 2.00701, 2.00801, 2.00901, 2.01001, 2.01101, 2.01201, 2.01301, 2.01401, 2.01501, 2.01601, 2.01701, 2.01801, 2.01901, 2.02001, 2.02101, 2.02201, 2.02301, 2.02401, 2.02501, 2.02601, 2.02701, 2.02801, 2.02901, 2.03001, 2.03101, 2.03201, 2.03301, 2.03401, 2.03501, 2.03601, 2.03701, 2.03801, 2.03901, 2.04001, 2.04101, 2.04201, 2.04301, 2.04401, 2.04501, 2.04601, 2.04701
2.04801, 2.04901, 2.05001, 2.05101, 2.05201, 2.05301, 2.05401, 2.05501, 2.05601, 2.05701, 2.05801, 2.05901, 2.06001, 2.06101, 2.06201, 2.06301, 2.06401, 2.06501, 2.06601, 2.06701, 2.06801, 2.06901, 2.07001, 2.07101, 2.07201, 2.07301, 2.07401, 2.07501, 2.07601, 2.07701, 2.07801, 2.07901, 2.08001, 2.08101, 2.08201, 2.08301, 2.08401, 2.08501, 2.08601, 2.08701, 2.08801, 2.08901, 2.09001, 2.09101, 2.09201, 2.09301, 2.09401, 2.09501, 2.09601, 2.09701, 2.09801, 2.09901, 2.10001, 2.10101, 2.10201, 2.10301, 2.10401, 2.10501, 2.10601, 2.10701, 2.10801, 2.10901, 2.11001, 2.11101, 2.11201, 2.11301, 2.11401, 2.11501, 2.11601, 2.11701, 2.11801, 2.11901, 2.12001, 2.12101, 2.12201, 2.12301, 2.12401, 2.12501, 2.12601, 2.12701, 2.12801, 2.12901, 2.13001, 2.13101, 2.13201, 2.13301, 2.13401, 2.13501, 2.13601, 2.13701, 2.13801, 2.13901, 2.14001, 2.14101, 2.14201, 2.14301, 2.14401, 2.14501, 2.14601, 2.14701, 2.14801, 2.14901, 2.15001, 2.15101, 2.15201, 2.15301, 2.15401, 2.15501, 2.15601, 2.15701, 2.15801, 2.15901, 2.16001, 2.16101, 2.16201, 2.16301, 2.16401, 2.16501, 2.16601, 2.16701, 2.16801, 2.16901, 2.17001, 2.17101, 2.17201, 2.17301, 2.17401, 2.17501
2.17601, 2.17701, 2.17801, 2.17901, 2.18001, 2.18101, 2.18201, 2.18301, 2.18401, 2.18501, 2.18601, 2.18701, 2.18801, 2.18901, 2.19001, 2.19101, 2.19201, 2.19301, 2.19401, 2.19501, 2.19601, 2.19701, 2.19801, 2.19901, 2.20001, 2.20101, 2.20201, 2.20301, 2.20401, 2.20501, 2.20601, 2.20701, 2.20801, 2.20901, 2.21001, 2.21101, 2.21201, 2.21301, 2.21401, 2.21501, 2.21601, 2.21701, 2.21801, 2.21901, 2.22001, 2.22101, 2.22201, 2.22301, 2.22401, 2.22501, 2.22601, 2.22701, 2.22801, 2.22901, 2.23001, 2.23101, 2.23201, 2.23301, 2.23401, 2.23501, 2.23601, 2.23701, 2.23801, 2.23901, 2.24001, 2.24101, 2.24201, 2.24301, 2.24401, 2.24501, 2.24601, 2.24701, 2.24801, 2.24901, 2.25001, 2.25101, 2.25201, 2.25301, 2.25401, 2.25501, 2.25601, 2.25701, 2.25801, 2.25901, 2.26001, 2.26101, 2.26201, 2.26301, 2.26401, 2.26501, 2.26601, 2.26701, 2.26801, 2.26901, 2.27001, 2.27101, 2.27201, 2.27301, 2.27401, 2.27501, 2.27601, 2.27701, 2.27801, 2.27901, 2.28001, 2.28101, 2.28201, 2.28301, 2.28401, 2.28501, 2.28601, 2.28701, 2.28801, 2.28901, 2.29001, 2.29101, 2.29201, 2.29301, 2.29401, 2.29501, 2.29601, 2.29701, 2.29801, 2.29901, 2.30001, 2.30101, 2.30201, 2.30301
2.30401, 2.30501, 2.30601, 2.30701, 2.30801, 2.30901, 2.31001, 2.31101, 2.31201, 2.31301, 2.31401, 2.31501, 2.31601, 2.31701, 2.31801, 2.31901, 2.32001, 2.32101, 2.32201, 2.32301, 2.32401, 2.32501, 2.32601, 2.32701, 2.32801, 2.32901, 2.33001, 2.33101, 2.33201, 2.33301, 2.33401, 2.33501, 2.33601, 2.33701, 2.33801, 2.33901, 2.34001, 2.34101, 2.34201, 2.34301, 2.34401, 2.34501, 2.34601, 2.34701, 2.34801, 2.34901, 2.35001, 2.35101, 2.35201, 2.35301, 2.35401, 2.35501, 2.35601, 2.35701, 2.35801, 2.35901, 2.36001, 2.36101, 2.36201, 2.36301, 2.36401, 2.36501, 2.36601, 2.36701, 2.36801, 2.36901, 2.37001, 2.37101, 2.37201, 2.37301, 2.37401, 2.37501, 2.37601, 2.37701, 2.37801, 2.37901, 2.38001, 2.38101, 2.38201, 2.38301, 2.38401, 2.38501, 2.38601, 2.38701, 2.38801, 2.38901, 2.39001, 2.39101, 2.39201, 2.39301, 2.39401, 2.39501, 2.39601, 2.39701, 2.39801, 2.39901, 2.40001, 2.40101, 2.40201, 2.40301, 2.40401, 2.40501, 2.40601, 2.40701, 2.40801, 2.40901, 2.41001, 2.41101, 2.41201, 2.41301, 2.41401, 2.41501, 2.41601, 2.41701, 2.41801, 2.41901, 2.42001, 2.42101, 2.42201, 2.42301, 2.42401, 2.42501, 2.42601, 2.42701, 2.42801, 2.42901, 2.43001, 2.43101
2.43201, 2.43301, 2.43401, 2.43501, 2.43601, 2.43701, 2.43801, 2.43901, 2.44001, 2.44101, 2.44201, 2.44301, 2.44401, 2.44501, 2.44601, 2.44701, 2.44801, 2.44901, 2.45001, 2.45101, 2.45201, 2.45301, 2.45401, 2.45501, 2.45601, 2.45701, 2.45801, 2.45901, 2.46001, 2.46101, 2.46201, 2.46301, 2.46401, 2.46501, 2.46601, 2.46701, 2.46801, 2.46901, 2.47001, 2.47101, 2.47201, 2.47301, 2.47401, 2.47501, 2.47601, 2.47701, 2.47801, 2.47901, 2.48001, 2.48101, 2.48201, 2.48301, 2.48401, 2.48501, 2.48601, 2.48701, 2.48801, 2.48901, 2.49001, 2.49101, 2.49201, 2.49301, 2.49401, 2.49501, 2.49601, 2.49701, 2.49801, 2.49901, 2.50001, 2.50101, 2.50201, 2.50301, 2.50401, 2.50501, 2.50601, 2.50701, 2.50801, 2.50901, 2.51001, 2.51101, 2.51201, 2.51301, 2.51401, 2.51501, 2.51601, 2.51701, 2.51801, 2.51901, 2.52001, 2.52101, 2.52201, 2.52301, 2.52401, 2.52501, 2.52601, 2.52701, 2.52801, 2.52901, 2.53001, 2.53101, 2.53201, 2.53301, 2.53401, 2.53501, 2.53601, 2.53701, 2.53801, 2.53901, 2.54001, 2.54101, 2.54201, 2.54301, 2.54401, 2.54501, 2.54601, 2.54701, 2.54801, 2.54901, 2.55001, 2.55101, 2.55201, 2.55301, 2.55401, 2.55501, 2.55601, 2.55701, 2.55801, 2.55901
2.56001, 2.56101, 2.56201, 2.56301, 2.56401, 2.56501, 2.56601, 2.56701, 2.56801, 2.56901, 2.57001, 2.57101, 2.57201, 2.57301, 2.57401, 2.57501, 2.57601, 2.57701, 2.57801, 2.57901, 2.58001, 2.58101, 2.58201, 2.58301, 2.58401, 2.58501, 2.58601, 2.58701, 2.58801, 2.58901, 2.59001, 2.59101, 2.59201, 2.59301, 2.59401, 2.59501, 2.59601, 2.59701, 2.59801, 2.59901, 2.60001, 2.60101, 2.60201, 2.60301, 2.60401, 2.60501, 2.60601, 2.60701, 2.60801, 2.60901, 2.61001, 2.61101, 2.61201, 2.61301, 2.61401, 2.61501, 2.61601, 2.61701, 2.61801, 2.61901, 2.62001, 2.62101, 2.62201, 2.62301, 2.62401, 2.62501, 2.62601, 2.62701, 2.62801, 2.62901, 2.63001, 2.63101, 2.63201, 2.63301, 2.63401, 2.63501, 2.63601, 2.63701, 2.63801, 2.63901, 2.64001, 2.64101, 2.64201, 2.64301, 2.64401, 2.64501, 2.64601, 2.64701, 2.64801, 2.64901, 2.65001, 2.65101, 2.65201, 2.65301, 2.65401, 2.65501, 2.65601, 2.65701, 2.65801, 2.65901, 2.66001, 2.66101, 2.66201, 2.66301, 2.66401, 2.66501, 2.66601, 2.66701, 2.66801, 2.66901, 2.67001, 2.67101, 2.67201, 2.67301, 2.67401, 2.67501, 2.67601, 2.67701, 2.67801, 2.67901, 2.68001, 2.68101, 2.68201, 2.68301, 2.68401, 2.68501, 2.68601, 2.68701
2.68801, 2.68901, 2.69001, 2.69101, 2.69201, 2.69301, 2.69401, 2.69501, 2.69601, 2.69701, 2.69801, 2.69901, 2.70001, 2.70101, 2.70201, 2.70301, 2.70401, 2.70501, 2.70601, 2.70701, 2.70801, 2.70901, 2.71001, 2.71101, 2.71201, 2.71301, 2.71401, 2.71501, 2.71601, 2.71701, 2.71801, 2.71901, 2.72001, 2.72101, 2.72201, 2.72301, 2.72401, 2.72501, 2.72601, 2.72701, 2.72801, 2.72901, 2.73001, 2.73101, 2.73201, 2.73301, 2.73401, 2.73501, 2.73601, 2.73701, 2.73801, 2.73901, 2.74001, 2.74101, 2.74201, 2.74301, 2.74401, 2.74501, 2.74601, 2.74701, 2.74801, 2.74901, 2.75001, 2.75101, 2.75201, 2.75301, 2.75401, 2.75501, 2.75601, 2.75701, 2.75801, 2.75901, 2.76001, 2.76101, 2.76201, 2.76301, 2.76401, 2.76501, 2.76601, 2.76701, 2.76801, 2.76901, 2.77001, 2.77101, 2.77201, 2.77301, 2.77401, 2.77501, 2.77601, 2.77701, 2.77801, 2.77901, 2.78001, 2.78101, 2.78201, 2.78301, 2.78401, 2.78501, 2.78601, 2.78701, 2.78801, 2.78901, 2.79001, 2.79101, 2.79201, 2.79301, 2.79401, 2.79501, 2.79601, 2.79701, 2.79801, 2.79901, 2.80001, 2.80101, 2.80201, 2.80301, 2.80401, 2.80501, 2.80601, 2.80701, 2.80801, 2.80901, 2.81001, 2.81101, 2.81201, 2.81301, 2.81401, 2.81501
2.81601, 2.81701, 2.81801, 2.81901, 2.82001, 2.82101, 2.82201, 2.82301, 2.82401, 2.82501, 2.82601, 2.82701, 2.82801, 2.82901, 2.83001, 2.83101, 2.83201, 2.83301, 2.83401, 2.83501, 2.83601, 2.83701, 2.83801, 2.83901, 2.84001, 2.84101, 2.84201, 2.84301, 2.84401, 2.84501, 2.84601, 2.84701, 2.84801, 2.84901, 2.85001, 2.85101, 2.85201, 2.85301, 2.85401, 2.85501, 2.85601, 2.85701, 2.85801, 2.85901, 2.86001, 2.86101, 2.86201, 2.86301, 2.86401, 2.86501, 2.86601, 2.86701, 2.86801, 2.86901, 2.87001, 2.87101, 2.87201, 2.87301, 2.87401, 2.87501, 2.87601, 2.87701, 2.87801, 2.87901, 2.88001, 2.88101, 2.88201, 2.88301, 2.88401, 2.88501, 2.88601, 2.88701, 2.88801, 2.88901, 2.89001, 2.89101, 2.89201, 2.89301, 2.89401, 2.89501, 2.89601, 2.89701, 2.89801, 2.89901, 2.90001, 2.90101, 2.90201, 2.90301, 2.90401, 2.90501, 2.90601, 2.90701, 2.90801, 2.90901, 2.91001, 2.91101, 2.91201, 2.91301, 2.91401, 2.91501, 2.91601, 2.91701, 2.91801, 2.91901, 2.92001, 2.92101, 2.92201, 2.92301, 2.92401, 2.92501, 2.92601, 2.92701, 2.92801, 2.92901, 2.93001, 2.93101, 2.93201, 2.93301, 2.93401, 2.93501, 2.93601, 2.93701, 2.93801, 2.93901, 2.94001, 2.94101, 2.94201, 2.94301
2.94401, 2.94501, 2.94601, 2.94701, 2.94801, 2.94901, 2.95001, 2.95101, 2.95201, 2.95301, 2.95401, 2.95501, 2.95601, 2.95701, 2.95801, 2.95901, 2.96001, 2.96101, 2.96201, 2.96301, 2.96401, 2.96501, 2.96601, 2.96701, 2.96801, 2.96901, 2.97001, 2.97101, 2.97201, 2.97301, 2.97401, 2.97501, 2.97601, 2.97701, 2.97801, 2.97901, 2.98001, 2.98101, 2.98201, 2.98301, 2.98401, 2.98501, 2.98601, 2.98701, 2.98801, 2.98901, 2.99001, 2.99101, 2.99201, 2.99301, 2.99401, 2.99501, 2.99601, 2.99701, 2.99801, 2.99901, 3.00001, 3.00101, 3.00201, 3.00301, 3.00401, 3.00501, 3.00601, 3.00701, 3.00801, 3.00901, 3.01001, 3.01101, 3.01201, 3.01301, 3.01401, 3.01501, 3.01601, 3.01701, 3.01801, 3.01901, 3.02001, 3.02101, 3.02201, 3.02301, 3.02401, 3.02501, 3.02601, 3.02701, 3.02801, 3.02901, 3.03001, 3.03101, 3.03201, 3.03301, 3.03401, 3.03501, 3.03601, 3.03701, 3.03801, 3.03901, 3.04001, 3.04101, 3.04201, 3.04301, 3.04401, 3.04501, 3.04601, 3.04701, 3.04801, 3.04901, 3.05001, 3.05101, 3.05201, 3.05301, 3.05401, 3.05501, 3.05601, 3.05701, 3.05801, 3.05901, 3.06001, 3.06101, 3.06201, 3.06301, 3.06401, 3.06501, 3.06601, 3.06701, 3.06801, 3.06901, 3.07001, 3.07101
3.07201, 3.07301, 3.07401, 3.07501, 3.07601, 3.07701, 3.07801, 3.07901, 3.08001, 3.08101, 3.08201, 3.08301, 3.08401, 3.08501, 3.08601, 3.08701, 3.08801, 3.08901, 3.09001, 3.09101, 3.09201, 3.09301, 3.09401, 3.09501, 3.09601, 3.09701, 3.09801, 3.09901, 3.10001, 3.10101, 3.10201, 3.10301, 3.10401, 3.10501, 3.10601, 3.10701, 3.10801, 3.10901, 3.11001, 3.11101, 3.11201, 3.11301, 3.11401, 3.11501, 3.11601, 3.11701, 3.11801, 3.11901, 3.12001, 3.12101, 3.12201, 3.12301, 3.12401, 3.12501, 3.12601, 3.12701, 3.12801, 3.12901, 3.13001, 3.13101, 3.13201, 3.13301, 3.13401, 3.13501, 3.13601, 3.13701, 3.13801, 3.13901, 3.14001, 3.14101, 3.14201, 3.14301, 3.14401, 3.14501, 3.14601, 3.14701, 3.14801, 3.14901, 3.15001, 3.15101, 3.15201, 3.15301, 3.15401, 3.15501, 3.15601, 3.15701, 3.15801, 3.15901, 3.16001, 3.16101, 3.16201, 3.16301, 3.16401, 3.16501, 3.16601, 3.16701, 3.16801, 3.16901, 3.17001, 3.17101, 3.17201, 3.17301, 3.17401, 3.17501, 3.17601, 3.17701, 3.17801, 3.17901, 3.18001, 3.18101, 3.18201, 3.18301, 3.18401, 3.18501, 3.18601, 3.18701, 3.18801, 3.18901, 3.19001, 3.19101, 3.19201, 3.19301, 3.19401, 3.19501, 3.19601, 3.19701, 3.19801, 3.19901
3.20001, 3.20101, 3.20201, 3.20301, 3.20401, 3.20501, 3.20601, 3.20701, 3.20801, 3.20901, 3.21001, 3.21101, 3.21201, 3.21301, 3.21401, 3.21501, 3.21601, 3.21701, 3.21801, 3.21901, 3.22001, 3.22101, 3.22201, 3.22301, 3.22401, 3.22501, 3.22601, 3.22701, 3.22801, 3.22901, 3.23001, 3.23101, 3.23201, 3.23301, 3.23401, 3.23501, 3.23601, 3.23701, 3.23801, 3.23901, 3.24001, 3.24101, 3.24201, 3.24301, 3.24401, 3.24501, 3.24601, 3.24701, 3.24801, 3.24901, 3.25001, 3.25101, 3.25201, 3.25301, 3.25401, 3.25501, 3.25601, 3.25701, 3.25801, 3.25901, 3.26001, 3.26101, 3.26201, 3.26301, 3.26401, 3.26501, 3.26601, 3.26701, 3.26801, 3.26901, 3.27001, 3.27101, 3.27201, 3.27301, 3.27401, 3.27501, 3.27601, 3.27701, 3.27801, 3.27901, 3.28001, 3.28101, 3.28201, 3.28301, 3.28401, 3.28501, 3.28601, 3.28701, 3.28801, 3.28901, 3.29001, 3.29101, 3.29201, 3.29301, 3.29401, 3.29501, 3.29601, 3.29701, 3.29801, 3.29901, 3.30001, 3.30101, 3.30201, 3.30301, 3.30401, 3.30501, 3.30601, 3.30701, 3.30801, 3.30901, 3.31001, 3.31101, 3.31201, 3.31301, 3.31401, 3.31501, 3.31601, 3.31701, 3.31801, 3.31901, 3.32001, 3.32101, 3.32201, 3.32301, 3.32401, 3.32501, 3.32601, 3.32701
3.32801, 3.32901, 3.33001, 3.33101, 3.33201, 3.33301, 3.33401, 3.33501, 3.33601, 3.33701, 3.33801, 3.33901, 3.34001, 3.34101, 3.34201, 3.34301, 3.34401, 3.34501, 3.34601, 3.34701, 3.34801, 3.34901, 3.35001, 3.35101, 3.35201, 3.35301, 3.35401, 3.35501, 3.35601, 3.35701, 3.35801, 3.35901, 3.36001, 3.36101, 3.36201, 3.36301, 3.36401, 3.36501, 3.36601, 3.36701, 3.36801, 3.36901, 3.37001, 3.37101, 3.37201, 3.37301, 3.37401, 3.37501, 3.37601, 3.37701, 3.37801, 3.37901, 3.38001, 3.38101, 3.38201, 3.38301, 3.38401, 3.38501, 3.38601, 3.38701, 3.38801, 3.38901, 3.39001, 3.39101, 3.39201, 3.39301, 3.39401, 3.39501, 3.39601, 3.39701, 3.39801, 3.39901, 3.40001, 3.40101, 3.40201, 3.40301, 3.40401, 3.40501, 3.40601, 3.40701, 3.40801, 3.40901, 3.41001, 3.41101, 3.41201, 3.41301, 3.41401, 3.41501, 3.41601, 3.41701, 3.41801, 3.41901, 3.42001, 3.42101, 3.42201, 3.42301, 3.42401, 3.42501, 3.42601, 3.42701, 3.42801, 3.42901, 3.43001, 3.43101, 3.43201, 3.43301, 3.43401, 3.43501, 3.43601, 3.43701, 3.43801, 3.43901, 3.44001, 3.44101, 3.44201, 3.44301, 3.44401, 3.44501, 3.44601, 3.44701, 3.44801, 3.44901, 3.45001, 3.45101, 3.45201, 3.45301, 3.45401, 3.45501
3.45601, 3.45701, 3.45801, 3.45901, 3.46001, 3.46101, 3.46201, 3.46301, 3.46401, 3.46501, 3.46601, 3.46701, 3.46801, 3.46901, 3.47001, 3.47101, 3.47201, 3.47301, 3.47401, 3.47501, 3.47601, 3.47701, 3.47801, 3.47901, 3.48001, 3.48101, 3.48201, 3.48301, 3.48401, 3.48501, 3.48601, 3.48701, 3.48801, 3.48901, 3.49001, 3.49101, 3.49201, 3.49301, 3.49401, 3.49501, 3.49601, 3.49701, 3.49801, 3.49901, 3.50001, 3.50101, 3.50201, 3.50301, 3.50401, 3.50501, 3.50601, 3.50701, 3.50801, 3.50901, 3.51001, 3.51101, 3.51201, 3.51301, 3.51401, 3.51501, 3.51601, 3.51701, 3.51801, 3.51901, 3.52001, 3.52101, 3.52201, 3.52301, 3.52401, 3.52501, 3.52601, 3.52701, 3.52801, 3.52901, 3.53001, 3.53101, 3.53201, 3.53301, 3.53401, 3.53501, 3.53601, 3.53701, 3.53801, 3.53901, 3.54001, 3.54101, 3.54201, 3.54301, 3.54401, 3.54501, 3.54601, 3.54701, 3.54801, 3.54901, 3.55001, 3.55101, 3.55201, 3.55301, 3.55401, 3.55501, 3.55601, 3.55701, 3.55801, 3.55901, 3.56001, 3.56101, 3.56201, 3.56301, 3.56401, 3.56501, 3.56601, 3.56701, 3.56801, 3.56901, 3.57001, 3.57101, 3.57201, 3.57301, 3.57401, 3.57501, 3.57601, 3.57701, 3.57801, 3.57901, 3.58001, 3.58101, 3.58201, 3.58301
3.58401, 3.58501, 3.58601, 3.58701, 3.58801, 3.58901, 3.59001, 3.59101, 3.59201, 3.59301, 3.59401, 3.59501, 3.59601, 3.59701, 3.59801, 3.59901, 3.60001, 3.60101, 3.60201, 3.60301, 3.60401, 3.60501, 3.60601, 3.60701, 3.60801, 3.60901, 3.61001, 3.61101, 3.61201, 3.61301, 3.61401, 3.61501, 3.61601, 3.61701, 3.61801, 3.61901, 3.62001, 3.62101, 3.62201, 3.62301, 3.62401, 3.62501, 3.62601, 3.62701, 3.62801, 3.62901, 3.63001, 3.63101, 3.63201, 3.63301, 3.63401, 3.63501, 3.63601, 3.63701, 3.63801, 3.63901, 3.64001, 3.64101, 3.64201, 3.64301, 3.64401, 3.64501, 3.64601, 3.64701, 3.64801, 3.64901, 3.65001, 3.65101, 3.65201, 3.65301, 3.65401, 3.65501, 3.65601, 3.65701, 3.65801, 3.65901, 3.66001, 3.66101, 3.66201, 3.66301, 3.66401, 3.66501, 3.66601, 3.66701, 3.66801, 3.66901, 3.67001, 3.67101, 3.67201, 3.67301, 3.67401, 3.67501, 3.67601, 3.67701, 3.67801, 3.67901, 3.68001, 3.68101, 3.68201, 3.68301, 3.68401, 3.68501, 3.68601, 3.68701, 3.68801, 3.68901, 3.69001, 3.69101, 3.69201, 3.69301, 3.69401, 3.69501, 3.69601, 3.69701, 3.69801, 3.69901, 3.70001, 3.70101, 3.70201, 3.70301, 3.70401, 3.70501, 3.70601, 3.70701, 3.70801, 3.70901, 3.71001, 3.71101
3.71201, 3.71301, 3.71401, 3.71501, 3.71601, 3.71701, 3.71801, 3.71901, 3.72001, 3.72101, 3.72201, 3.72301, 3.72401, 3.72501, 3.72601, 3.72701, 3.72801, 3.72901, 3.73001, 3.73101, 3.73201, 3.73301, 3.73401, 3.73501, 3.73601, 3.73701, 3.73801, 3.73901, 3.74001, 3.74101, 3.74201, 3.74301, 3.74401, 3.74501, 3.74601, 3.74701, 3.74801, 3.74901, 3.75001, 3.75101, 3.75201, 3.75301, 3.75401, 3.75501, 3.75601, 3.75701, 3.75801, 3.75901, 3.76001, 3.76101, 3.76201, 3.76301, 3.76401, 3.76501, 3.76601, 3.76701, 3.76801, 3.76901, 3.77001, 3.77101, 3.77201, 3.77301, 3.77401, 3.77501, 3.77601, 3.77701, 3.77801, 3.77901, 3.78001, 3.78101, 3.78201, 3.78301, 3.78401, 3.78501, 3.78601, 3.78701, 3.78801, 3.78901, 3.79001, 3.79101, 3.79201, 3.79301, 3.79401, 3.79501, 3.79601, 3.79701, 3.79801, 3.79901, 3.80001, 3.80101, 3.80201, 3.80301, 3.80401, 3.80501, 3.80601, 3.80701, 3.80801, 3.80901, 3.81001, 3.81101, 3.81201, 3.81301, 3.81401, 3.81501, 3.81601, 3.81701, 3.81801, 3.81901, 3.82001, 3.82101, 3.82201, 3.82301, 3.82401, 3.82501, 3.82601, 3.82701, 3.82801, 3.82901, 3.83001, 3.83101, 3.83201, 3.83301, 3.83401, 3.83501, 3.83601, 3.83701, 3.83801, 3.83901
3.84001, 3.84101, 3.84201, 3.84301, 3.84401, 3.84501, 3.84601, 3.84701, 3.84801, 3.84901, 3.85001, 3.85101, 3.85201, 3.85301, 3.85401, 3.85501, 3.85601, 3.85701, 3.85801, 3.85901, 3.86001, 3.86101, 3.86201, 3.86301, 3.86401, 3.86501, 3.86601, 3.86701, 3.86801, 3.86901, 3.87001, 3.87101, 3.87201, 3.87301, 3.87401, 3.87501, 3.87601, 3.87701, 3.87801, 3.87901, 3.88001, 3.88101, 3.88201, 3.88301, 3.88401, 3.88501, 3.88601, 3.88701, 3.88801, 3.88901, 3.89001, 3.89101, 3.89201, 3.89301, 3.89401, 3.89501, 3.89601, 3.89701, 3.89801, 3.89901, 3.90001, 3.90101, 3.90201, 3.90301, 3.90401, 3.90501, 3.90601, 3.90701, 3.90801, 3.90901, 3.91001, 3.91101, 3.91201, 3.91301, 3.91401, 3.91501, 3.91601, 3.91701, 3.91801, 3.91901, 3.92001, 3.92101, 3.92201, 3.92301, 3.92401, 3.92501, 3.92601, 3.92701, 3.92801, 3.92901, 3.93001, 3.93101, 3.93201, 3.93301, 3.93401, 3.93501, 3.93601, 3.93701, 3.93801, 3.93901, 3.94001, 3.94101, 3.94201, 3.94301, 3.94401, 3.94501, 3.94601, 3.94701, 3.94801, 3.94901, 3.95001, 3.95101, 3.95201, 3.95301, 3.95401, 3.95501, 3.95601, 3.95701, 3.95801, 3.95901, 3.96001, 3.96101, 3.96201, 3.96301, 3.96401, 3.96501, 3.96601, 3.96701
3.96801, 3.96901, 3.97001, 3.97101, 3.97201, 3.97301, 3.97401, 3.97501, 3.97601, 3.97701, 3.97801, 3.97901, 3.98001, 3.98101, 3.98201, 3.98301, 3.98401, 3.98501, 3.98601, 3.98701, 3.98801, 3.98901, 3.99001, 3.99101, 3.99201, 3.99301, 3.99401, 3.99501, 3.99601, 3.99701, 3.99801, 3.99901, 4.00001, 4.00101, 4.00201, 4.00301, 4.00401, 4.00501, 4.00601, 4.00701, 4.00801, 4.00901, 4.01001, 4.01101, 4.01201, 4.01301, 4.01401, 4.01501, 4.01601, 4.01701, 4.01801, 4.01901, 4.02001, 4.02101, 4.02201, 4.02301, 4.02401, 4.02501, 4.02601, 4.02701, 4.02801, 4.02901, 4.03001, 4.03101, 4.03201, 4.03301, 4.03401, 4.03501, 4.03601, 4.03701, 4.03801, 4.03901, 4.04001, 4.04101, 4.04201, 4.04301, 4.04401, 4.04501, 4.04601, 4.04701, 4.04801, 4.04901, 4.05001, 4.05101, 4.05201, 4.05301, 4.05401, 4.05501, 4.05601, 4.05701, 4.05801, 4.05901, 4.06001, 4.06101, 4.06201, 4.06301, 4.06401, 4.06501, 4.06601, 4.06701, 4.06801, 4.06901, 4.07001, 4.07101, 4.07201, 4.07301, 4.07401, 4.07501, 4.07601, 4.07701, 4.07801, 4.07901, 4.08001, 4.08101, 4.08201, 4.08301, 4.08401, 4.08501, 4.08601, 4.08701, 4.08801, 4.08901, 4.09001, 4.09101, 4.09201, 4.09301, 4.09401, 4.09501
4.09601, 4.09701, 4.09801, 4.09901, 4.10001, 4.10101, 4.10201, 4.10301, 4.10401, 4.10501, 4.10601, 4.10701, 4.10801, 4.10901, 4.11001, 4.11101, 4.11201, 4.11301, 4.11401, 4.11501, 4.11601, 4.11701, 4.11801, 4.11901, 4.12001, 4.12101, 4.12201, 4.12301, 4.12401, 4.12501, 4.12601, 4.12701, 4.12801, 4.12901, 4.13001, 4.13101, 4.13201, 4.13301, 4.13401, 4.13501, 4.13601, 4.13701, 4.13801, 4.13901, 4.14001, 4.14101, 4.14201, 4.14301, 4.14401, 4.14501, 4.14601, 4.14701, 4.14801, 4.14901, 4.15001, 4.15101, 4.15201, 4.15301, 4.15401, 4.15501, 4.15601, 4.15701, 4.15801, 4.15901, 4.16001, 4.16101, 4.16201, 4.16301, 4.16401, 4.16501, 4.16601, 4.16701, 4.16801, 4.16901, 4.17001, 4.17101, 4.17201, 4.17301, 4.17401, 4.17501, 4.17601, 4.17701, 4.17801, 4.17901, 4.18001, 4.18101, 4.18201, 4.18301, 4.18401, 4.18501, 4.18601, 4.18701, 4.18801, 4.18901, 4.19001, 4.19101, 4.19201, 4.19301, 4.19401, 4.19501, 4.19601, 4.19701, 4.19801, 4.19901, 4.20001, 4.20101, 4.20201, 4.20301, 4.20401, 4.20501, 4.20601, 4.20701, 4.20801, 4.20901, 4.21001, 4.21101, 4.21201, 4.21301, 4.21401, 4.21501, 4.21601, 4.21701, 4.21801, 4.21901, 4.22001, 4.22101, 4.22201, 4.22301
4.22401, 4.22501, 4.22601, 4.22701, 4.22801, 4.22901, 4.23001, 4.23101, 4.23201, 4.23301, 4.23401, 4.23501, 4.23601, 4.23701, 4.23801, 4.23901, 4.24001, 4.24101, 4.24201, 4.24301, 4.24401, 4.24501, 4.24601, 4.24701, 4.24801, 4.24901, 4.25001, 4.25101, 4.25201, 4.25301, 4.25401, 4.25501, 4.25601, 4.25701, 4.25801, 4.25901, 4.26001, 4.26101, 4.26201, 4.26301, 4.26401, 4.26501, 4.26601, 4.26701, 4.26801, 4.26901, 4.27001, 4.27101, 4.27201, 4.27301, 4.27401, 4.27501, 4.27601, 4.27701, 4.27801, 4.27901, 4.28001, 4.28101, 4.28201, 4.28301, 4.28401, 4.28501, 4.28601, 4.28701, 4.28801, 4.28901, 4.29001, 4.29101, 4.29201, 4.29301, 4.29401, 4.29501, 4.29601, 4.29701, 4.29801, 4.29901, 4.30001, 4.30101, 4.30201, 4.30301, 4.30401, 4.30501, 4.30601, 4.30701, 4.30801, 4.30901, 4.31001, 4.31101, 4.31201, 4.31301, 4.31401, 4.31501, 4.31601, 4.31701, 4.31801, 4.31901, 4.32001, 4.32101, 4.32201, 4.32301, 4.32401, 4.32501, 4.32601, 4.32701, 4.32801, 4.32901, 4.33001, 4.33101, 4.33201, 4.33301, 4.33401, 4.33501, 4.33601, 4.33701, 4.33801, 4.33901, 4.34001, 4.34101, 4.34201, 4.34301, 4.34401, 4.34501, 4.34601, 4.34701, 4.34801, 4.34901, 4.35001, 4.35101
4.35201, 4.35301, 4.35401, 4.35501, 4.35601, 4.35701, 4.35801, 4.35901, 4.36001, 4.36101, 4.36201, 4.36301, 4.36401, 4.36501, 4.36601, 4.36701, 4.36801, 4.36901, 4.37001, 4.37101, 4.37201, 4.37301, 4.37401, 4.37501, 4.37601, 4.37701, 4.37801, 4.37901, 4.38001, 4.38101, 4.38201, 4.38301, 4.38401, 4.38501, 4.38601, 4.38701, 4.38801, 4.38901, 4.39001, 4.39101, 4.39201, 4.39301, 4.39401, 4.39501, 4.39601, 4.39701, 4.39801, 4.39901, 4.40001, 4.40101, 4.40201, 4.40301, 4.40401, 4.40501, 4.40601, 4.40701, 4.40801, 4.40901, 4.41001, 4.41101, 4.41201, 4.41301, 4.41401, 4.41501, 4.41601, 4.41701, 4.41801, 4.41901, 4.42001, 4.42101, 4.42201, 4.42301, 4.42401, 4.42501, 4.42601, 4.42701, 4.42801, 4.42901, 4.43001, 4.43101, 4.43201, 4.43301, 4.43401, 4.43501, 4.43601, 4.43701, 4.43801, 4.43901, 4.44001, 4.44101, 4.44201, 4.44301, 4.44401, 4.44501, 4.44601, 4.44701, 4.44801, 4.44901, 4.45001, 4.45101, 4.45201, 4.45301, 4.45401, 4.45501, 4.45601, 4.45701, 4.45801, 4.45901, 4.46001, 4.46101, 4.46201, 4.46301, 4.46401, 4.46501, 4.46601, 4.46701, 4.46801, 4.46901, 4.47001, 4.47101, 4.47201, 4.47301, 4.47401, 4.47501, 4.47601, 4.47701, 4.47801, 4.47901
4.48001, 4.48101, 4.48201, 4.48301, 4.48401, 4.48501, 4.48601, 4.48701, 4.48801, 4.48901, 4.49001, 4.49101, 4.49201, 4.49301, 4.49401, 4.49501, 4.49601, 4.49701, 4.49801, 4.49901, 4.50001, 4.50101, 4.50201, 4.50301, 4.50401, 4.50501, 4.50601, 4.50701, 4.50801, 4.50901, 4.51001, 4.51101, 4.51201, 4.51301, 4.51401, 4.51501, 4.51601, 4.51701, 4.51801, 4.51901, 4.52001, 4.52101, 4.52201, 4.52301, 4.52401, 4.52501, 4.52601, 4.52701, 4.52801, 4.52901, 4.53001, 4.53101, 4.53201, 4.53301, 4.53401, 4.53501, 4.53601, 4.53701, 4.53801, 4.53901, 4.54001, 4.54101, 4.54201, 4.54301, 4.54401, 4.54501, 4.54601, 4.54701, 4.54801, 4.54901, 4.55001, 4.55101, 4.55201, 4.55301, 4.55401, 4.55501, 4.55601, 4.55701, 4.55801, 4.55901, 4.56001, 4.56101, 4.56201, 4.56301, 4.56401, 4.56501, 4.56601, 4.56701, 4.56801, 4.56901, 4.57001, 4.57101, 4.57201, 4.57301, 4.57401, 4.57501, 4.57601, 4.57701, 4.57801, 4.57901, 4.58001, 4.58101, 4.58201, 4.58301, 4.58401, 4.58501, 4.58601, 4.58701, 4.58801, 4.58901, 4.59001, 4.59101, 4.59201, 4.59301, 4.59401, 4.59501, 4.59601, 4.59701, 4.59801, 4.59901, 4.60001, 4.60101, 4.60201, 4.60301, 4.60401, 4.60501, 4.60601, 4.60701
4.60801, 4.60901, 4.61001, 4.61101, 4.61201, 4.61301, 4.61401, 4.61501, 4.61601, 4.61701, 4.61801, 4.61901, 4.62001, 4.62101, 4.62201, 4.62301, 4.62401, 4.62501, 4.62601, 4.62701, 4.62801, 4.62901, 4.63001, 4.63101, 4.63201, 4.63301, 4.63401, 4.63501, 4.63601, 4.63701, 4.63801, 4.63901, 4.64001, 4.64101, 4.64201, 4.64301, 4.64401, 4.64501, 4.64601, 4.64701, 4.64801, 4.64901, 4.65001, 4.65101, 4.65201, 4.65301, 4.65401, 4.65501, 4.65601, 4.65701, 4.65801, 4.65901, 4.66001, 4.66101, 4.66201, 4.66301, 4.66401, 4.66501, 4.66601, 4.66701, 4.66801, 4.66901, 4.67001, 4.67101, 4.67201, 4.67301, 4.67401, 4.67501, 4.67601, 4.67701, 4.67801, 4.67901, 4.68001, 4.68101, 4.68201, 4.68301, 4.68401, 4.68501, 4.68601, 4.68701, 4.68801, 4.68901, 4.69001, 4.69101, 4.69201, 4.69301, 4.69401, 4.69501, 4.69601, 4.69701, 4.69801, 4.69901, 4.70001, 4.70101, 4.70201, 4.70301, 4.70401, 4.70501, 4.70601, 4.70701, 4.70801, 4.70901, 4.71001, 4.71101, 4.71201, 4.71301, 4.71401, 4.71501, 4.71601, 4.71701, 4.71801, 4.71901, 4.72001, 4.72101, 4.72201, 4.72301, 4.72401, 4.72501, 4.72601, 4.72701, 4.72801, 4.72901, 4.73001, 4.73101, 4.73201, 4.73301, 4.73401, 4.73501
4.73601, 4.73701, 4.73801, 4.73901, 4.74001, 4.74101, 4.74201, 4.74301, 4.74401, 4.74501, 4.74601, 4.74701, 4.74801, 4.74901, 4.75001, 4.75101, 4.75201, 4.75301, 4.75401, 4.75501, 4.75601, 4.75701, 4.75801, 4.75901, 4.76001, 4.76101, 4.76201, 4.76301, 4.76401, 4.76501, 4.76601, 4.76701, 4.76801, 4.76901, 4.77001, 4.77101, 4.77201, 4.77301, 4.77401, 4.77501, 4.77601, 4.77701, 4.77801, 4.77901, 4.78001, 4.78101, 4.78201, 4.78301, 4.78401, 4.78501, 4.78601, 4.78701, 4.78801, 4.78901, 4.79001, 4.79101, 4.79201, 4.79301, 4.79401, 4.79501, 4.79601, 4.79701, 4.79801, 4.79901, 4.80001, 4.80101, 4.80201, 4.80301, 4.80401, 4.80501, 4.80601, 4.80701, 4.80801, 4.80901, 4.81001, 4.81101, 4.81201, 4.81301, 4.81401, 4.81501, 4.81601, 4.81701, 4.81801, 4.81901, 4.82001, 4.82101, 4.82201, 4.82301, 4.82401, 4.82501, 4.82601, 4.82701, 4.82801, 4.82901, 4.83001, 4.83101, 4.83201, 4.83301, 4.83401, 4.83501, 4.83601, 4.83701, 4.83801, 4.83901, 4.84001, 4.84101, 4.84201, 4.84301, 4.84401, 4.84501, 4.84601, 4.84701, 4.84801, 4.84901, 4.85001, 4.85101, 4.85201, 4.85301, 4.85401, 4.85501, 4.85601, 4.85701, 4.85801, 4.85901, 4.86001, 4.86101, 4.86201, 4.86301
4.86401, 4.86501, 4.86601, 4.86701, 4.86801, 4.86901, 4.87001, 4.87101, 4.87201, 4.87301, 4.87401, 4.87501, 4.87601, 4.87701, 4.87801, 4.87901, 4.88001, 4.88101, 4.88201, 4.88301, 4.88401, 4.88501, 4.88601, 4.88701, 4.88801, 4.88901, 4.89001, 4.89101, 4.89201, 4.89301, 4.89401, 4.89501, 4.89601, 4.89701, 4.89801, 4.89901, 4.90001, 4.90101, 4.90201, 4.90301, 4.90401, 4.90501, 4.90601, 4.90701, 4.90801, 4.90901, 4.91001, 4.91101, 4.91201, 4.91301, 4.91401, 4.91501, 4.91601, 4.91701, 4.91801, 4.91901, 4.92001, 4.92101, 4.92201, 4.92301, 4.92401, 4.92501, 4.92601, 4.92701, 4.92801, 4.92901, 4.93001, 4.93101, 4.93201, 4.93301, 4.93401, 4.93501, 4.93601, 4.93701, 4.93801, 4.93901, 4.94001, 4.94101, 4.94201, 4.94301, 4.94401, 4.94501, 4.94601, 4.94701, 4.94801, 4.94901, 4.95001, 4.95101, 4.95201, 4.95301, 4.95401, 4.95501, 4.95601, 4.95701, 4.95801, 4.95901, 4.96001, 4.96101, 4.96201, 4.96301, 4.96401, 4.96501, 4.96601, 4.96701, 4.96801, 4.96901, 4.97001, 4.97101, 4.97201, 4.97301, 4.97401, 4.97501, 4.97601, 4.97701, 4.97801, 4.97901, 4.98001, 4.98101, 4.98201, 4.98301, 4.98401, 4.98501, 4.98601, 4.98701, 4.98801, 4.98901, 4.99001, 4.99101
4.99201, 4.99301, 4.99401, 4.99501, 4.99601, 4.99701, 4.99801, 4.99901, 5.00001, 5.00101, 5.00201, 5.00301, 5.00401, 5.00501, 5.00601, 5.00701, 5.00801, 5.00901, 5.01001, 5.01101, 5.01201, 5.01301, 5.01401, 5.01501, 5.01601, 5.01701, 5.01801, 5.01901, 5.02001, 5.02101, 5.02201, 5.02301, 5.02401, 5.02501, 5.02601, 5.02701, 5.02801, 5.02901, 5.03001, 5.03101, 5.03201, 5.03301, 5.03401, 5.03501, 5.03601, 5.03701, 5.03801, 5.03901, 5.04001, 5.04101, 5.04201, 5.04301, 5.04401, 5.04501, 5.04601, 5.04701, 5.04801, 5.04901, 5.05001, 5.05101, 5.05201, 5.05301, 5.05401, 5.05501, 5.05601, 5.05701, 5.05801, 5.05901, 5.06001, 5.06101, 5.06201, 5.06301, 5.06401, 5.06501, 5.06601, 5.06701, 5.06801, 5.06901, 5.07001, 5.07101, 5.07201, 5.07301, 5.07401, 5.07501, 5.07601, 5.07701, 5.07801, 5.07901, 5.08001, 5.08101, 5.08201, 5.08301, 5.08401, 5.08501, 5.08601, 5.08701, 5.08801, 5.08901, 5.09001, 5.09101, 5.09201, 5.09301, 5.09401, 5.09501, 5.09601, 5.09701, 5.09801, 5.09901, 5.10001, 5.10101, 5.10201, 5.10301, 5.10401, 5.10501, 5.10601, 5.10701, 5.10801, 5.10901, 5.11001, 5.11101, 5.11201, 5.11301, 5.11401, 5.11501, 5.11601, 5.11701, 5.11801, 5.11901
5.12001, 5.12101, 5.12201, 5.12301, 5.12401, 5.12501, 5.12601, 5.12701, 5.12801, 5.12901, 5.13001, 5.13101, 5.13201, 5.13301, 5.13401, 5.13501, 5.13601, 5.13701, 5.13801, 5.13901, 5.14001, 5.14101, 5.14201, 5.14301, 5.14401, 5.14501, 5.14601, 5.14701, 5.14801, 5.14901, 5.15001, 5.15101, 5.15201, 5.15301, 5.15401, 5.15501, 5.15601, 5.15701, 5.15801, 5.15901, 5.16001, 5.16101, 5.16201, 5.16301, 5.16401, 5.16501, 5.16601, 5.16701, 5.16801, 5.16901, 5.17001, 5.17101, 5.17201, 5.17301, 5.17401, 5.17501, 5.17601, 5.17701, 5.17801, 5.17901, 5.18001, 5.18101, 5.18201, 5.18301, 5.18401, 5.18501, 5.18601, 5.18701, 5.18801, 5.18901, 5.19001, 5.19101, 5.19201, 5.19301, 5.19401, 5.19501, 5.19601, 5.19701, 5.19801, 5.19901, 5.20001, 5.20101, 5.20201, 5.20301, 5.20401, 5.20501, 5.20601, 5.20701, 5.20801, 5.20901, 5.21001, 5.21101, 5.21201, 5.21301, 5.21401, 5.21501, 5.21601, 5.21701, 5.21801, 5.21901, 5.22001, 5.22101, 5.22201, 5.22301, 5.22401, 5.22501, 5.22601, 5.22701, 5.22801, 5.22901, 5.23001, 5.23101, 5.23201, 5.23301, 5.23401, 5.23501, 5.23601, 5.23701, 5.23801, 5.23901, 5.24001, 5.24101, 5.24201, 5.24301, 5.24401, 5.24501, 5.24601, 5.24701
5.24801, 5.24901, 5.25001, 5.25101, 5.25201, 5.25301, 5.25401, 5.25501, 5.25601, 5.25701, 5.25801, 5.25901, 5.26001, 5.26101, 5.26201, 5.26301, 5.26401, 5.26501, 5.26601, 5.26701, 5.26801, 5.26901, 5.27001, 5.27101, 5.27201, 5.27301, 5.27401, 5.27501, 5.27601, 5.27701, 5.27801, 5.27901, 5.28001, 5.28101, 5.28201, 5.28301, 5.28401, 5.28501, 5.28601, 5.28701, 5.28801, 5.28901, 5.29001, 5.29101, 5.29201, 5.29301, 5.29401, 5.29501, 5.29601, 5.29701, 5.29801, 5.29901, 5.30001, 5.30101, 5.30201, 5.30301, 5.30401, 5.30501, 5.30601, 5.30701, 5.30801, 5.30901, 5.31001, 5.31101, 5.31201, 5.31301, 5.31401, 5.31501, 5.31601, 5.31701, 5.31801, 5.31901, 5.32001, 5.32101, 5.32201, 5.32301, 5.32401, 5.32501, 5.32601, 5.32701, 5.32801, 5.32901, 5.33001, 5.33101, 5.33201, 5.33301, 5.33401, 5.33501, 5.33601, 5.33701, 5.33801, 5.33901, 5.34001, 5.34101, 5.34201, 5.34301, 5.34401, 5.34501, 5.34601, 5.34701, 5.34801, 5.34901, 5.35001, 5.35101, 5.35201, 5.35301, 5.35401, 5.35501, 5.35601, 5.35701, 5.35801, 5.35901, 5.36001, 5.36101, 5.36201, 5.36301, 5.36401, 5.36501, 5.36601, 5.36701, 5.36801, 5.36901, 5.37001, 5.37101, 5.37201, 5.37301, 5.37401, 5.37501
5.37601, 5.37701, 5.37801, 5.37901, 5.38001, 5.38101, 5.38201, 5.38301, 5.38401, 5.38501, 5.38601, 5.38701, 5.38801, 5.38901, 5.39001, 5.39101, 5.39201, 5.39301, 5.39401, 5.39501, 5.39601, 5.39701, 5.39801, 5.39901, 5.40001, 5.40101, 5.40201, 5.40301, 5.40401, 5.40501, 5.40601, 5.40701, 5.40801, 5.40901, 5.41001, 5.41101, 5.41201, 5.41301, 5.41401, 5.41501, 5.41601, 5.41701, 5.41801, 5.41901, 5.42001, 5.42101, 5.42201, 5.42301, 5.42401, 5.42501, 5.42601, 5.42701, 5.42801, 5.42901, 5.43001, 5.43101, 5.43201, 5.43301, 5.43401, 5.43501, 5.43601, 5.43701, 5.43801, 5.43901, 5.44001, 5.44101, 5.44201, 5.44301, 5.44401, 5.44501, 5.44601, 5.44701, 5.44801, 5.44901, 5.45001, 5.45101, 5.45201, 5.45301, 5.45401, 5.45501, 5.45601, 5.45701, 5.45801, 5.45901, 5.46001, 5.46101, 5.46201, 5.46301, 5.46401, 5.46501, 5.46601, 5.46701, 5.46801, 5.46901, 5.47001, 5.47101, 5.47201, 5.47301, 5.47401, 5.47501, 5.47601, 5.47701, 5.47801, 5.47901, 5.48001, 5.48101, 5.48201, 5.48301, 5.48401, 5.48501, 5.48601, 5.48701, 5.48801, 5.48901, 5.49001, 5.49101, 5.49201, 5.49301, 5.49401, 5.49501, 5.49601, 5.49701, 5.49801, 5.49901, 5.50001, 5.50101, 5.50201, 5.50301
5.50401, 5.50501, 5.50601, 5.50701, 5.50801, 5.50901, 5.51001, 5.51101, 5.51201, 5.51301, 5.51401, 5.51501, 5.51601, 5.51701, 5.51801, 5.51901, 5.52001, 5.52101, 5.52201, 5.52301, 5.52401, 5.52501, 5.52601, 5.52701, 5.52801, 5.52901, 5.53001, 5.53101, 5.53201, 5.53301, 5.53401, 5.53501, 5.53601, 5.53701, 5.53801, 5.53901, 5.54001, 5.54101, 5.54201, 5.54301, 5.54401, 5.54501, 5.54601, 5.54701, 5.54801, 5.54901, 5.55001, 5.55101, 5.55201, 5.55301, 5.55401, 5.55501, 5.55601, 5.55701, 5.55801, 5.55901, 5.56001, 5.56101, 5.56201, 5.56301, 5.56401, 5.56501, 5.56601, 5.56701, 5.56801, 5.56901, 5.57001, 5.57101, 5.57201, 5.57301, 5.57401, 5.57501, 5.57601, 5.57701, 5.57801, 5.57901, 5.58001, 5.58101, 5.58201, 5.58301, 5.58401, 5.58501, 5.58601, 5.58701, 5.58801, 5.58901, 5.59001, 5.59101, 5.59201, 5.59301, 5.59401, 5.59501, 5.59601, 5.59701, 5.59801, 5.59901, 5.60001, 5.60101, 5.60201, 5.60301, 5.60401, 5.60501, 5.60601, 5.60701, 5.60801, 5.60901, 5.61001, 5.61101, 5.61201, 5.61301, 5.61401, 5.61501, 5.61601, 5.61701, 5.61801, 5.61901, 5.62001, 5.62101, 5.62201, 5.62301, 5.62401, 5.62501, 5.62601, 5.62701, 5.62801, 5.62901, 5.63001, 5.63101
5.63201, 5.63301, 5.63401, 5.63501, 5.63601, 5.63701, 5.63801, 5.63901, 5.64001, 5.64101, 5.64201, 5.64301, 5.64401, 5.64501, 5.64601, 5.64701, 5.64801, 5.64901, 5.65001, 5.65101, 5.65201, 5.65301, 5.65401, 5.65501, 5.65601, 5.65701, 5.65801, 5.65901, 5.66001, 5.66101, 5.66201, 5.66301, 5.66401, 5.66501, 5.66601, 5.66701, 5.66801, 5.66901, 5.67001, 5.67101, 5.67201, 5.67301, 5.67401, 5.67501, 5.67601, 5.67701, 5.67801, 5.67901, 5.68001, 5.68101, 5.68201, 5.68301, 5.68401, 5.68501, 5.68601, 5.68701, 5.68801, 5.68901, 5.69001, 5.69101, 5.69201, 5.69301, 5.69401, 5.69501, 5.69601, 5.69701, 5.69801, 5.69901, 5.70001, 5.70101, 5.70201, 5.70301, 5.70401, 5.70501, 5.70601, 5.70701, 5.70801, 5.70901, 5.71001, 5.71101, 5.71201, 5.71301, 5.71401, 5.71501, 5.71601, 5.71701, 5.71801, 5.71901, 5.72001, 5.72101, 5.72201, 5.72301, 5.72401, 5.72501, 5.72601, 5.72701, 5.72801, 5.72901, 5.73001, 5.73101, 5.73201, 5.73301, 5.73401, 5.73501, 5.73601, 5.73701, 5.73801, 5.73901, 5.74001, 5.74101, 5.74201, 5.74301, 5.74401, 5.74501, 5.74601, 5.74701, 5.74801, 5.74901, 5.75001, 5.75101, 5.75201, 5.75301, 5.75401, 5.75501, 5.75601, 5.75701, 5.75801, 5.75901
5.76001, 5.76101, 5.76201, 5.76301, 5.76401, 5.76501, 5.76601, 5.76701, 5.76801, 5.76901, 5.77001, 5.77101, 5.77201, 5.77301, 5.77401, 5.77501, 5.77601, 5.77701, 5.77801, 5.77901, 5.78001, 5.78101, 5.78201, 5.78301, 5.78401, 5.78501, 5.78601, 5.78701, 5.78801, 5.78901, 5.79001, 5.79101, 5.79201, 5.79301, 5.79401, 5.79501, 5.79601, 5.79701, 5.79801, 5.79901, 5.80001, 5.80101, 5.80201, 5.80301, 5.80401, 5.80501, 5.80601, 5.80701, 5.80801, 5.80901, 5.81001, 5.81101, 5.81201, 5.81301, 5.81401, 5.81501, 5.81601, 5.81701, 5.81801, 5.81901, 5.82001, 5.82101, 5.82201, 5.82301, 5.82401, 5.82501, 5.82601, 5.82701, 5.82801, 5.82901, 5.83001, 5.83101, 5.83201, 5.83301, 5.83401, 5.83501, 5.83601, 5.83701, 5.83801, 5.83901, 5.84001, 5.84101, 5.84201, 5.84301, 5.84401, 5.84501, 5.84601, 5.84701, 5.84801, 5.84901, 5.85001, 5.85101, 5.85201, 5.85301, 5.85401, 5.85501, 5.85601, 5.85701, 5.85801, 5.85901, 5.86001, 5.86101, 5.86201, 5.86301, 5.86401, 5.86501, 5.86601, 5.86701, 5.86801, 5.86901, 5.87001, 5.87101, 5.87201, 5.87301, 5.87401, 5.87501, 5.87601, 5.87701, 5.87801, 5.87901, 5.88001, 5.88101, 5.88201, 5.88301, 5.88401, 5.88501, 5.88601, 5.88701
5.88801, 5.88901, 5.89001, 5.89101, 5.89201, 5.89301, 5.89401, 5.89501, 5.89601, 5.89701, 5.89801, 5.89901, 5.90001, 5.90101, 5.90201, 5.90301, 5.90401, 5.90501, 5.90601, 5.90701, 5.90801, 5.90901, 5.91001, 5.91101, 5.91201, 5.91301, 5.91401, 5.91501, 5.91601, 5.91701, 5.91801, 5.91901, 5.92001, 5.92101, 5.92201, 5.92301, 5.92401, 5.92501, 5.92601, 5.92701, 5.92801, 5.92901, 5.93001, 5.93101, 5.93201, 5.93301, 5.93401, 5.93501, 5.93601, 5.93701, 5.93801, 5.93901, 5.94001, 5.94101, 5.94201, 5.94301, 5.94401, 5.94501, 5.94601, 5.94701, 5.94801, 5.94901, 5.95001, 5.95101, 5.95201, 5.95301, 5.95401, 5.95501, 5.95601, 5.95701, 5.95801, 5.95901, 5.96001, 5.96101, 5.96201, 5.96301, 5.96401, 5.96501, 5.96601, 5.96701, 5.96801, 5.96901, 5.97001, 5.97101, 5.97201, 5.97301, 5.97401, 5.97501, 5.97601, 5.97701, 5.97801, 5.97901, 5.98001, 5.98101, 5.98201, 5.98301, 5.98401, 5.98501, 5.98601, 5.98701, 5.98801, 5.98901, 5.99001, 5.99101, 5.99201, 5.99301, 5.99401, 5.99501, 5.99601, 5.99701, 5.99801, 5.99901, 6.00001, 6.00101, 6.00201, 6.00301, 6.00401, 6.00501, 6.00601, 6.00701, 6.00801, 6.00901, 6.01001, 6.01101, 6.01201, 6.01301, 6.01401, 6.01501
6.01601, 6.01701, 6.01801, 6.01901, 6.02001, 6.02101, 6.02201, 6.02301, 6.02401, 6.02501, 6.02601, 6.02701, 6.02801, 6.02901, 6.03001, 6.03101, 6.03201, 6.03301, 6.03401, 6.03501, 6.03601, 6.03701, 6.03801, 6.03901, 6.04001, 6.04101, 6.04201, 6.04301, 6.04401, 6.04501, 6.04601, 6.04701, 6.04801, 6.04901, 6.05001, 6.05101, 6.05201, 6.05301, 6.05401, 6.05501, 6.05601, 6.05701, 6.05801, 6.05901, 6.06001, 6.06101, 6.06201, 6.06301, 6.06401, 6.06501, 6.06601, 6.06701, 6.06801, 6.06901, 6.07001, 6.07101, 6.07201, 6.07301, 6.07401, 6.07501, 6.07601, 6.07701, 6.07801, 6.07901, 6.08001, 6.08101, 6.08201, 6.08301, 6.08401, 6.08501, 6.08601, 6.08701, 6.08801, 6.08901, 6.09001, 6.09101, 6.09201, 6.09301, 6.09401, 6.09501, 6.09601, 6.09701, 6.09801, 6.09901, 6.10001, 6.10101, 6.10201, 6.10301, 6.10401, 6.10501, 6.10601, 6.10701, 6.10801, 6.10901, 6.11001, 6.11101, 6.11201, 6.11301, 6.11401, 6.11501, 6.11601, 6.11701, 6.11801, 6.11901, 6.12001, 6.12101, 6.12201, 6.12301, 6.12401, 6.12501, 6.12601, 6.12701, 6.12801, 6.12901, 6.13001, 6.13101, 6.13201, 6.13301, 6.13401, 6.13501, 6.13601, 6.13701, 6.13801, 6.13901, 6.14001, 6.14101, 6.14201, 6.14301
6.14401, 6.14501, 6.14601, 6.14701, 6.14801, 6.14901, 6.15001, 6.15101, 6.15201, 6.15301, 6.15401, 6.15501, 6.15601, 6.15701, 6.15801, 6.15901, 6.16001, 6.16101, 6.16201, 6.16301, 6.16401, 6.16501, 6.16601, 6.16701, 6.16801, 6.16901, 6.17001, 6.17101, 6.17201, 6.17301, 6.17401, 6.17501, 6.17601, 6.17701, 6.17801, 6.17901, 6.18001, 6.18101, 6.18201, 6.18301, 6.18401, 6.18501, 6.18601, 6.18701, 6.18801, 6.18901, 6.19001, 6.19101, 6.19201, 6.19301, 6.19401, 6.19501, 6.19601, 6.19701, 6.19801, 6.19901, 6.20001, 6.20101, 6.20201, 6.20301, 6.20401, 6.20501, 6.20601, 6.20701, 6.20801, 6.20901, 6.21001, 6.21101, 6.21201, 6.21301, 6.21401, 6.21501, 6.21601, 6.21701, 6.21801, 6.21901, 6.22001, 6.22101, 6.22201, 6.22301, 6.22401, 6.22501, 6.22601, 6.22701, 6.22801, 6.22901, 6.23001, 6.23101, 6.23201, 6.23301, 6.23401, 6.23501, 6.23601, 6.23701, 6.23801, 6.23901, 6.24001, 6.24101, 6.24201, 6.24301, 6.24401, 6.24501, 6.24601, 6.24701, 6.24801, 6.24901, 6.25001, 6.25101, 6.25201, 6.25301, 6.25401, 6.25501, 6.25601, 6.25701, 6.25801, 6.25901, 6.26001, 6.26101, 6.26201, 6.26301, 6.26401, 6.26501, 6.26601, 6.26701, 6.26801, 6.26901, 6.27001, 6.27101
6.27201, 6.27301, 6.27401, 6.27501, 6.27601, 6.27701, 6.27801, 6.27901, 6.28001, 6.28101, 6.28201, 6.28301, 6.28401, 6.28501, 6.28601, 6.28701, 6.28801, 6.28901, 6.29001, 6.29101, 6.29201, 6.29301, 6.29401, 6.29501, 6.29601, 6.29701, 6.29801, 6.29901, 6.30001, 6.30101, 6.30201, 6.30301, 6.30401, 6.30501, 6.30601, 6.30701, 6.30801, 6.30901, 6.31001, 6.31101, 6.31201, 6.31301, 6.31401, 6.31501, 6.31601, 6.31701, 6.31801, 6.31901, 6.32001, 6.32101, 6.32201, 6.32301, 6.32401, 6.32501, 6.32601, 6.32701, 6.32801, 6.32901, 6.33001, 6.33101, 6.33201, 6.33301, 6.33401, 6.33501, 6.33601, 6.33701, 6.33801, 6.33901, 6.34001, 6.34101, 6.34201, 6.34301, 6.34401, 6.34501, 6.34601, 6.34701, 6.34801, 6.34901, 6.35001, 6.35101, 6.35201, 6.35301, 6.35401, 6.35501, 6.35601, 6.35701, 6.35801, 6.35901, 6.36001, 6.36101, 6.36201, 6.36301, 6.36401, 6.36501, 6.36601, 6.36701, 6.36801, 6.36901, 6.37001, 6.37101, 6.37201, 6.37301, 6.37401, 6.37501, 6.37601, 6.37701, 6.37801, 6.37901, 6.38001, 6.38101, 6.38201, 6.38301, 6.38401, 6.38501, 6.38601, 6.38701, 6.38801, 6.38901, 6.39001, 6.39101, 6.39201, 6.39301, 6.39401, 6.39501, 6.39601, 6.39701, 6.39801, 6.39901
6.40001, 6.40101, 6.40201, 6.40301, 6.40401, 6.40501, 6.40601, 6.40701, 6.40801, 6.40901, 6.41001, 6.41101, 6.41201, 6.41301, 6.41401, 6.41501, 6.41601, 6.41701, 6.41801, 6.41901, 6.42001, 6.42101, 6.42201, 6.42301, 6.42401, 6.42501, 6.42601, 6.42701, 6.42801, 6.42901, 6.43001, 6.43101, 6.43201, 6.43301, 6.43401, 6.43501, 6.43601, 6.43701, 6.43801, 6.43901, 6.44001, 6.44101, 6.44201, 6.44301, 6.44401, 6.44501, 6.44601, 6.44701, 6.44801, 6.44901, 6.45001, 6.45101, 6.45201, 6.45301, 6.45401, 6.45501, 6.45601, 6.45701, 6.45801, 6.45901, 6.46001, 6.46101, 6.46201, 6.46301, 6.46401, 6.46501, 6.46601, 6.46701, 6.46801, 6.46901, 6.47001, 6.47101, 6.47201, 6.47301, 6.47401, 6.47501, 6.47601, 6.47701, 6.47801, 6.47901, 6.48001, 6.48101, 6.48201, 6.48301, 6.48401, 6.48501, 6.48601, 6.48701, 6.48801, 6.48901, 6.49001, 6.49101, 6.49201, 6.49301, 6.49401, 6.49501, 6.49601, 6.49701, 6.49801, 6.49901, 6.50001, 6.50101, 6.50201, 6.50301, 6.50401, 6.50501, 6.50601, 6.50701, 6.50801, 6.50901, 6.51001, 6.51101, 6.51201, 6.51301, 6.51401, 6.51501, 6.51601, 6.51701, 6.51801, 6.51901, 6.52001, 6.52101, 6.52201, 6.52301, 6.52401, 6.52501, 6.52601, 6.52701
6.52801, 6.52901, 6.53001, 6.53101, 6.53201, 6.53301, 6.53401, 6.53501, 6.53601, 6.53701, 6.53801, 6.53901, 6.54001, 6.54101, 6.54201, 6.54301, 6.54401, 6.54501, 6.54601, 6.54701, 6.54801, 6.54901, 6.55001, 6.55101, 6.55201, 6.55301, 6.55401, 6.55501, 6.55601, 6.55701, 6.55801, 6.55901, 6.56001, 6.56101, 6.56201, 6.56301, 6.56401, 6.56501, 6.56601, 6.56701, 6.56801, 6.56901, 6.57001, 6.57101, 6.57201, 6.57301, 6.57401, 6.57501, 6.57601, 6.57701, 6.57801, 6.57901, 6.58001, 6.58101, 6.58201, 6.58301, 6.58401, 6.58501, 6.58601, 6.58701, 6.58801, 6.58901, 6.59001, 6.59101, 6.59201, 6.59301, 6.59401, 6.59501, 6.59601, 6.59701, 6.59801, 6.59901, 6.60001, 6.60101, 6.60201, 6.60301, 6.60401, 6.60501, 6.60601, 6.60701, 6.60801, 6.60901, 6.61001, 6.61101, 6.61201, 6.61301, 6.61401, 6.61501, 6.61601, 6.61701, 6.61801, 6.61901, 6.62001, 6.62101, 6.62201, 6.62301, 6.62401, 6.62501, 6.62601, 6.62701, 6.62801, 6.62901, 6.63001, 6.63101, 6.63201, 6.63301, 6.63401, 6.63501, 6.63601, 6.63701, 6.63801, 6.63901, 6.64001, 6.64101, 6.64201, 6.64301, 6.64401, 6.64501, 6.64601, 6.64701, 6.64801, 6.64901, 6.65001, 6.65101, 6.65201, 6.65301, 6.65401, 6.65501
6.65601, 6.65701, 6.65801, 6.65901, 6.66001, 6.66101, 6.66201, 6.66301, 6.66401, 6.66501, 6.66601, 6.66701, 6.66801, 6.66901, 6.67001, 6.67101, 6.67201, 6.67301, 6.67401, 6.67501, 6.67601, 6.67701, 6.67801, 6.67901, 6.68001, 6.68101, 6.68201, 6.68301, 6.68401, 6.68501, 6.68601, 6.68701, 6.68801, 6.68901, 6.69001, 6.69101, 6.69201, 6.69301, 6.69401, 6.69501, 6.69601, 6.69701, 6.69801, 6.69901, 6.70001, 6.70101, 6.70201, 6.70301, 6.70401, 6.70501, 6.70601, 6.70701, 6.70801, 6.70901, 6.71001, 6.71101, 6.71201, 6.71301, 6.71401, 6.71501, 6.71601, 6.71701, 6.71801, 6.71901, 6.72001, 6.72101, 6.72201, 6.72301, 6.72401, 6.72501, 6.72601, 6.72701, 6.72801, 6.72901, 6.73001, 6.73101, 6.73201, 6.73301, 6.73401, 6.73501, 6.73601, 6.73701, 6.73801, 6.73901, 6.74001, 6.74101, 6.74201, 6.74301, 6.74401, 6.74501, 6.74601, 6.74701, 6.74801, 6.74901, 6.75001, 6.75101, 6.75201, 6.75301, 6.75401, 6.75501, 6.75601, 6.75701, 6.75801, 6.75901, 6.76001, 6.76101, 6.76201, 6.76301, 6.76401, 6.76501, 6.76601, 6.76701, 6.76801, 6.76901, 6.77001, 6.77101, 6.77201, 6.77301, 6.77401, 6.77501, 6.77601, 6.77701, 6.77801, 6.77901, 6.78001, 6.78101, 6.78201, 6.78301
6.78401, 6.78501, 6.78601, 6.78701, 6.78801, 6.78901, 6.79001, 6.79101, 6.79201, 6.79301, 6.79401, 6.79501, 6.79601, 6.79701, 6.79801, 6.79901, 6.80001, 6.80101, 6.80201, 6.80301, 6.80401, 6.80501, 6.80601, 6.80701, 6.80801, 6.80901, 6.81001, 6.81101, 6.81201, 6.81301, 6.81401, 6.81501, 6.81601, 6.81701, 6.81801, 6.81901, 6.82001, 6.82101, 6.82201, 6.82301, 6.82401, 6.82501, 6.82601, 6.82701, 6.82801, 6.82901, 6.83001, 6.83101, 6.83201, 6.83301, 6.83401, 6.83501, 6.83601, 6.83701, 6.83801, 6.83901, 6.84001, 6.84101, 6.84201, 6.84301, 6.84401, 6.84501, 6.84601, 6.84701, 6.84801, 6.84901, 6.85001, 6.85101, 6.85201, 6.85301, 6.85401, 6.85501, 6.85601, 6.85701, 6.85801, 6.85901, 6.86001, 6.86101, 6.86201, 6.86301, 6.86401, 6.86501, 6.86601, 6.86701, 6.86801, 6.86901, 6.87001, 6.87101, 6.87201, 6.87301, 6.87401, 6.87501, 6.87601, 6.87701, 6.87801, 6.87901, 6.88001, 6.88101, 6.88201, 6.88301, 6.88401, 6.88501, 6.88601, 6.88701, 6.88801, 6.88901, 6.89001, 6.89101, 6.89201, 6.89301, 6.89401, 6.89501, 6.89601, 6.89701, 6.89801, 6.89901, 6.90001, 6.90101, 6.90201, 6.90301, 6.90401, 6.90501, 6.90601, 6.90701, 6.90801, 6.90901, 6.91001, 6.91101
6.91201, 6.91301, 6.91401, 6.91501, 6.91601, 6.91701, 6.91801, 6.91901, 6.92001, 6.92101, 6.92201, 6.92301, 6.92401, 6.92501, 6.92601, 6.92701, 6.92801, 6.92901, 6.93001, 6.93101, 6.93201, 6.93301, 6.93401, 6.93501, 6.93601, 6.93701, 6.93801, 6.93901, 6.94001, 6.94101, 6.94201, 6.94301, 6.94401, 6.94501, 6.94601, 6.94701, 6.94801, 6.94901, 6.95001, 6.95101, 6.95201, 6.95301, 6.95401, 6.95501, 6.95601, 6.95701, 6.95801, 6.95901, 6.96001, 6.96101, 6.96201, 6.96301, 6.96401, 6.96501, 6.96601, 6.96701, 6.96801, 6.96901, 6.97001, 6.97101, 6.97201, 6.97301, 6.97401, 6.97501, 6.97601, 6.97701, 6.97801, 6.97901, 6.98001, 6.98101, 6.98201, 6.98301, 6.98401, 6.98501, 6.98601, 6.98701, 6.98801, 6.98901, 6.99001, 6.99101, 6.99201, 6.99301, 6.99401, 6.99501, 6.99601, 6.99701, 6.99801, 6.99901, 7.00001, 7.00101, 7.00201, 7.00301, 7.00401, 7.00501, 7.00601, 7.00701, 7.00801, 7.00901, 7.01001, 7.01101, 7.01201, 7.01301, 7.01401, 7.01501, 7.01601, 7.01701, 7.01801, 7.01901, 7.02001, 7.02101, 7.02201, 7.02301, 7.02401, 7.02501, 7.02601, 7.02701, 7.02801, 7.02901, 7.03001, 7.03101, 7.03201, 7.03301, 7.03401, 7.03501, 7.03601, 7.03701, 7.03801, 7.03901
7.04001, 7.04101, 7.04201, 7.04301, 7.04401, 7.04501, 7.04601, 7.04701, 7.04801, 7.04901, 7.05001, 7.05101, 7.05201, 7.05301, 7.05401, 7.05501, 7.05601, 7.05701, 7.05801, 7.05901, 7.06001, 7.06101, 7.06201, 7.06301, 7.06401, 7.06501, 7.06601, 7.06701, 7.06801, 7.06901, 7.07001, 7.07101, 7.07201, 7.07301, 7.07401, 7.07501, 7.07601, 7.07701, 7.07801, 7.07901, 7.08001, 7.08101, 7.08201, 7.08301, 7.08401, 7.08501, 7.08601, 7.08701, 7.08801, 7.08901, 7.09001, 7.09101, 7.09201, 7.09301, 7.09401, 7.09501, 7.09601, 7.09701, 7.09801, 7.09901, 7.10001, 7.10101, 7.10201, 7.10301, 7.10401, 7.10501, 7.10601, 7.10701, 7.10801, 7.10901, 7.11001, 7.11101, 7.11201, 7.11301, 7.11401, 7.11501, 7.11601, 7.11701, 7.11801, 7.11901, 7.12001, 7.12101, 7.12201, 7.12301, 7.12401, 7.12501, 7.12601, 7.12701, 7.12801, 7.12901, 7.13001, 7.13101, 7.13201, 7.13301, 7.13401, 7.13501, 7.13601, 7.13701, 7.13801, 7.13901, 7.14001, 7.14101, 7.14201, 7.14301, 7.14401, 7.14501, 7.14601, 7.14701, 7.14801, 7.14901, 7.15001, 7.15101, 7.15201, 7.15301, 7.15401, 7.15501, 7.15601, 7.15701, 7.15801, 7.15901, 7.16001, 7.16101, 7.16201, 7.16301, 7.16401, 7.16501, 7.16601, 7.16701
7.16801, 7.16901, 7.17001, 7.17101, 7.17201, 7.17301, 7.17401, 7.17501, 7.17601, 7.17701, 7.17801, 7.17901, 7.18001, 7.18101, 7.18201, 7.18301, 7.18401, 7.18501, 7.18601, 7.18701, 7.18801, 7.18901, 7.19001, 7.19101, 7.19201, 7.19301, 7.19401, 7.19501, 7.19601, 7.19701, 7.19801, 7.19901, 7.20001, 7.20101, 7.20201, 7.20301, 7.20401, 7.20501, 7.20601, 7.20701, 7.20801, 7.20901, 7.21001, 7.21101, 7.21201, 7.21301, 7.21401, 7.21501, 7.21601, 7.21701, 7.21801, 7.21901, 7.22001, 7.22101, 7.22201, 7.22301, 7.22401, 7.22501, 7.22601, 7.22701, 7.22801, 7.22901, 7.23001, 7.23101, 7.23201, 7.23301, 7.23401, 7.23501, 7.23601, 7.23701, 7.23801, 7.23901, 7.24001, 7.24101, 7.24201, 7.24301, 7.24401, 7.24501, 7.24601, 7.24701, 7.24801, 7.24901, 7.25001, 7.25101, 7.25201, 7.25301, 7.25401, 7.25501, 7.25601, 7.25701, 7.25801, 7.25901, 7.26001, 7.26101, 7.26201, 7.26301, 7.26401, 7.26501, 7.26601, 7.26701, 7.26801, 7.26901, 7.27001, 7.27101, 7.27201, 7.27301, 7.27401, 7.27501, 7.27601, 7.27701, 7.27801, 7.27901, 7.28001, 7.28101, 7.28201, 7.28301, 7.28401, 7.28501, 7.28601, 7.28701, 7.28801, 7.28901, 7.29001, 7.29101, 7.29201, 7.29301, 7.29401, 7.29501
7.29601, 7.29701, 7.29801, 7.29901, 7.30001, 7.30101, 7.30201, 7.30301, 7.30401, 7.30501, 7.30601, 7.30701, 7.30801, 7.30901, 7.31001, 7.31101, 7.31201, 7.31301, 7.31401, 7.31501, 7.31601, 7.31701, 7.31801, 7.31901, 7.32001, 7.32101, 7.32201, 7.32301, 7.32401, 7.32501, 7.32601, 7.32701, 7.32801, 7.32901, 7.33001, 7.33101, 7.33201, 7.33301, 7.33401, 7.33501, 7.33601, 7.33701, 7.33801, 7.33901, 7.34001, 7.34101, 7.34201, 7.34301, 7.34401, 7.34501, 7.34601, 7.34701, 7.34801, 7.34901, 7.35001, 7.35101, 7.35201, 7.35301, 7.35401, 7.35501, 7.35601, 7.35701, 7.35801, 7.35901, 7.36001, 7.36101, 7.36201, 7.36301, 7.36401, 7.36501, 7.36601, 7.36701, 7.36801, 7.36901, 7.37001, 7.37101, 7.37201, 7.37301, 7.37401, 7.37501, 7.37601, 7.37701, 7.37801, 7.37901, 7.38001, 7.38101, 7.38201, 7.38301, 7.38401, 7.38501, 7.38601, 7.38701, 7.38801, 7.38901, 7.39001, 7.39101, 7.39201, 7.39301, 7.39401, 7.39501, 7.39601, 7.39701, 7.39801, 7.39901, 7.40001, 7.40101, 7.40201, 7.40301, 7.40401, 7.40501, 7.40601, 7.40701, 7.40801, 7.40901, 7.41001, 7.41101, 7.41201, 7.41301, 7.41401, 7.41501, 7.41601, 7.41701, 7.41801, 7.41901, 7.42001, 7.42101, 7.42201, 7.42301
7.42401, 7.42501, 7.42601, 7.42701, 7.42801, 7.42901, 7.43001, 7.43101, 7.43201, 7.43301, 7.43401, 7.43501, 7.43601, 7.43701, 7.43801, 7.43901, 7.44001, 7.44101, 7.44201, 7.44301, 7.44401, 7.44501, 7.44601, 7.44701, 7.44801, 7.44901, 7.45001, 7.45101, 7.45201, 7.45301, 7.45401, 7.45501, 7.45601, 7.45701, 7.45801, 7.45901, 7.46001, 7.46101, 7.46201, 7.46301, 7.46401, 7.46501, 7.46601, 7.46701, 7.46801, 7.46901, 7.47001, 7.47101, 7.47201, 7.47301, 7.47401, 7.47501, 7.47601, 7.47701, 7.47801, 7.47901, 7.48001, 7.48101, 7.48201, 7.48301, 7.48401, 7.48501, 7.48601, 7.48701, 7.48801, 7.48901, 7.49001, 7.49101, 7.49201, 7.49301, 7.49401, 7.49501, 7.49601, 7.49701, 7.49801, 7.49901, 7.50001, 7.50101, 7.50201, 7.50301, 7.50401, 7.50501, 7.50601, 7.50701, 7.50801, 7.50901, 7.51001, 7.51101, 7.51201, 7.51301, 7.51401, 7.51501, 7.51601, 7.51701, 7.51801, 7.51901, 7.52001, 7.52101, 7.52201, 7.52301, 7.52401, 7.52501, 7.52601, 7.52701, 7.52801, 7.52901, 7.53001, 7.53101, 7.53201, 7.53301, 7.53401, 7.53501, 7.53601, 7.53701, 7.53801, 7.53901, 7.54001, 7.54101, 7.54201, 7.54301, 7.54401, 7.54501, 7.54601, 7.54701, 7.54801, 7.54901, 7.55001, 7.55101
7.55201, 7.55301, 7.55401, 7.55501, 7.55601, 7.55701, 7.55801, 7.55901, 7.56001, 7.56101, 7.56201, 7.56301, 7.56401, 7.56501, 7.56601, 7.56701, 7.56801, 7.56901, 7.57001, 7.57101, 7.57201, 7.57301, 7.57401, 7.57501, 7.57601, 7.57701, 7.57801, 7.57901, 7.58001, 7.58101, 7.58201, 7.58301, 7.58401, 7.58501, 7.58601, 7.58701, 7.58801, 7.58901, 7.59001, 7.59101, 7.59201, 7.59301, 7.59401, 7.59501, 7.59601, 7.59701, 7.59801, 7.59901, 7.60001, 7.60101, 7.60201, 7.60301, 7.60401, 7.60501, 7.60601, 7.60701, 7.60801, 7.60901, 7.61001, 7.61101, 7.61201, 7.61301, 7.61401, 7.61501, 7.61601, 7.61701, 7.61801, 7.61901, 7.62001, 7.62101, 7.62201, 7.62301, 7.62401, 7.62501, 7.62601, 7.62701, 7.62801, 7.62901, 7.63001, 7.63101, 7.63201, 7.63301, 7.63401, 7.63501, 7.63601, 7.63701, 7.63801, 7.63901, 7.64001, 7.64101, 7.64201, 7.64301, 7.64401, 7.64501, 7.64601, 7.64701, 7.64801, 7.64901, 7.65001, 7.65101, 7.65201, 7.65301, 7.65401, 7.65501, 7.65601, 7.65701, 7.65801, 7.65901, 7.66001, 7.66101, 7.66201, 7.66301, 7.66401, 7.66501, 7.66601, 7.66701, 7.66801, 7.66901, 7.67001, 7.67101, 7.67201, 7.67301, 7.67401, 7.67501, 7.67601, 7.67701, 7.67801, 7.67901
7.68001, 7.68101, 7.68201, 7.68301, 7.68401, 7.68501, 7.68601, 7.68701, 7.68801, 7.68901, 7.69001, 7.69101, 7.69201, 7.69301, 7.69401, 7.69501, 7.69601, 7.69701, 7.69801, 7.69901, 7.70001, 7.70101, 7.70201, 7.70301, 7.70401, 7.70501, 7.70601, 7.70701, 7.70801, 7.70901, 7.71001, 7.71101, 7.71201, 7.71301, 7.71401, 7.71501, 7.71601, 7.71701, 7.71801, 7.71901, 7.72001, 7.72101, 7.72201, 7.72301, 7.72401, 7.72501, 7.72601, 7.72701, 7.72801, 7.72901, 7.73001, 7.73101, 7.73201, 7.73301, 7.73401, 7.73501, 7.73601, 7.73701, 7.73801, 7.73901, 7.74001, 7.74101, 7.74201, 7.74301, 7.74401, 7.74501, 7.74601, 7.74701, 7.74801, 7.74901, 7.75001, 7.75101, 7.75201, 7.75301, 7.75401, 7.75501, 7.75601, 7.75701, 7.75801, 7.75901, 7.76001, 7.76101, 7.76201, 7.76301, 7.76401, 7.76501, 7.76601, 7.76701, 7.76801, 7.76901, 7.77001, 7.77101, 7.77201, 7.77301, 7.77401, 7.77501, 7.77601, 7.77701, 7.77801, 7.77901, 7.78001, 7.78101, 7.78201, 7.78301, 7.78401, 7.78501, 7.78601, 7.78701, 7.78801, 7.78901, 7.79001, 7.79101, 7.79201, 7.79301, 7.79401, 7.79501, 7.79601, 7.79701, 7.79801, 7.79901, 7.80001, 7.80101, 7.80201, 7.80301, 7.80401, 7.80501, 7.80601, 7.80701
7.80801, 7.80901, 7.81001, 7.81101, 7.81201, 7.81301, 7.81401, 7.81501, 7.81601, 7.81701, 7.81801, 7.81901, 7.82001, 7.82101, 7.82201, 7.82301, 7.82401, 7.82501, 7.82601, 7.82701, 7.82801, 7.82901, 7.83001, 7.83101, 7.83201, 7.83301, 7.83401, 7.83501, 7.83601, 7.83701, 7.83801, 7.83901, 7.84001, 7.84101, 7.84201, 7.84301, 7.84401, 7.84501, 7.84601, 7.84701, 7.84801, 7.84901, 7.85001, 7.85101, 7.85201, 7.85301, 7.85401, 7.85501, 7.85601, 7.85701, 7.85801, 7.85901, 7.86001, 7.86101, 7.86201, 7.86301, 7.86401, 7.86501, 7.86601, 7.86701, 7.86801, 7.86901, 7.87001, 7.87101, 7.87201, 7.87301, 7.87401, 7.87501, 7.87601, 7.87701, 7.87801, 7.87901, 7.88001, 7.88101, 7.88201, 7.88301, 7.88401, 7.88501, 7.88601, 7.88701, 7.88801, 7.88901, 7.89001, 7.89101, 7.89201, 7.89301, 7.89401, 7.89501, 7.89601, 7.89701, 7.89801, 7.89901, 7.90001, 7.90101, 7.90201, 7.90301, 7.90401, 7.90501, 7.90601, 7.90701, 7.90801, 7.90901, 7.91001, 7.91101, 7.91201, 7.91301, 7.91401, 7.91501, 7.91601, 7.91701, 7.91801, 7.91901, 7.92001, 7.92101, 7.92201, 7.92301, 7.92401, 7.92501, 7.92601, 7.92701, 7.92801, 7.92901, 7.93001, 7.93101, 7.93201, 7.93301, 7.93401, 7.93501
7.93601, 7.93701, 7.93801, 7.93901, 7.94001, 7.94101, 7.94201, 7.94301, 7.94401, 7.94501, 7.94601, 7.94701, 7.94801, 7.94901, 7.95001, 7.95101, 7.95201, 7.95301, 7.95401, 7.95501, 7.95601, 7.95701, 7.95801, 7.95901, 7.96001, 7.96101, 7.96201, 7.96301, 7.96401, 7.96501, 7.96601, 7.96701, 7.96801, 7.96901, 7.97001, 7.97101, 7.97201, 7.97301, 7.97401, 7.97501, 7.97601, 7.97701, 7.97801, 7.97901, 7.98001, 7.98101, 7.98201, 7.98301, 7.98401, 7.98501, 7.98601, 7.98701, 7.98801, 7.98901, 7.99001, 7.99101, 7.99201, 7.99301, 7.99401, 7.99501, 7.99601, 7.99701, 7.99801, 7.99901, 8.00001, 8.00101, 8.00201, 8.00301, 8.00401, 8.00501, 8.00601, 8.00701, 8.00801, 8.00901, 8.01001, 8.01101, 8.01201, 8.01301, 8.01401, 8.01501, 8.01601, 8.01701, 8.01801, 8.01901, 8.02001, 8.02101, 8.02201, 8.02301, 8.02401, 8.02501, 8.02601, 8.02701, 8.02801, 8.02901, 8.03001, 8.03101, 8.03201, 8.03301, 8.03401, 8.03501, 8.03601, 8.03701, 8.03801, 8.03901, 8.04001, 8.04101, 8.04201, 8.04301, 8.04401, 8.04501, 8.04601, 8.04701, 8.04801, 8.04901, 8.05001, 8.05101, 8.05201, 8.05301, 8.05401, 8.05501, 8.05601, 8.05701, 8.05801, 8.05901, 8.06001, 8.06101, 8.06201, 8.06301
8.06401, 8.06501, 8.06601, 8.06701, 8.06801, 8.06901, 8.07001, 8.07101, 8.07201, 8.07301, 8.07401, 8.07501, 8.07601, 8.07701, 8.07801, 8.07901, 8.08001, 8.08101, 8.08201, 8.08301, 8.08401, 8.08501, 8.08601, 8.08701, 8.08801, 8.08901, 8.09001, 8.09101, 8.09201, 8.09301, 8.09401, 8.09501, 8.09601, 8.09701, 8.09801, 8.09901, 8.10001, 8.10101, 8.10201, 8.10301, 8.10401, 8.10501, 8.10601, 8.10701, 8.10801, 8.10901, 8.11001, 8.11101, 8.11201, 8.11301, 8.11401, 8.11501, 8.11601, 8.11701, 8.11801, 8.11901, 8.12001, 8.12101, 8.12201, 8.12301, 8.12401, 8.12501, 8.12601, 8.12701, 8.12801, 8.12901, 8.13001, 8.13101, 8.13201, 8.13301, 8.13401, 8.13501, 8.13601, 8.13701, 8.13801, 8.13901, 8.14001, 8.14101, 8.14201, 8.14301, 8.14401, 8.14501, 8.14601, 8.14701, 8.14801, 8.14901, 8.15001, 8.15101, 8.15201, 8.15301, 8.15401, 8.15501, 8.15601, 8.15701, 8.15801, 8.15901, 8.16001, 8.16101, 8.16201, 8.16301, 8.16401, 8.16501, 8.16601, 8.16701, 8.16801, 8.16901, 8.17001, 8.17101, 8.17201, 8.17301, 8.17401, 8.17501, 8.17601, 8.17701, 8.17801, 8.17901, 8.18001, 8.18101, 8.18201, 8.18301, 8.18401, 8.18501, 8.18601, 8.18701, 8.18801, 8.18901, 8.19001, 8.19101
