6.8, 12.8, 20.8, 28.8, 36.8, 44.8, 52.8, 60.8, 68.8, 76.8, 84.8, 92.8, 100.8, 108.8, 116.8, 124.8, 132.8, 140.8, 148.8, 156.8, 164.8, 172.8, 180.8, 188.8, 196.8, 204.8, 212.8, 220.8, 228.8, 236.8, 244.8, 252.8, 260.8, 268.8, 276.8, 284.8, 292.8, 300.8, 308.8, 316.8, 324.8, 332.8, 340.8, 348.8, 356.8, 364.8, 372.8, 380.8, 388.8, 396.8, 404.8, 412.8, 420.8, 428.8, 436.8, 444.8, 452.8, 460.8, 468.8, 476.8, 484.8, 492.8, 500.8, 508.8, 516.8, 524.8, 532.8, 540.8, 548.8, 556.8, 564.8, 572.8, 580.8, 588.8, 596.8, 604.8, 612.8, 620.8, 628.8, 636.8, 644.8, 652.8, 660.8, 668.8, 676.8, 684.8, 692.8, 700.8, 708.8, 716.8, 724.8, 732.8, 740.8, 748.8, 756.8, 764.8, 772.8, 780.8, 788.8, 796.8, 804.8, 812.8, 820.8, 828.8, 836.8, 844.8, 852.8, 860.8, 868.8, 876.8, 884.8, 892.8, 900.8, 908.8, 916.8, 924.8, 932.8, 940.8, 948.8, 956.8, 964.8, 972.8, 980.8, 988.8, 996.8, 1004.8, 1011.8, 1014.8
1030.8, 1036.8, 1044.8, 1052.8, 1060.8, 1068.8, 1076.8, 1084.8, 1092.8, 1100.8, 1108.8, 1116.8, 1124.8, 1132.8, 1140.8, 1148.8, 1156.8, 1164.8, 1172.8, 1180.8, 1188.8, 1196.8, 1204.8, 1212.8, 1220.8, 1228.8, 1236.8, 1244.8, 1252.8, 1260.8, 1268.8, 1276.8, 1284.8, 1292.8, 1300.8, 1308.8, 1316.8, 1324.8, 1332.8, 1340.8, 1348.8, 1356.8, 1364.8, 1372.8, 1380.8, 1388.8, 1396.8, 1404.8, 1412.8, 1420.8, 1428.8, 1436.8, 1444.8, 1452.8, 1460.8, 1468.8, 1476.8, 1484.8, 1492.8, 1500.8, 1508.8, 1516.8, 1524.8, 1532.8, 1540.8, 1548.8, 1556.8, 1564.8, 1572.8, 1580.8, 1588.8, 1596.8, 1604.8, 1612.8, 1620.8, 1628.8, 1636.8, 1644.8, 1652.8, 1660.8, 1668.8, 1676.8, 1684.8, 1692.8, 1700.8, 1708.8, 1716.8, 1724.8, 1732.8, 1740.8, 1748.8, 1756.8, 1764.8, 1772.8, 1780.8, 1788.8, 1796.8, 1804.8, 1812.8, 1820.8, 1828.8, 1836.8, 1844.8, 1852.8, 1860.8, 1868.8, 1876.8, 1884.8, 1892.8, 1900.8, 1908.8, 1916.8, 1924.8, 1932.8, 1940.8, 1948.8, 1956.8, 1964.8, 1972.8, 1980.8, 1988.8, 1996.8, 2004.8, 2012.8, 2020.8, 2028.8, 2035.8, 2038.8
2054.8, 2060.8, 2068.8, 2076.8, 2084.8, 2092.8, 2100.8, 2108.8, 2116.8, 2124.8, 2132.8, 2140.8, 2148.8, 2156.8, 2164.8, 2172.8, 2180.8, 2188.8, 2196.8, 2204.8, 2212.8, 2220.8, 2228.8, 2236.8, 2244.8, 2252.8, 2260.8, 2268.8, 2276.8, 2284.8, 2292.8, 2300.8, 2308.8, 2316.8, 2324.8, 2332.8, 2340.8, 2348.8, 2356.8, 2364.8, 2372.8, 2380.8, 2388.8, 2396.8, 2404.8, 2412.8, 2420.8, 2428.8, 2436.8, 2444.8, 2452.8, 2460.8, 2468.8, 2476.8, 2484.8, 2492.8, 2500.8, 2508.8, 2516.8, 2524.8, 2532.8, 2540.8, 2548.8, 2556.8, 2564.8, 2572.8, 2580.8, 2588.8, 2596.8, 2604.8, 2612.8, 2620.8, 2628.8, 2636.8, 2644.8, 2652.8, 2660.8, 2668.8, 2676.8, 2684.8, 2692.8, 2700.8, 2708.8, 2716.8, 2724.8, 2732.8, 2740.8, 2748.8, 2756.8, 2764.8, 2772.8, 2780.8, 2788.8, 2796.8, 2804.8, 2812.8, 2820.8, 2828.8, 2836.8, 2844.8, 2852.8, 2860.8, 2868.8, 2876.8, 2884.8, 2892.8, 2900.8, 2908.8, 2916.8, 2924.8, 2932.8, 2940.8, 2948.8, 2956.8, 2964.8, 2972.8, 2980.8, 2988.8, 2996.8, 3004.8, 3012.8, 3020.8, 3028.8, 3036.8, 3044.8, 3052.8, 3059.8, 3062.8
3078.8, 3084.8, 3092.8, 3100.8, 3108.8, 3116.8, 3124.8, 3132.8, 3140.8, 3148.8, 3156.8, 3164.8, 3172.8, 3180.8, 3188.8, 3196.8, 3204.8, 3212.8, 3220.8, 3228.8, 3236.8, 3244.8, 3252.8, 3260.8, 3268.8, 3276.8, 3284.8, 3292.8, 3300.8, 3308.8, 3316.8, 3324.8, 3332.8, 3340.8, 3348.8, 3356.8, 3364.8, 3372.8, 3380.8, 3388.8, 3396.8, 3404.8, 3412.8, 3420.8, 3428.8, 3436.8, 3444.8, 3452.8, 3460.8, 3468.8, 3476.8, 3484.8, 3492.8, 3500.8, 3508.8, 3516.8, 3524.8, 3532.8, 3540.8, 3548.8, 3556.8, 3564.8, 3572.8, 3580.8, 3588.8, 3596.8, 3604.8, 3612.8, 3620.8, 3628.8, 3636.8, 3644.8, 3652.8, 3660.8, 3668.8, 3676.8, 3684.8, 3692.8, 3700.8, 3708.8, 3716.8, 3724.8, 3732.8, 3740.8, 3748.8, 3756.8, 3764.8, 3772.8, 3780.8, 3788.8, 3796.8, 3804.8, 3812.8, 3820.8, 3828.8, 3836.8, 3844.8, 3852.8, 3860.8, 3868.8, 3876.8, 3884.8, 3892.8, 3900.8, 3908.8, 3916.8, 3924.8, 3932.8, 3940.8, 3948.8, 3956.8, 3964.8, 3972.8, 3980.8, 3988.8, 3996.8, 4004.8, 4012.8, 4020.8, 4028.8, 4036.8, 4044.8, 4052.8, 4060.8, 4068.8, 4076.8, 4083.8, 4086.8
4102.8, 4108.8, 4116.8, 4124.8, 4132.8, 4140.8, 4148.8, 4156.8, 4164.8, 4172.8, 4180.8, 4188.8, 4196.8, 4204.8, 4212.8, 4220.8, 4228.8, 4236.8, 4244.8, 4252.8, 4260.8, 4268.8, 4276.8, 4284.8, 4292.8, 4300.8, 4308.8, 4316.8, 4324.8, 4332.8, 4340.8, 4348.8, 4356.8, 4364.8, 4372.8, 4380.8, 4388.8, 4396.8, 4404.8, 4412.8, 4420.8, 4428.8, 4436.8, 4444.8, 4452.8, 4460.8, 4468.8, 4476.8, 4484.8, 4492.8, 4500.8, 4508.8, 4516.8, 4524.8, 4532.8, 4540.8, 4548.8, 4556.8, 4564.8, 4572.8, 4580.8, 4588.8, 4596.8, 4604.8, 4612.8, 4620.8, 4628.8, 4636.8, 4644.8, 4652.8, 4660.8, 4668.8, 4676.8, 4684.8, 4692.8, 4700.8, 4708.8, 4716.8, 4724.8, 4732.8, 4740.8, 4748.8, 4756.8, 4764.8, 4772.8, 4780.8, 4788.8, 4796.8, 4804.8, 4812.8, 4820.8, 4828.8, 4836.8, 4844.8, 4852.8, 4860.8, 4868.8, 4876.8, 4884.8, 4892.8, 4900.8, 4908.8, 4916.8, 4924.8, 4932.8, 4940.8, 4948.8, 4956.8, 4964.8, 4972.8, 4980.8, 4988.8, 4996.8, 5004.8, 5012.8, 5020.8, 5028.8, 5036.8, 5044.8, 5052.8, 5060.8, 5068.8, 5076.8, 5084.8, 5092.8, 5100.8, 5107.8, 5110.8
5126.8, 5132.8, 5140.8, 5148.8, 5156.8, 5164.8, 5172.8, 5180.8, 5188.8, 5196.8, 5204.8, 5212.8, 5220.8, 5228.8, 5236.8, 5244.8, 5252.8, 5260.8, 5268.8, 5276.8, 5284.8, 5292.8, 5300.8, 5308.8, 5316.8, 5324.8, 5332.8, 5340.8, 5348.8, 5356.8, 5364.8, 5372.8, 5380.8, 5388.8, 5396.8, 5404.8, 5412.8, 5420.8, 5428.8, 5436.8, 5444.8, 5452.8, 5460.8, 5468.8, 5476.8, 5484.8, 5492.8, 5500.8, 5508.8, 5516.8, 5524.8, 5532.8, 5540.8, 5548.8, 5556.8, 5564.8, 5572.8, 5580.8, 5588.8, 5596.8, 5604.8, 5612.8, 5620.8, 5628.8, 5636.8, 5644.8, 5652.8, 5660.8, 5668.8, 5676.8, 5684.8, 5692.8, 5700.8, 5708.8, 5716.8, 5724.8, 5732.8, 5740.8, 5748.8, 5756.8, 5764.8, 5772.8, 5780.8, 5788.8, 5796.8, 5804.8, 5812.8, 5820.8, 5828.8, 5836.8, 5844.8, 5852.8, 5860.8, 5868.8, 5876.8, 5884.8, 5892.8, 5900.8, 5908.8, 5916.8, 5924.8, 5932.8, 5940.8, 5948.8, 5956.8, 5964.8, 5972.8, 5980.8, 5988.8, 5996.8, 6004.8, 6012.8, 6020.8, 6028.8, 6036.8, 6044.8, 6052.8, 6060.8, 6068.8, 6076.8, 6084.8, 6092.8, 6100.8, 6108.8, 6116.8, 6124.8, 6131.8, 6134.8
6150.8, 6156.8, 6164.8, 6172.8, 6180.8, 6188.8, 6196.8, 6204.8, 6212.8, 6220.8, 6228.8, 6236.8, 6244.8, 6252.8, 6260.8, 6268.8, 6276.8, 6284.8, 6292.8, 6300.8, 6308.8, 6316.8, 6324.8, 6332.8, 6340.8, 6348.8, 6356.8, 6364.8, 6372.8, 6380.8, 6388.8, 6396.8, 6404.8, 6412.8, 6420.8, 6428.8, 6436.8, 6444.8, 6452.8, 6460.8, 6468.8, 6476.8, 6484.8, 6492.8, 6500.8, 6508.8, 6516.8, 6524.8, 6532.8, 6540.8, 6548.8, 6556.8, 6564.8, 6572.8, 6580.8, 6588.8, 6596.8, 6604.8, 6612.8, 6620.8, 6628.8, 6636.8, 6644.8, 6652.8, 6660.8, 6668.8, 6676.8, 6684.8, 6692.8, 6700.8, 6708.8, 6716.8, 6724.8, 6732.8, 6740.8, 6748.8, 6756.8, 6764.8, 6772.8, 6780.8, 6788.8, 6796.8, 6804.8, 6812.8, 6820.8, 6828.8, 6836.8, 6844.8, 6852.8, 6860.8, 6868.8, 6876.8, 6884.8, 6892.8, 6900.8, 6908.8, 6916.8, 6924.8, 6932.8, 6940.8, 6948.8, 6956.8, 6964.8, 6972.8, 6980.8, 6988.8, 6996.8, 7004.8, 7012.8, 7020.8, 7028.8, 7036.8, 7044.8, 7052.8, 7060.8, 7068.8, 7076.8, 7084.8, 7092.8, 7100.8, 7108.8, 7116.8, 7124.8, 7132.8, 7140.8, 7148.8, 7155.8, 7158.8
7174.8, 7180.8, 7188.8, 7196.8, 7204.8, 7212.8, 7220.8, 7228.8, 7236.8, 7244.8, 7252.8, 7260.8, 7268.8, 7276.8, 7284.8, 7292.8, 7300.8, 7308.8, 7316.8, 7324.8, 7332.8, 7340.8, 7348.8, 7356.8, 7364.8, 7372.8, 7380.8, 7388.8, 7396.8, 7404.8, 7412.8, 7420.8, 7428.8, 7436.8, 7444.8, 7452.8, 7460.8, 7468.8, 7476.8, 7484.8, 7492.8, 7500.8, 7508.8, 7516.8, 7524.8, 7532.8, 7540.8, 7548.8, 7556.8, 7564.8, 7572.8, 7580.8, 7588.8, 7596.8, 7604.8, 7612.8, 7620.8, 7628.8, 7636.8, 7644.8, 7652.8, 7660.8, 7668.8, 7676.8, 7684.8, 7692.8, 7700.8, 7708.8, 7716.8, 7724.8, 7732.8, 7740.8, 7748.8, 7756.8, 7764.8, 7772.8, 7780.8, 7788.8, 7796.8, 7804.8, 7812.8, 7820.8, 7828.8, 7836.8, 7844.8, 7852.8, 7860.8, 7868.8, 7876.8, 7884.8, 7892.8, 7900.8, 7908.8, 7916.8, 7924.8, 7932.8, 7940.8, 7948.8, 7956.8, 7964.8, 7972.8, 7980.8, 7988.8, 7996.8, 8004.8, 8012.8, 8020.8, 8028.8, 8036.8, 8044.8, 8052.8, 8060.8, 8068.8, 8076.8, 8084.8, 8092.8, 8100.8, 8108.8, 8116.8, 8124.8, 8132.8, 8140.8, 8148.8, 8156.8, 8164.8, 8172.8, 8179.8, 8182.8
8198.8, 8204.8, 8212.8, 8220.8, 8228.8, 8236.8, 8244.8, 8252.8, 8260.8, 8268.8, 8276.8, 8284.8, 8292.8, 8300.8, 8308.8, 8316.8, 8324.8, 8332.8, 8340.8, 8348.8, 8356.8, 8364.8, 8372.8, 8380.8, 8388.8, 8396.8, 8404.8, 8412.8, 8420.8, 8428.8, 8436.8, 8444.8, 8452.8, 8460.8, 8468.8, 8476.8, 8484.8, 8492.8, 8500.8, 8508.8, 8516.8, 8524.8, 8532.8, 8540.8, 8548.8, 8556.8, 8564.8, 8572.8, 8580.8, 8588.8, 8596.8, 8604.8, 8612.8, 8620.8, 8628.8, 8636.8, 8644.8, 8652.8, 8660.8, 8668.8, 8676.8, 8684.8, 8692.8, 8700.8, 8708.8, 8716.8, 8724.8, 8732.8, 8740.8, 8748.8, 8756.8, 8764.8, 8772.8, 8780.8, 8788.8, 8796.8, 8804.8, 8812.8, 8820.8, 8828.8, 8836.8, 8844.8, 8852.8, 8860.8, 8868.8, 8876.8, 8884.8, 8892.8, 8900.8, 8908.8, 8916.8, 8924.8, 8932.8, 8940.8, 8948.8, 8956.8, 8964.8, 8972.8, 8980.8, 8988.8, 8996.8, 9004.8, 9012.8, 9020.8, 9028.8, 9036.8, 9044.8, 9052.8, 9060.8, 9068.8, 9076.8, 9084.8, 9092.8, 9100.8, 9108.8, 9116.8, 9124.8, 9132.8, 9140.8, 9148.8, 9156.8, 9164.8, 9172.8, 9180.8, 9188.8, 9196.8, 9203.8, 9206.8
9222.8, 9228.8, 9236.8, 9244.8, 9252.8, 9260.8, 9268.8, 9276.8, 9284.8, 9292.8, 9300.8, 9308.8, 9316.8, 9324.8, 9332.8, 9340.8, 9348.8, 9356.8, 9364.8, 9372.8, 9380.8, 9388.8, 9396.8, 9404.8, 9412.8, 9420.8, 9428.8, 9436.8, 9444.8, 9452.8, 9460.8, 9468.8, 9476.8, 9484.8, 9492.8, 9500.8, 9508.8, 9516.8, 9524.8, 9532.8, 9540.8, 9548.8, 9556.8, 9564.8, 9572.8, 9580.8, 9588.8, 9596.8, 9604.8, 9612.8, 9620.8, 9628.8, 9636.8, 9644.8, 9652.8, 9660.8, 9668.8, 9676.8, 9684.8, 9692.8, 9700.8, 9708.8, 9716.8, 9724.8, 9732.8, 9740.8, 9748.8, 9756.8, 9764.8, 9772.8, 9780.8, 9788.8, 9796.8, 9804.8, 9812.8, 9820.8, 9828.8, 9836.8, 9844.8, 9852.8, 9860.8, 9868.8, 9876.8, 9884.8, 9892.8, 9900.8, 9908.8, 9916.8, 9924.8, 9932.8, 9940.8, 9948.8, 9956.8, 9964.8, 9972.8, 9980.8, 9988.8, 9996.8, 10004.8, 10012.8, 10020.8, 10028.8, 10036.8, 10044.8, 10052.8, 10060.8, 10068.8, 10076.8, 10084.8, 10092.8, 10100.8, 10108.8, 10116.8, 10124.8, 10132.8, 10140.8, 10148.8, 10156.8, 10164.8, 10172.8, 10180.8, 10188.8, 10196.8, 10204.8, 10212.8, 10220.8, 10227.8, 10230.8
10246.8, 10252.8, 10260.8, 10268.8, 10276.8, 10284.8, 10292.8, 10300.8, 10308.8, 10316.8, 10324.8, 10332.8, 10340.8, 10348.8, 10356.8, 10364.8, 10372.8, 10380.8, 10388.8, 10396.8, 10404.8, 10412.8, 10420.8, 10428.8, 10436.8, 10444.8, 10452.8, 10460.8, 10468.8, 10476.8, 10484.8, 10492.8, 10500.8, 10508.8, 10516.8, 10524.8, 10532.8, 10540.8, 10548.8, 10556.8, 10564.8, 10572.8, 10580.8, 10588.8, 10596.8, 10604.8, 10612.8, 10620.8, 10628.8, 10636.8, 10644.8, 10652.8, 10660.8, 10668.8, 10676.8, 10684.8, 10692.8, 10700.8, 10708.8, 10716.8, 10724.8, 10732.8, 10740.8, 10748.8, 10756.8, 10764.8, 10772.8, 10780.8, 10788.8, 10796.8, 10804.8, 10812.8, 10820.8, 10828.8, 10836.8, 10844.8, 10852.8, 10860.8, 10868.8, 10876.8, 10884.8, 10892.8, 10900.8, 10908.8, 10916.8, 10924.8, 10932.8, 10940.8, 10948.8, 10956.8, 10964.8, 10972.8, 10980.8, 10988.8, 10996.8, 11004.8, 11012.8, 11020.8, 11028.8, 11036.8, 11044.8, 11052.8, 11060.8, 11068.8, 11076.8, 11084.8, 11092.8, 11100.8, 11108.8, 11116.8, 11124.8, 11132.8, 11140.8, 11148.8, 11156.8, 11164.8, 11172.8, 11180.8, 11188.8, 11196.8, 11204.8, 11212.8, 11220.8, 11228.8, 11236.8, 11244.8, 11251.8, 11254.8
11270.8, 11276.8, 11284.8, 11292.8, 11300.8, 11308.8, 11316.8, 11324.8, 11332.8, 11340.8, 11348.8, 11356.8, 11364.8, 11372.8, 11380.8, 11388.8, 11396.8, 11404.8, 11412.8, 11420.8, 11428.8, 11436.8, 11444.8, 11452.8, 11460.8, 11468.8, 11476.8, 11484.8, 11492.8, 11500.8, 11508.8, 11516.8, 11524.8, 11532.8, 11540.8, 11548.8, 11556.8, 11564.8, 11572.8, 11580.8, 11588.8, 11596.8, 11604.8, 11612.8, 11620.8, 11628.8, 11636.8, 11644.8, 11652.8, 11660.8, 11668.8, 11676.8, 11684.8, 11692.8, 11700.8, 11708.8, 11716.8, 11724.8, 11732.8, 11740.8, 11748.8, 11756.8, 11764.8, 11772.8, 11780.8, 11788.8, 11796.8, 11804.8, 11812.8, 11820.8, 11828.8, 11836.8, 11844.8, 11852.8, 11860.8, 11868.8, 11876.8, 11884.8, 11892.8, 11900.8, 11908.8, 11916.8, 11924.8, 11932.8, 11940.8, 11948.8, 11956.8, 11964.8, 11972.8, 11980.8, 11988.8, 11996.8, 12004.8, 12012.8, 12020.8, 12028.8, 12036.8, 12044.8, 12052.8, 12060.8, 12068.8, 12076.8, 12084.8, 12092.8, 12100.8, 12108.8, 12116.8, 12124.8, 12132.8, 12140.8, 12148.8, 12156.8, 12164.8, 12172.8, 12180.8, 12188.8, 12196.8, 12204.8, 12212.8, 12220.8, 12228.8, 12236.8, 12244.8, 12252.8, 12260.8, 12268.8, 12275.8, 12278.8
12294.8, 12300.8, 12308.8, 12316.8, 12324.8, 12332.8, 12340.8, 12348.8, 12356.8, 12364.8, 12372.8, 12380.8, 12388.8, 12396.8, 12404.8, 12412.8, 12420.8, 12428.8, 12436.8, 12444.8, 12452.8, 12460.8, 12468.8, 12476.8, 12484.8, 12492.8, 12500.8, 12508.8, 12516.8, 12524.8, 12532.8, 12540.8, 12548.8, 12556.8, 12564.8, 12572.8, 12580.8, 12588.8, 12596.8, 12604.8, 12612.8, 12620.8, 12628.8, 12636.8, 12644.8, 12652.8, 12660.8, 12668.8, 12676.8, 12684.8, 12692.8, 12700.8, 12708.8, 12716.8, 12724.8, 12732.8, 12740.8, 12748.8, 12756.8, 12764.8, 12772.8, 12780.8, 12788.8, 12796.8, 12804.8, 12812.8, 12820.8, 12828.8, 12836.8, 12844.8, 12852.8, 12860.8, 12868.8, 12876.8, 12884.8, 12892.8, 12900.8, 12908.8, 12916.8, 12924.8, 12932.8, 12940.8, 12948.8, 12956.8, 12964.8, 12972.8, 12980.8, 12988.8, 12996.8, 13004.8, 13012.8, 13020.8, 13028.8, 13036.8, 13044.8, 13052.8, 13060.8, 13068.8, 13076.8, 13084.8, 13092.8, 13100.8, 13108.8, 13116.8, 13124.8, 13132.8, 13140.8, 13148.8, 13156.8, 13164.8, 13172.8, 13180.8, 13188.8, 13196.8, 13204.8, 13212.8, 13220.8, 13228.8, 13236.8, 13244.8, 13252.8, 13260.8, 13268.8, 13276.8, 13284.8, 13292.8, 13299.8, 13302.8
13318.8, 13324.8, 13332.8, 13340.8, 13348.8, 13356.8, 13364.8, 13372.8, 13380.8, 13388.8, 13396.8, 13404.8, 13412.8, 13420.8, 13428.8, 13436.8, 13444.8, 13452.8, 13460.8, 13468.8, 13476.8, 13484.8, 13492.8, 13500.8, 13508.8, 13516.8, 13524.8, 13532.8, 13540.8, 13548.8, 13556.8, 13564.8, 13572.8, 13580.8, 13588.8, 13596.8, 13604.8, 13612.8, 13620.8, 13628.8, 13636.8, 13644.8, 13652.8, 13660.8, 13668.8, 13676.8, 13684.8, 13692.8, 13700.8, 13708.8, 13716.8, 13724.8, 13732.8, 13740.8, 13748.8, 13756.8, 13764.8, 13772.8, 13780.8, 13788.8, 13796.8, 13804.8, 13812.8, 13820.8, 13828.8, 13836.8, 13844.8, 13852.8, 13860.8, 13868.8, 13876.8, 13884.8, 13892.8, 13900.8, 13908.8, 13916.8, 13924.8, 13932.8, 13940.8, 13948.8, 13956.8, 13964.8, 13972.8, 13980.8, 13988.8, 13996.8, 14004.8, 14012.8, 14020.8, 14028.8, 14036.8, 14044.8, 14052.8, 14060.8, 14068.8, 14076.8, 14084.8, 14092.8, 14100.8, 14108.8, 14116.8, 14124.8, 14132.8, 14140.8, 14148.8, 14156.8, 14164.8, 14172.8, 14180.8, 14188.8, 14196.8, 14204.8, 14212.8, 14220.8, 14228.8, 14236.8, 14244.8, 14252.8, 14260.8, 14268.8, 14276.8, 14284.8, 14292.8, 14300.8, 14308.8, 14316.8, 14323.8, 14326.8
14342.8, 14348.8, 14356.8, 14364.8, 14372.8, 14380.8, 14388.8, 14396.8, 14404.8, 14412.8, 14420.8, 14428.8, 14436.8, 14444.8, 14452.8, 14460.8, 14468.8, 14476.8, 14484.8, 14492.8, 14500.8, 14508.8, 14516.8, 14524.8, 14532.8, 14540.8, 14548.8, 14556.8, 14564.8, 14572.8, 14580.8, 14588.8, 14596.8, 14604.8, 14612.8, 14620.8, 14628.8, 14636.8, 14644.8, 14652.8, 14660.8, 14668.8, 14676.8, 14684.8, 14692.8, 14700.8, 14708.8, 14716.8, 14724.8, 14732.8, 14740.8, 14748.8, 14756.8, 14764.8, 14772.8, 14780.8, 14788.8, 14796.8, 14804.8, 14812.8, 14820.8, 14828.8, 14836.8, 14844.8, 14852.8, 14860.8, 14868.8, 14876.8, 14884.8, 14892.8, 14900.8, 14908.8, 14916.8, 14924.8, 14932.8, 14940.8, 14948.8, 14956.8, 14964.8, 14972.8, 14980.8, 14988.8, 14996.8, 15004.8, 15012.8, 15020.8, 15028.8, 15036.8, 15044.8, 15052.8, 15060.8, 15068.8, 15076.8, 15084.8, 15092.8, 15100.8, 15108.8, 15116.8, 15124.8, 15132.8, 15140.8, 15148.8, 15156.8, 15164.8, 15172.8, 15180.8, 15188.8, 15196.8, 15204.8, 15212.8, 15220.8, 15228.8, 15236.8, 15244.8, 15252.8, 15260.8, 15268.8, 15276.8, 15284.8, 15292.8, 15300.8, 15308.8, 15316.8, 15324.8, 15332.8, 15340.8, 15347.8, 15350.8
15366.8, 15372.8, 15380.8, 15388.8, 15396.8, 15404.8, 15412.8, 15420.8, 15428.8, 15436.8, 15444.8, 15452.8, 15460.8, 15468.8, 15476.8, 15484.8, 15492.8, 15500.8, 15508.8, 15516.8, 15524.8, 15532.8, 15540.8, 15548.8, 15556.8, 15564.8, 15572.8, 15580.8, 15588.8, 15596.8, 15604.8, 15612.8, 15620.8, 15628.8, 15636.8, 15644.8, 15652.8, 15660.8, 15668.8, 15676.8, 15684.8, 15692.8, 15700.8, 15708.8, 15716.8, 15724.8, 15732.8, 15740.8, 15748.8, 15756.8, 15764.8, 15772.8, 15780.8, 15788.8, 15796.8, 15804.8, 15812.8, 15820.8, 15828.8, 15836.8, 15844.8, 15852.8, 15860.8, 15868.8, 15876.8, 15884.8, 15892.8, 15900.8, 15908.8, 15916.8, 15924.8, 15932.8, 15940.8, 15948.8, 15956.8, 15964.8, 15972.8, 15980.8, 15988.8, 15996.8, 16004.8, 16012.8, 16020.8, 16028.8, 16036.8, 16044.8, 16052.8, 16060.8, 16068.8, 16076.8, 16084.8, 16092.8, 16100.8, 16108.8, 16116.8, 16124.8, 16132.8, 16140.8, 16148.8, 16156.8, 16164.8, 16172.8, 16180.8, 16188.8, 16196.8, 16204.8, 16212.8, 16220.8, 16228.8, 16236.8, 16244.8, 16252.8, 16260.8, 16268.8, 16276.8, 16284.8, 16292.8, 16300.8, 16308.8, 16316.8, 16324.8, 16332.8, 16340.8, 16348.8, 16356.8, 16364.8, 16371.8, 16374.8
16390.8, 16396.8, 16404.8, 16412.8, 16420.8, 16428.8, 16436.8, 16444.8, 16452.8, 16460.8, 16468.8, 16476.8, 16484.8, 16492.8, 16500.8, 16508.8, 16516.8, 16524.8, 16532.8, 16540.8, 16548.8, 16556.8, 16564.8, 16572.8, 16580.8, 16588.8, 16596.8, 16604.8, 16612.8, 16620.8, 16628.8, 16636.8, 16644.8, 16652.8, 16660.8, 16668.8, 16676.8, 16684.8, 16692.8, 16700.8, 16708.8, 16716.8, 16724.8, 16732.8, 16740.8, 16748.8, 16756.8, 16764.8, 16772.8, 16780.8, 16788.8, 16796.8, 16804.8, 16812.8, 16820.8, 16828.8, 16836.8, 16844.8, 16852.8, 16860.8, 16868.8, 16876.8, 16884.8, 16892.8, 16900.8, 16908.8, 16916.8, 16924.8, 16932.8, 16940.8, 16948.8, 16956.8, 16964.8, 16972.8, 16980.8, 16988.8, 16996.8, 17004.8, 17012.8, 17020.8, 17028.8, 17036.8, 17044.8, 17052.8, 17060.8, 17068.8, 17076.8, 17084.8, 17092.8, 17100.8, 17108.8, 17116.8, 17124.8, 17132.8, 17140.8, 17148.8, 17156.8, 17164.8, 17172.8, 17180.8, 17188.8, 17196.8, 17204.8, 17212.8, 17220.8, 17228.8, 17236.8, 17244.8, 17252.8, 17260.8, 17268.8, 17276.8, 17284.8, 17292.8, 17300.8, 17308.8, 17316.8, 17324.8, 17332.8, 17340.8, 17348.8, 17356.8, 17364.8, 17372.8, 17380.8, 17388.8, 17395.8, 17398.8
17414.8, 17420.8, 17428.8, 17436.8, 17444.8, 17452.8, 17460.8, 17468.8, 17476.8, 17484.8, 17492.8, 17500.8, 17508.8, 17516.8, 17524.8, 17532.8, 17540.8, 17548.8, 17556.8, 17564.8, 17572.8, 17580.8, 17588.8, 17596.8, 17604.8, 17612.8, 17620.8, 17628.8, 17636.8, 17644.8, 17652.8, 17660.8, 17668.8, 17676.8, 17684.8, 17692.8, 17700.8, 17708.8, 17716.8, 17724.8, 17732.8, 17740.8, 17748.8, 17756.8, 17764.8, 17772.8, 17780.8, 17788.8, 17796.8, 17804.8, 17812.8, 17820.8, 17828.8, 17836.8, 17844.8, 17852.8, 17860.8, 17868.8, 17876.8, 17884.8, 17892.8, 17900.8, 17908.8, 17916.8, 17924.8, 17932.8, 17940.8, 17948.8, 17956.8, 17964.8, 17972.8, 17980.8, 17988.8, 17996.8, 18004.8, 18012.8, 18020.8, 18028.8, 18036.8, 18044.8, 18052.8, 18060.8, 18068.8, 18076.8, 18084.8, 18092.8, 18100.8, 18108.8, 18116.8, 18124.8, 18132.8, 18140.8, 18148.8, 18156.8, 18164.8, 18172.8, 18180.8, 18188.8, 18196.8, 18204.8, 18212.8, 18220.8, 18228.8, 18236.8, 18244.8, 18252.8, 18260.8, 18268.8, 18276.8, 18284.8, 18292.8, 18300.8, 18308.8, 18316.8, 18324.8, 18332.8, 18340.8, 18348.8, 18356.8, 18364.8, 18372.8, 18380.8, 18388.8, 18396.8, 18404.8, 18412.8, 18419.8, 18422.8
18438.8, 18444.8, 18452.8, 18460.8, 18468.8, 18476.8, 18484.8, 18492.8, 18500.8, 18508.8, 18516.8, 18524.8, 18532.8, 18540.8, 18548.8, 18556.8, 18564.8, 18572.8, 18580.8, 18588.8, 18596.8, 18604.8, 18612.8, 18620.8, 18628.8, 18636.8, 18644.8, 18652.8, 18660.8, 18668.8, 18676.8, 18684.8, 18692.8, 18700.8, 18708.8, 18716.8, 18724.8, 18732.8, 18740.8, 18748.8, 18756.8, 18764.8, 18772.8, 18780.8, 18788.8, 18796.8, 18804.8, 18812.8, 18820.8, 18828.8, 18836.8, 18844.8, 18852.8, 18860.8, 18868.8, 18876.8, 18884.8, 18892.8, 18900.8, 18908.8, 18916.8, 18924.8, 18932.8, 18940.8, 18948.8, 18956.8, 18964.8, 18972.8, 18980.8, 18988.8, 18996.8, 19004.8, 19012.8, 19020.8, 19028.8, 19036.8, 19044.8, 19052.8, 19060.8, 19068.8, 19076.8, 19084.8, 19092.8, 19100.8, 19108.8, 19116.8, 19124.8, 19132.8, 19140.8, 19148.8, 19156.8, 19164.8, 19172.8, 19180.8, 19188.8, 19196.8, 19204.8, 19212.8, 19220.8, 19228.8, 19236.8, 19244.8, 19252.8, 19260.8, 19268.8, 19276.8, 19284.8, 19292.8, 19300.8, 19308.8, 19316.8, 19324.8, 19332.8, 19340.8, 19348.8, 19356.8, 19364.8, 19372.8, 19380.8, 19388.8, 19396.8, 19404.8, 19412.8, 19420.8, 19428.8, 19436.8, 19443.8, 19446.8
19462.8, 19468.8, 19476.8, 19484.8, 19492.8, 19500.8, 19508.8, 19516.8, 19524.8, 19532.8, 19540.8, 19548.8, 19556.8, 19564.8, 19572.8, 19580.8, 19588.8, 19596.8, 19604.8, 19612.8, 19620.8, 19628.8, 19636.8, 19644.8, 19652.8, 19660.8, 19668.8, 19676.8, 19684.8, 19692.8, 19700.8, 19708.8, 19716.8, 19724.8, 19732.8, 19740.8, 19748.8, 19756.8, 19764.8, 19772.8, 19780.8, 19788.8, 19796.8, 19804.8, 19812.8, 19820.8, 19828.8, 19836.8, 19844.8, 19852.8, 19860.8, 19868.8, 19876.8, 19884.8, 19892.8, 19900.8, 19908.8, 19916.8, 19924.8, 19932.8, 19940.8, 19948.8, 19956.8, 19964.8, 19972.8, 19980.8, 19988.8, 19996.8, 20004.8, 20012.8, 20020.8, 20028.8, 20036.8, 20044.8, 20052.8, 20060.8, 20068.8, 20076.8, 20084.8, 20092.8, 20100.8, 20108.8, 20116.8, 20124.8, 20132.8, 20140.8, 20148.8, 20156.8, 20164.8, 20172.8, 20180.8, 20188.8, 20196.8, 20204.8, 20212.8, 20220.8, 20228.8, 20236.8, 20244.8, 20252.8, 20260.8, 20268.8, 20276.8, 20284.8, 20292.8, 20300.8, 20308.8, 20316.8, 20324.8, 20332.8, 20340.8, 20348.8, 20356.8, 20364.8, 20372.8, 20380.8, 20388.8, 20396.8, 20404.8, 20412.8, 20420.8, 20428.8, 20436.8, 20444.8, 20452.8, 20460.8, 20467.8, 20470.8
20486.8, 20492.8, 20500.8, 20508.8, 20516.8, 20524.8, 20532.8, 20540.8, 20548.8, 20556.8, 20564.8, 20572.8, 20580.8, 20588.8, 20596.8, 20604.8, 20612.8, 20620.8, 20628.8, 20636.8, 20644.8, 20652.8, 20660.8, 20668.8, 20676.8, 20684.8, 20692.8, 20700.8, 20708.8, 20716.8, 20724.8, 20732.8, 20740.8, 20748.8, 20756.8, 20764.8, 20772.8, 20780.8, 20788.8, 20796.8, 20804.8, 20812.8, 20820.8, 20828.8, 20836.8, 20844.8, 20852.8, 20860.8, 20868.8, 20876.8, 20884.8, 20892.8, 20900.8, 20908.8, 20916.8, 20924.8, 20932.8, 20940.8, 20948.8, 20956.8, 20964.8, 20972.8, 20980.8, 20988.8, 20996.8, 21004.8, 21012.8, 21020.8, 21028.8, 21036.8, 21044.8, 21052.8, 21060.8, 21068.8, 21076.8, 21084.8, 21092.8, 21100.8, 21108.8, 21116.8, 21124.8, 21132.8, 21140.8, 21148.8, 21156.8, 21164.8, 21172.8, 21180.8, 21188.8, 21196.8, 21204.8, 21212.8, 21220.8, 21228.8, 21236.8, 21244.8, 21252.8, 21260.8, 21268.8, 21276.8, 21284.8, 21292.8, 21300.8, 21308.8, 21316.8, 21324.8, 21332.8, 21340.8, 21348.8, 21356.8, 21364.8, 21372.8, 21380.8, 21388.8, 21396.8, 21404.8, 21412.8, 21420.8, 21428.8, 21436.8, 21444.8, 21452.8, 21460.8, 21468.8, 21476.8, 21484.8, 21491.8, 21494.8
21510.8, 21516.8, 21524.8, 21532.8, 21540.8, 21548.8, 21556.8, 21564.8, 21572.8, 21580.8, 21588.8, 21596.8, 21604.8, 21612.8, 21620.8, 21628.8, 21636.8, 21644.8, 21652.8, 21660.8, 21668.8, 21676.8, 21684.8, 21692.8, 21700.8, 21708.8, 21716.8, 21724.8, 21732.8, 21740.8, 21748.8, 21756.8, 21764.8, 21772.8, 21780.8, 21788.8, 21796.8, 21804.8, 21812.8, 21820.8, 21828.8, 21836.8, 21844.8, 21852.8, 21860.8, 21868.8, 21876.8, 21884.8, 21892.8, 21900.8, 21908.8, 21916.8, 21924.8, 21932.8, 21940.8, 21948.8, 21956.8, 21964.8, 21972.8, 21980.8, 21988.8, 21996.8, 22004.8, 22012.8, 22020.8, 22028.8, 22036.8, 22044.8, 22052.8, 22060.8, 22068.8, 22076.8, 22084.8, 22092.8, 22100.8, 22108.8, 22116.8, 22124.8, 22132.8, 22140.8, 22148.8, 22156.8, 22164.8, 22172.8, 22180.8, 22188.8, 22196.8, 22204.8, 22212.8, 22220.8, 22228.8, 22236.8, 22244.8, 22252.8, 22260.8, 22268.8, 22276.8, 22284.8, 22292.8, 22300.8, 22308.8, 22316.8, 22324.8, 22332.8, 22340.8, 22348.8, 22356.8, 22364.8, 22372.8, 22380.8, 22388.8, 22396.8, 22404.8, 22412.8, 22420.8, 22428.8, 22436.8, 22444.8, 22452.8, 22460.8, 22468.8, 22476.8, 22484.8, 22492.8, 22500.8, 22508.8, 22515.8, 22518.8
22534.8, 22540.8, 22548.8, 22556.8, 22564.8, 22572.8, 22580.8, 22588.8, 22596.8, 22604.8, 22612.8, 22620.8, 22628.8, 22636.8, 22644.8, 22652.8, 22660.8, 22668.8, 22676.8, 22684.8, 22692.8, 22700.8, 22708.8, 22716.8, 22724.8, 22732.8, 22740.8, 22748.8, 22756.8, 22764.8, 22772.8, 22780.8, 22788.8, 22796.8, 22804.8, 22812.8, 22820.8, 22828.8, 22836.8, 22844.8, 22852.8, 22860.8, 22868.8, 22876.8, 22884.8, 22892.8, 22900.8, 22908.8, 22916.8, 22924.8, 22932.8, 22940.8, 22948.8, 22956.8, 22964.8, 22972.8, 22980.8, 22988.8, 22996.8, 23004.8, 23012.8, 23020.8, 23028.8, 23036.8, 23044.8, 23052.8, 23060.8, 23068.8, 23076.8, 23084.8, 23092.8, 23100.8, 23108.8, 23116.8, 23124.8, 23132.8, 23140.8, 23148.8, 23156.8, 23164.8, 23172.8, 23180.8, 23188.8, 23196.8, 23204.8, 23212.8, 23220.8, 23228.8, 23236.8, 23244.8, 23252.8, 23260.8, 23268.8, 23276.8, 23284.8, 23292.8, 23300.8, 23308.8, 23316.8, 23324.8, 23332.8, 23340.8, 23348.8, 23356.8, 23364.8, 23372.8, 23380.8, 23388.8, 23396.8, 23404.8, 23412.8, 23420.8, 23428.8, 23436.8, 23444.8, 23452.8, 23460.8, 23468.8, 23476.8, 23484.8, 23492.8, 23500.8, 23508.8, 23516.8, 23524.8, 23532.8, 23539.8, 23542.8
23558.8, 23564.8, 23572.8, 23580.8, 23588.8, 23596.8, 23604.8, 23612.8, 23620.8, 23628.8, 23636.8, 23644.8, 23652.8, 23660.8, 23668.8, 23676.8, 23684.8, 23692.8, 23700.8, 23708.8, 23716.8, 23724.8, 23732.8, 23740.8, 23748.8, 23756.8, 23764.8, 23772.8, 23780.8, 23788.8, 23796.8, 23804.8, 23812.8, 23820.8, 23828.8, 23836.8, 23844.8, 23852.8, 23860.8, 23868.8, 23876.8, 23884.8, 23892.8, 23900.8, 23908.8, 23916.8, 23924.8, 23932.8, 23940.8, 23948.8, 23956.8, 23964.8, 23972.8, 23980.8, 23988.8, 23996.8, 24004.8, 24012.8, 24020.8, 24028.8, 24036.8, 24044.8, 24052.8, 24060.8, 24068.8, 24076.8, 24084.8, 24092.8, 24100.8, 24108.8, 24116.8, 24124.8, 24132.8, 24140.8, 24148.8, 24156.8, 24164.8, 24172.8, 24180.8, 24188.8, 24196.8, 24204.8, 24212.8, 24220.8, 24228.8, 24236.8, 24244.8, 24252.8, 24260.8, 24268.8, 24276.8, 24284.8, 24292.8, 24300.8, 24308.8, 24316.8, 24324.8, 24332.8, 24340.8, 24348.8, 24356.8, 24364.8, 24372.8, 24380.8, 24388.8, 24396.8, 24404.8, 24412.8, 24420.8, 24428.8, 24436.8, 24444.8, 24452.8, 24460.8, 24468.8, 24476.8, 24484.8, 24492.8, 24500.8, 24508.8, 24516.8, 24524.8, 24532.8, 24540.8, 24548.8, 24556.8, 24563.8, 24566.8
24582.8, 24588.8, 24596.8, 24604.8, 24612.8, 24620.8, 24628.8, 24636.8, 24644.8, 24652.8, 24660.8, 24668.8, 24676.8, 24684.8, 24692.8, 24700.8, 24708.8, 24716.8, 24724.8, 24732.8, 24740.8, 24748.8, 24756.8, 24764.8, 24772.8, 24780.8, 24788.8, 24796.8, 24804.8, 24812.8, 24820.8, 24828.8, 24836.8, 24844.8, 24852.8, 24860.8, 24868.8, 24876.8, 24884.8, 24892.8, 24900.8, 24908.8, 24916.8, 24924.8, 24932.8, 24940.8, 24948.8, 24956.8, 24964.8, 24972.8, 24980.8, 24988.8, 24996.8, 25004.8, 25012.8, 25020.8, 25028.8, 25036.8, 25044.8, 25052.8, 25060.8, 25068.8, 25076.8, 25084.8, 25092.8, 25100.8, 25108.8, 25116.8, 25124.8, 25132.8, 25140.8, 25148.8, 25156.8, 25164.8, 25172.8, 25180.8, 25188.8, 25196.8, 25204.8, 25212.8, 25220.8, 25228.8, 25236.8, 25244.8, 25252.8, 25260.8, 25268.8, 25276.8, 25284.8, 25292.8, 25300.8, 25308.8, 25316.8, 25324.8, 25332.8, 25340.8, 25348.8, 25356.8, 25364.8, 25372.8, 25380.8, 25388.8, 25396.8, 25404.8, 25412.8, 25420.8, 25428.8, 25436.8, 25444.8, 25452.8, 25460.8, 25468.8, 25476.8, 25484.8, 25492.8, 25500.8, 25508.8, 25516.8, 25524.8, 25532.8, 25540.8, 25548.8, 25556.8, 25564.8, 25572.8, 25580.8, 25587.8, 25590.8
25606.8, 25612.8, 25620.8, 25628.8, 25636.8, 25644.8, 25652.8, 25660.8, 25668.8, 25676.8, 25684.8, 25692.8, 25700.8, 25708.8, 25716.8, 25724.8, 25732.8, 25740.8, 25748.8, 25756.8, 25764.8, 25772.8, 25780.8, 25788.8, 25796.8, 25804.8, 25812.8, 25820.8, 25828.8, 25836.8, 25844.8, 25852.8, 25860.8, 25868.8, 25876.8, 25884.8, 25892.8, 25900.8, 25908.8, 25916.8, 25924.8, 25932.8, 25940.8, 25948.8, 25956.8, 25964.8, 25972.8, 25980.8, 25988.8, 25996.8, 26004.8, 26012.8, 26020.8, 26028.8, 26036.8, 26044.8, 26052.8, 26060.8, 26068.8, 26076.8, 26084.8, 26092.8, 26100.8, 26108.8, 26116.8, 26124.8, 26132.8, 26140.8, 26148.8, 26156.8, 26164.8, 26172.8, 26180.8, 26188.8, 26196.8, 26204.8, 26212.8, 26220.8, 26228.8, 26236.8, 26244.8, 26252.8, 26260.8, 26268.8, 26276.8, 26284.8, 26292.8, 26300.8, 26308.8, 26316.8, 26324.8, 26332.8, 26340.8, 26348.8, 26356.8, 26364.8, 26372.8, 26380.8, 26388.8, 26396.8, 26404.8, 26412.8, 26420.8, 26428.8, 26436.8, 26444.8, 26452.8, 26460.8, 26468.8, 26476.8, 26484.8, 26492.8, 26500.8, 26508.8, 26516.8, 26524.8, 26532.8, 26540.8, 26548.8, 26556.8, 26564.8, 26572.8, 26580.8, 26588.8, 26596.8, 26604.8, 26611.8, 26614.8
26630.8, 26636.8, 26644.8, 26652.8, 26660.8, 26668.8, 26676.8, 26684.8, 26692.8, 26700.8, 26708.8, 26716.8, 26724.8, 26732.8, 26740.8, 26748.8, 26756.8, 26764.8, 26772.8, 26780.8, 26788.8, 26796.8, 26804.8, 26812.8, 26820.8, 26828.8, 26836.8, 26844.8, 26852.8, 26860.8, 26868.8, 26876.8, 26884.8, 26892.8, 26900.8, 26908.8, 26916.8, 26924.8, 26932.8, 26940.8, 26948.8, 26956.8, 26964.8, 26972.8, 26980.8, 26988.8, 26996.8, 27004.8, 27012.8, 27020.8, 27028.8, 27036.8, 27044.8, 27052.8, 27060.8, 27068.8, 27076.8, 27084.8, 27092.8, 27100.8, 27108.8, 27116.8, 27124.8, 27132.8, 27140.8, 27148.8, 27156.8, 27164.8, 27172.8, 27180.8, 27188.8, 27196.8, 27204.8, 27212.8, 27220.8, 27228.8, 27236.8, 27244.8, 27252.8, 27260.8, 27268.8, 27276.8, 27284.8, 27292.8, 27300.8, 27308.8, 27316.8, 27324.8, 27332.8, 27340.8, 27348.8, 27356.8, 27364.8, 27372.8, 27380.8, 27388.8, 27396.8, 27404.8, 27412.8, 27420.8, 27428.8, 27436.8, 27444.8, 27452.8, 27460.8, 27468.8, 27476.8, 27484.8, 27492.8, 27500.8, 27508.8, 27516.8, 27524.8, 27532.8, 27540.8, 27548.8, 27556.8, 27564.8, 27572.8, 27580.8, 27588.8, 27596.8, 27604.8, 27612.8, 27620.8, 27628.8, 27635.8, 27638.8
27654.8, 27660.8, 27668.8, 27676.8, 27684.8, 27692.8, 27700.8, 27708.8, 27716.8, 27724.8, 27732.8, 27740.8, 27748.8, 27756.8, 27764.8, 27772.8, 27780.8, 27788.8, 27796.8, 27804.8, 27812.8, 27820.8, 27828.8, 27836.8, 27844.8, 27852.8, 27860.8, 27868.8, 27876.8, 27884.8, 27892.8, 27900.8, 27908.8, 27916.8, 27924.8, 27932.8, 27940.8, 27948.8, 27956.8, 27964.8, 27972.8, 27980.8, 27988.8, 27996.8, 28004.8, 28012.8, 28020.8, 28028.8, 28036.8, 28044.8, 28052.8, 28060.8, 28068.8, 28076.8, 28084.8, 28092.8, 28100.8, 28108.8, 28116.8, 28124.8, 28132.8, 28140.8, 28148.8, 28156.8, 28164.8, 28172.8, 28180.8, 28188.8, 28196.8, 28204.8, 28212.8, 28220.8, 28228.8, 28236.8, 28244.8, 28252.8, 28260.8, 28268.8, 28276.8, 28284.8, 28292.8, 28300.8, 28308.8, 28316.8, 28324.8, 28332.8, 28340.8, 28348.8, 28356.8, 28364.8, 28372.8, 28380.8, 28388.8, 28396.8, 28404.8, 28412.8, 28420.8, 28428.8, 28436.8, 28444.8, 28452.8, 28460.8, 28468.8, 28476.8, 28484.8, 28492.8, 28500.8, 28508.8, 28516.8, 28524.8, 28532.8, 28540.8, 28548.8, 28556.8, 28564.8, 28572.8, 28580.8, 28588.8, 28596.8, 28604.8, 28612.8, 28620.8, 28628.8, 28636.8, 28644.8, 28652.8, 28659.8, 28662.8
28678.8, 28684.8, 28692.8, 28700.8, 28708.8, 28716.8, 28724.8, 28732.8, 28740.8, 28748.8, 28756.8, 28764.8, 28772.8, 28780.8, 28788.8, 28796.8, 28804.8, 28812.8, 28820.8, 28828.8, 28836.8, 28844.8, 28852.8, 28860.8, 28868.8, 28876.8, 28884.8, 28892.8, 28900.8, 28908.8, 28916.8, 28924.8, 28932.8, 28940.8, 28948.8, 28956.8, 28964.8, 28972.8, 28980.8, 28988.8, 28996.8, 29004.8, 29012.8, 29020.8, 29028.8, 29036.8, 29044.8, 29052.8, 29060.8, 29068.8, 29076.8, 29084.8, 29092.8, 29100.8, 29108.8, 29116.8, 29124.8, 29132.8, 29140.8, 29148.8, 29156.8, 29164.8, 29172.8, 29180.8, 29188.8, 29196.8, 29204.8, 29212.8, 29220.8, 29228.8, 29236.8, 29244.8, 29252.8, 29260.8, 29268.8, 29276.8, 29284.8, 29292.8, 29300.8, 29308.8, 29316.8, 29324.8, 29332.8, 29340.8, 29348.8, 29356.8, 29364.8, 29372.8, 29380.8, 29388.8, 29396.8, 29404.8, 29412.8, 29420.8, 29428.8, 29436.8, 29444.8, 29452.8, 29460.8, 29468.8, 29476.8, 29484.8, 29492.8, 29500.8, 29508.8, 29516.8, 29524.8, 29532.8, 29540.8, 29548.8, 29556.8, 29564.8, 29572.8, 29580.8, 29588.8, 29596.8, 29604.8, 29612.8, 29620.8, 29628.8, 29636.8, 29644.8, 29652.8, 29660.8, 29668.8, 29676.8, 29683.8, 29686.8
29702.8, 29708.8, 29716.8, 29724.8, 29732.8, 29740.8, 29748.8, 29756.8, 29764.8, 29772.8, 29780.8, 29788.8, 29796.8, 29804.8, 29812.8, 29820.8, 29828.8, 29836.8, 29844.8, 29852.8, 29860.8, 29868.8, 29876.8, 29884.8, 29892.8, 29900.8, 29908.8, 29916.8, 29924.8, 29932.8, 29940.8, 29948.8, 29956.8, 29964.8, 29972.8, 29980.8, 29988.8, 29996.8, 30004.8, 30012.8, 30020.8, 30028.8, 30036.8, 30044.8, 30052.8, 30060.8, 30068.8, 30076.8, 30084.8, 30092.8, 30100.8, 30108.8, 30116.8, 30124.8, 30132.8, 30140.8, 30148.8, 30156.8, 30164.8, 30172.8, 30180.8, 30188.8, 30196.8, 30204.8, 30212.8, 30220.8, 30228.8, 30236.8, 30244.8, 30252.8, 30260.8, 30268.8, 30276.8, 30284.8, 30292.8, 30300.8, 30308.8, 30316.8, 30324.8, 30332.8, 30340.8, 30348.8, 30356.8, 30364.8, 30372.8, 30380.8, 30388.8, 30396.8, 30404.8, 30412.8, 30420.8, 30428.8, 30436.8, 30444.8, 30452.8, 30460.8, 30468.8, 30476.8, 30484.8, 30492.8, 30500.8, 30508.8, 30516.8, 30524.8, 30532.8, 30540.8, 30548.8, 30556.8, 30564.8, 30572.8, 30580.8, 30588.8, 30596.8, 30604.8, 30612.8, 30620.8, 30628.8, 30636.8, 30644.8, 30652.8, 30660.8, 30668.8, 30676.8, 30684.8, 30692.8, 30700.8, 30707.8, 30710.8
30726.8, 30732.8, 30740.8, 30748.8, 30756.8, 30764.8, 30772.8, 30780.8, 30788.8, 30796.8, 30804.8, 30812.8, 30820.8, 30828.8, 30836.8, 30844.8, 30852.8, 30860.8, 30868.8, 30876.8, 30884.8, 30892.8, 30900.8, 30908.8, 30916.8, 30924.8, 30932.8, 30940.8, 30948.8, 30956.8, 30964.8, 30972.8, 30980.8, 30988.8, 30996.8, 31004.8, 31012.8, 31020.8, 31028.8, 31036.8, 31044.8, 31052.8, 31060.8, 31068.8, 31076.8, 31084.8, 31092.8, 31100.8, 31108.8, 31116.8, 31124.8, 31132.8, 31140.8, 31148.8, 31156.8, 31164.8, 31172.8, 31180.8, 31188.8, 31196.8, 31204.8, 31212.8, 31220.8, 31228.8, 31236.8, 31244.8, 31252.8, 31260.8, 31268.8, 31276.8, 31284.8, 31292.8, 31300.8, 31308.8, 31316.8, 31324.8, 31332.8, 31340.8, 31348.8, 31356.8, 31364.8, 31372.8, 31380.8, 31388.8, 31396.8, 31404.8, 31412.8, 31420.8, 31428.8, 31436.8, 31444.8, 31452.8, 31460.8, 31468.8, 31476.8, 31484.8, 31492.8, 31500.8, 31508.8, 31516.8, 31524.8, 31532.8, 31540.8, 31548.8, 31556.8, 31564.8, 31572.8, 31580.8, 31588.8, 31596.8, 31604.8, 31612.8, 31620.8, 31628.8, 31636.8, 31644.8, 31652.8, 31660.8, 31668.8, 31676.8, 31684.8, 31692.8, 31700.8, 31708.8, 31716.8, 31724.8, 31731.8, 31734.8
31750.8, 31756.8, 31764.8, 31772.8, 31780.8, 31788.8, 31796.8, 31804.8, 31812.8, 31820.8, 31828.8, 31836.8, 31844.8, 31852.8, 31860.8, 31868.8, 31876.8, 31884.8, 31892.8, 31900.8, 31908.8, 31916.8, 31924.8, 31932.8, 31940.8, 31948.8, 31956.8, 31964.8, 31972.8, 31980.8, 31988.8, 31996.8, 32004.8, 32012.8, 32020.8, 32028.8, 32036.8, 32044.8, 32052.8, 32060.8, 32068.8, 32076.8, 32084.8, 32092.8, 32100.8, 32108.8, 32116.8, 32124.8, 32132.8, 32140.8, 32148.8, 32156.8, 32164.8, 32172.8, 32180.8, 32188.8, 32196.8, 32204.8, 32212.8, 32220.8, 32228.8, 32236.8, 32244.8, 32252.8, 32260.8, 32268.8, 32276.8, 32284.8, 32292.8, 32300.8, 32308.8, 32316.8, 32324.8, 32332.8, 32340.8, 32348.8, 32356.8, 32364.8, 32372.8, 32380.8, 32388.8, 32396.8, 32404.8, 32412.8, 32420.8, 32428.8, 32436.8, 32444.8, 32452.8, 32460.8, 32468.8, 32476.8, 32484.8, 32492.8, 32500.8, 32508.8, 32516.8, 32524.8, 32532.8, 32540.8, 32548.8, 32556.8, 32564.8, 32572.8, 32580.8, 32588.8, 32596.8, 32604.8, 32612.8, 32620.8, 32628.8, 32636.8, 32644.8, 32652.8, 32660.8, 32668.8, 32676.8, 32684.8, 32692.8, 32700.8, 32708.8, 32716.8, 32724.8, 32732.8, 32740.8, 32748.8, 32755.8, 32758.8
32774.8, 32780.8, 32788.8, 32796.8, 32804.8, 32812.8, 32820.8, 32828.8, 32836.8, 32844.8, 32852.8, 32860.8, 32868.8, 32876.8, 32884.8, 32892.8, 32900.8, 32908.8, 32916.8, 32924.8, 32932.8, 32940.8, 32948.8, 32956.8, 32964.8, 32972.8, 32980.8, 32988.8, 32996.8, 33004.8, 33012.8, 33020.8, 33028.8, 33036.8, 33044.8, 33052.8, 33060.8, 33068.8, 33076.8, 33084.8, 33092.8, 33100.8, 33108.8, 33116.8, 33124.8, 33132.8, 33140.8, 33148.8, 33156.8, 33164.8, 33172.8, 33180.8, 33188.8, 33196.8, 33204.8, 33212.8, 33220.8, 33228.8, 33236.8, 33244.8, 33252.8, 33260.8, 33268.8, 33276.8, 33284.8, 33292.8, 33300.8, 33308.8, 33316.8, 33324.8, 33332.8, 33340.8, 33348.8, 33356.8, 33364.8, 33372.8, 33380.8, 33388.8, 33396.8, 33404.8, 33412.8, 33420.8, 33428.8, 33436.8, 33444.8, 33452.8, 33460.8, 33468.8, 33476.8, 33484.8, 33492.8, 33500.8, 33508.8, 33516.8, 33524.8, 33532.8, 33540.8, 33548.8, 33556.8, 33564.8, 33572.8, 33580.8, 33588.8, 33596.8, 33604.8, 33612.8, 33620.8, 33628.8, 33636.8, 33644.8, 33652.8, 33660.8, 33668.8, 33676.8, 33684.8, 33692.8, 33700.8, 33708.8, 33716.8, 33724.8, 33732.8, 33740.8, 33748.8, 33756.8, 33764.8, 33772.8, 33779.8, 33782.8
33798.8, 33804.8, 33812.8, 33820.8, 33828.8, 33836.8, 33844.8, 33852.8, 33860.8, 33868.8, 33876.8, 33884.8, 33892.8, 33900.8, 33908.8, 33916.8, 33924.8, 33932.8, 33940.8, 33948.8, 33956.8, 33964.8, 33972.8, 33980.8, 33988.8, 33996.8, 34004.8, 34012.8, 34020.8, 34028.8, 34036.8, 34044.8, 34052.8, 34060.8, 34068.8, 34076.8, 34084.8, 34092.8, 34100.8, 34108.8, 34116.8, 34124.8, 34132.8, 34140.8, 34148.8, 34156.8, 34164.8, 34172.8, 34180.8, 34188.8, 34196.8, 34204.8, 34212.8, 34220.8, 34228.8, 34236.8, 34244.8, 34252.8, 34260.8, 34268.8, 34276.8, 34284.8, 34292.8, 34300.8, 34308.8, 34316.8, 34324.8, 34332.8, 34340.8, 34348.8, 34356.8, 34364.8, 34372.8, 34380.8, 34388.8, 34396.8, 34404.8, 34412.8, 34420.8, 34428.8, 34436.8, 34444.8, 34452.8, 34460.8, 34468.8, 34476.8, 34484.8, 34492.8, 34500.8, 34508.8, 34516.8, 34524.8, 34532.8, 34540.8, 34548.8, 34556.8, 34564.8, 34572.8, 34580.8, 34588.8, 34596.8, 34604.8, 34612.8, 34620.8, 34628.8, 34636.8, 34644.8, 34652.8, 34660.8, 34668.8, 34676.8, 34684.8, 34692.8, 34700.8, 34708.8, 34716.8, 34724.8, 34732.8, 34740.8, 34748.8, 34756.8, 34764.8, 34772.8, 34780.8, 34788.8, 34796.8, 34803.8, 34806.8
34822.8, 34828.8, 34836.8, 34844.8, 34852.8, 34860.8, 34868.8, 34876.8, 34884.8, 34892.8, 34900.8, 34908.8, 34916.8, 34924.8, 34932.8, 34940.8, 34948.8, 34956.8, 34964.8, 34972.8, 34980.8, 34988.8, 34996.8, 35004.8, 35012.8, 35020.8, 35028.8, 35036.8, 35044.8, 35052.8, 35060.8, 35068.8, 35076.8, 35084.8, 35092.8, 35100.8, 35108.8, 35116.8, 35124.8, 35132.8, 35140.8, 35148.8, 35156.8, 35164.8, 35172.8, 35180.8, 35188.8, 35196.8, 35204.8, 35212.8, 35220.8, 35228.8, 35236.8, 35244.8, 35252.8, 35260.8, 35268.8, 35276.8, 35284.8, 35292.8, 35300.8, 35308.8, 35316.8, 35324.8, 35332.8, 35340.8, 35348.8, 35356.8, 35364.8, 35372.8, 35380.8, 35388.8, 35396.8, 35404.8, 35412.8, 35420.8, 35428.8, 35436.8, 35444.8, 35452.8, 35460.8, 35468.8, 35476.8, 35484.8, 35492.8, 35500.8, 35508.8, 35516.8, 35524.8, 35532.8, 35540.8, 35548.8, 35556.8, 35564.8, 35572.8, 35580.8, 35588.8, 35596.8, 35604.8, 35612.8, 35620.8, 35628.8, 35636.8, 35644.8, 35652.8, 35660.8, 35668.8, 35676.8, 35684.8, 35692.8, 35700.8, 35708.8, 35716.8, 35724.8, 35732.8, 35740.8, 35748.8, 35756.8, 35764.8, 35772.8, 35780.8, 35788.8, 35796.8, 35804.8, 35812.8, 35820.8, 35827.8, 35830.8
35846.8, 35852.8, 35860.8, 35868.8, 35876.8, 35884.8, 35892.8, 35900.8, 35908.8, 35916.8, 35924.8, 35932.8, 35940.8, 35948.8, 35956.8, 35964.8, 35972.8, 35980.8, 35988.8, 35996.8, 36004.8, 36012.8, 36020.8, 36028.8, 36036.8, 36044.8, 36052.8, 36060.8, 36068.8, 36076.8, 36084.8, 36092.8, 36100.8, 36108.8, 36116.8, 36124.8, 36132.8, 36140.8, 36148.8, 36156.8, 36164.8, 36172.8, 36180.8, 36188.8, 36196.8, 36204.8, 36212.8, 36220.8, 36228.8, 36236.8, 36244.8, 36252.8, 36260.8, 36268.8, 36276.8, 36284.8, 36292.8, 36300.8, 36308.8, 36316.8, 36324.8, 36332.8, 36340.8, 36348.8, 36356.8, 36364.8, 36372.8, 36380.8, 36388.8, 36396.8, 36404.8, 36412.8, 36420.8, 36428.8, 36436.8, 36444.8, 36452.8, 36460.8, 36468.8, 36476.8, 36484.8, 36492.8, 36500.8, 36508.8, 36516.8, 36524.8, 36532.8, 36540.8, 36548.8, 36556.8, 36564.8, 36572.8, 36580.8, 36588.8, 36596.8, 36604.8, 36612.8, 36620.8, 36628.8, 36636.8, 36644.8, 36652.8, 36660.8, 36668.8, 36676.8, 36684.8, 36692.8, 36700.8, 36708.8, 36716.8, 36724.8, 36732.8, 36740.8, 36748.8, 36756.8, 36764.8, 36772.8, 36780.8, 36788.8, 36796.8, 36804.8, 36812.8, 36820.8, 36828.8, 36836.8, 36844.8, 36851.8, 36854.8
36870.8, 36876.8, 36884.8, 36892.8, 36900.8, 36908.8, 36916.8, 36924.8, 36932.8, 36940.8, 36948.8, 36956.8, 36964.8, 36972.8, 36980.8, 36988.8, 36996.8, 37004.8, 37012.8, 37020.8, 37028.8, 37036.8, 37044.8, 37052.8, 37060.8, 37068.8, 37076.8, 37084.8, 37092.8, 37100.8, 37108.8, 37116.8, 37124.8, 37132.8, 37140.8, 37148.8, 37156.8, 37164.8, 37172.8, 37180.8, 37188.8, 37196.8, 37204.8, 37212.8, 37220.8, 37228.8, 37236.8, 37244.8, 37252.8, 37260.8, 37268.8, 37276.8, 37284.8, 37292.8, 37300.8, 37308.8, 37316.8, 37324.8, 37332.8, 37340.8, 37348.8, 37356.8, 37364.8, 37372.8, 37380.8, 37388.8, 37396.8, 37404.8, 37412.8, 37420.8, 37428.8, 37436.8, 37444.8, 37452.8, 37460.8, 37468.8, 37476.8, 37484.8, 37492.8, 37500.8, 37508.8, 37516.8, 37524.8, 37532.8, 37540.8, 37548.8, 37556.8, 37564.8, 37572.8, 37580.8, 37588.8, 37596.8, 37604.8, 37612.8, 37620.8, 37628.8, 37636.8, 37644.8, 37652.8, 37660.8, 37668.8, 37676.8, 37684.8, 37692.8, 37700.8, 37708.8, 37716.8, 37724.8, 37732.8, 37740.8, 37748.8, 37756.8, 37764.8, 37772.8, 37780.8, 37788.8, 37796.8, 37804.8, 37812.8, 37820.8, 37828.8, 37836.8, 37844.8, 37852.8, 37860.8, 37868.8, 37875.8, 37878.8
37894.8, 37900.8, 37908.8, 37916.8, 37924.8, 37932.8, 37940.8, 37948.8, 37956.8, 37964.8, 37972.8, 37980.8, 37988.8, 37996.8, 38004.8, 38012.8, 38020.8, 38028.8, 38036.8, 38044.8, 38052.8, 38060.8, 38068.8, 38076.8, 38084.8, 38092.8, 38100.8, 38108.8, 38116.8, 38124.8, 38132.8, 38140.8, 38148.8, 38156.8, 38164.8, 38172.8, 38180.8, 38188.8, 38196.8, 38204.8, 38212.8, 38220.8, 38228.8, 38236.8, 38244.8, 38252.8, 38260.8, 38268.8, 38276.8, 38284.8, 38292.8, 38300.8, 38308.8, 38316.8, 38324.8, 38332.8, 38340.8, 38348.8, 38356.8, 38364.8, 38372.8, 38380.8, 38388.8, 38396.8, 38404.8, 38412.8, 38420.8, 38428.8, 38436.8, 38444.8, 38452.8, 38460.8, 38468.8, 38476.8, 38484.8, 38492.8, 38500.8, 38508.8, 38516.8, 38524.8, 38532.8, 38540.8, 38548.8, 38556.8, 38564.8, 38572.8, 38580.8, 38588.8, 38596.8, 38604.8, 38612.8, 38620.8, 38628.8, 38636.8, 38644.8, 38652.8, 38660.8, 38668.8, 38676.8, 38684.8, 38692.8, 38700.8, 38708.8, 38716.8, 38724.8, 38732.8, 38740.8, 38748.8, 38756.8, 38764.8, 38772.8, 38780.8, 38788.8, 38796.8, 38804.8, 38812.8, 38820.8, 38828.8, 38836.8, 38844.8, 38852.8, 38860.8, 38868.8, 38876.8, 38884.8, 38892.8, 38899.8, 38902.8
38918.8, 38924.8, 38932.8, 38940.8, 38948.8, 38956.8, 38964.8, 38972.8, 38980.8, 38988.8, 38996.8, 39004.8, 39012.8, 39020.8, 39028.8, 39036.8, 39044.8, 39052.8, 39060.8, 39068.8, 39076.8, 39084.8, 39092.8, 39100.8, 39108.8, 39116.8, 39124.8, 39132.8, 39140.8, 39148.8, 39156.8, 39164.8, 39172.8, 39180.8, 39188.8, 39196.8, 39204.8, 39212.8, 39220.8, 39228.8, 39236.8, 39244.8, 39252.8, 39260.8, 39268.8, 39276.8, 39284.8, 39292.8, 39300.8, 39308.8, 39316.8, 39324.8, 39332.8, 39340.8, 39348.8, 39356.8, 39364.8, 39372.8, 39380.8, 39388.8, 39396.8, 39404.8, 39412.8, 39420.8, 39428.8, 39436.8, 39444.8, 39452.8, 39460.8, 39468.8, 39476.8, 39484.8, 39492.8, 39500.8, 39508.8, 39516.8, 39524.8, 39532.8, 39540.8, 39548.8, 39556.8, 39564.8, 39572.8, 39580.8, 39588.8, 39596.8, 39604.8, 39612.8, 39620.8, 39628.8, 39636.8, 39644.8, 39652.8, 39660.8, 39668.8, 39676.8, 39684.8, 39692.8, 39700.8, 39708.8, 39716.8, 39724.8, 39732.8, 39740.8, 39748.8, 39756.8, 39764.8, 39772.8, 39780.8, 39788.8, 39796.8, 39804.8, 39812.8, 39820.8, 39828.8, 39836.8, 39844.8, 39852.8, 39860.8, 39868.8, 39876.8, 39884.8, 39892.8, 39900.8, 39908.8, 39916.8, 39923.8, 39926.8
39942.8, 39948.8, 39956.8, 39964.8, 39972.8, 39980.8, 39988.8, 39996.8, 40004.8, 40012.8, 40020.8, 40028.8, 40036.8, 40044.8, 40052.8, 40060.8, 40068.8, 40076.8, 40084.8, 40092.8, 40100.8, 40108.8, 40116.8, 40124.8, 40132.8, 40140.8, 40148.8, 40156.8, 40164.8, 40172.8, 40180.8, 40188.8, 40196.8, 40204.8, 40212.8, 40220.8, 40228.8, 40236.8, 40244.8, 40252.8, 40260.8, 40268.8, 40276.8, 40284.8, 40292.8, 40300.8, 40308.8, 40316.8, 40324.8, 40332.8, 40340.8, 40348.8, 40356.8, 40364.8, 40372.8, 40380.8, 40388.8, 40396.8, 40404.8, 40412.8, 40420.8, 40428.8, 40436.8, 40444.8, 40452.8, 40460.8, 40468.8, 40476.8, 40484.8, 40492.8, 40500.8, 40508.8, 40516.8, 40524.8, 40532.8, 40540.8, 40548.8, 40556.8, 40564.8, 40572.8, 40580.8, 40588.8, 40596.8, 40604.8, 40612.8, 40620.8, 40628.8, 40636.8, 40644.8, 40652.8, 40660.8, 40668.8, 40676.8, 40684.8, 40692.8, 40700.8, 40708.8, 40716.8, 40724.8, 40732.8, 40740.8, 40748.8, 40756.8, 40764.8, 40772.8, 40780.8, 40788.8, 40796.8, 40804.8, 40812.8, 40820.8, 40828.8, 40836.8, 40844.8, 40852.8, 40860.8, 40868.8, 40876.8, 40884.8, 40892.8, 40900.8, 40908.8, 40916.8, 40924.8, 40932.8, 40940.8, 40947.8, 40950.8
40966.8, 40972.8, 40980.8, 40988.8, 40996.8, 41004.8, 41012.8, 41020.8, 41028.8, 41036.8, 41044.8, 41052.8, 41060.8, 41068.8, 41076.8, 41084.8, 41092.8, 41100.8, 41108.8, 41116.8, 41124.8, 41132.8, 41140.8, 41148.8, 41156.8, 41164.8, 41172.8, 41180.8, 41188.8, 41196.8, 41204.8, 41212.8, 41220.8, 41228.8, 41236.8, 41244.8, 41252.8, 41260.8, 41268.8, 41276.8, 41284.8, 41292.8, 41300.8, 41308.8, 41316.8, 41324.8, 41332.8, 41340.8, 41348.8, 41356.8, 41364.8, 41372.8, 41380.8, 41388.8, 41396.8, 41404.8, 41412.8, 41420.8, 41428.8, 41436.8, 41444.8, 41452.8, 41460.8, 41468.8, 41476.8, 41484.8, 41492.8, 41500.8, 41508.8, 41516.8, 41524.8, 41532.8, 41540.8, 41548.8, 41556.8, 41564.8, 41572.8, 41580.8, 41588.8, 41596.8, 41604.8, 41612.8, 41620.8, 41628.8, 41636.8, 41644.8, 41652.8, 41660.8, 41668.8, 41676.8, 41684.8, 41692.8, 41700.8, 41708.8, 41716.8, 41724.8, 41732.8, 41740.8, 41748.8, 41756.8, 41764.8, 41772.8, 41780.8, 41788.8, 41796.8, 41804.8, 41812.8, 41820.8, 41828.8, 41836.8, 41844.8, 41852.8, 41860.8, 41868.8, 41876.8, 41884.8, 41892.8, 41900.8, 41908.8, 41916.8, 41924.8, 41932.8, 41940.8, 41948.8, 41956.8, 41964.8, 41971.8, 41974.8
41990.8, 41996.8, 42004.8, 42012.8, 42020.8, 42028.8, 42036.8, 42044.8, 42052.8, 42060.8, 42068.8, 42076.8, 42084.8, 42092.8, 42100.8, 42108.8, 42116.8, 42124.8, 42132.8, 42140.8, 42148.8, 42156.8, 42164.8, 42172.8, 42180.8, 42188.8, 42196.8, 42204.8, 42212.8, 42220.8, 42228.8, 42236.8, 42244.8, 42252.8, 42260.8, 42268.8, 42276.8, 42284.8, 42292.8, 42300.8, 42308.8, 42316.8, 42324.8, 42332.8, 42340.8, 42348.8, 42356.8, 42364.8, 42372.8, 42380.8, 42388.8, 42396.8, 42404.8, 42412.8, 42420.8, 42428.8, 42436.8, 42444.8, 42452.8, 42460.8, 42468.8, 42476.8, 42484.8, 42492.8, 42500.8, 42508.8, 42516.8, 42524.8, 42532.8, 42540.8, 42548.8, 42556.8, 42564.8, 42572.8, 42580.8, 42588.8, 42596.8, 42604.8, 42612.8, 42620.8, 42628.8, 42636.8, 42644.8, 42652.8, 42660.8, 42668.8, 42676.8, 42684.8, 42692.8, 42700.8, 42708.8, 42716.8, 42724.8, 42732.8, 42740.8, 42748.8, 42756.8, 42764.8, 42772.8, 42780.8, 42788.8, 42796.8, 42804.8, 42812.8, 42820.8, 42828.8, 42836.8, 42844.8, 42852.8, 42860.8, 42868.8, 42876.8, 42884.8, 42892.8, 42900.8, 42908.8, 42916.8, 42924.8, 42932.8, 42940.8, 42948.8, 42956.8, 42964.8, 42972.8, 42980.8, 42988.8, 42995.8, 42998.8
43014.8, 43020.8, 43028.8, 43036.8, 43044.8, 43052.8, 43060.8, 43068.8, 43076.8, 43084.8, 43092.8, 43100.8, 43108.8, 43116.8, 43124.8, 43132.8, 43140.8, 43148.8, 43156.8, 43164.8, 43172.8, 43180.8, 43188.8, 43196.8, 43204.8, 43212.8, 43220.8, 43228.8, 43236.8, 43244.8, 43252.8, 43260.8, 43268.8, 43276.8, 43284.8, 43292.8, 43300.8, 43308.8, 43316.8, 43324.8, 43332.8, 43340.8, 43348.8, 43356.8, 43364.8, 43372.8, 43380.8, 43388.8, 43396.8, 43404.8, 43412.8, 43420.8, 43428.8, 43436.8, 43444.8, 43452.8, 43460.8, 43468.8, 43476.8, 43484.8, 43492.8, 43500.8, 43508.8, 43516.8, 43524.8, 43532.8, 43540.8, 43548.8, 43556.8, 43564.8, 43572.8, 43580.8, 43588.8, 43596.8, 43604.8, 43612.8, 43620.8, 43628.8, 43636.8, 43644.8, 43652.8, 43660.8, 43668.8, 43676.8, 43684.8, 43692.8, 43700.8, 43708.8, 43716.8, 43724.8, 43732.8, 43740.8, 43748.8, 43756.8, 43764.8, 43772.8, 43780.8, 43788.8, 43796.8, 43804.8, 43812.8, 43820.8, 43828.8, 43836.8, 43844.8, 43852.8, 43860.8, 43868.8, 43876.8, 43884.8, 43892.8, 43900.8, 43908.8, 43916.8, 43924.8, 43932.8, 43940.8, 43948.8, 43956.8, 43964.8, 43972.8, 43980.8, 43988.8, 43996.8, 44004.8, 44012.8, 44019.8, 44022.8
44038.8, 44044.8, 44052.8, 44060.8, 44068.8, 44076.8, 44084.8, 44092.8, 44100.8, 44108.8, 44116.8, 44124.8, 44132.8, 44140.8, 44148.8, 44156.8, 44164.8, 44172.8, 44180.8, 44188.8, 44196.8, 44204.8, 44212.8, 44220.8, 44228.8, 44236.8, 44244.8, 44252.8, 44260.8, 44268.8, 44276.8, 44284.8, 44292.8, 44300.8, 44308.8, 44316.8, 44324.8, 44332.8, 44340.8, 44348.8, 44356.8, 44364.8, 44372.8, 44380.8, 44388.8, 44396.8, 44404.8, 44412.8, 44420.8, 44428.8, 44436.8, 44444.8, 44452.8, 44460.8, 44468.8, 44476.8, 44484.8, 44492.8, 44500.8, 44508.8, 44516.8, 44524.8, 44532.8, 44540.8, 44548.8, 44556.8, 44564.8, 44572.8, 44580.8, 44588.8, 44596.8, 44604.8, 44612.8, 44620.8, 44628.8, 44636.8, 44644.8, 44652.8, 44660.8, 44668.8, 44676.8, 44684.8, 44692.8, 44700.8, 44708.8, 44716.8, 44724.8, 44732.8, 44740.8, 44748.8, 44756.8, 44764.8, 44772.8, 44780.8, 44788.8, 44796.8, 44804.8, 44812.8, 44820.8, 44828.8, 44836.8, 44844.8, 44852.8, 44860.8, 44868.8, 44876.8, 44884.8, 44892.8, 44900.8, 44908.8, 44916.8, 44924.8, 44932.8, 44940.8, 44948.8, 44956.8, 44964.8, 44972.8, 44980.8, 44988.8, 44996.8, 45004.8, 45012.8, 45020.8, 45028.8, 45036.8, 45043.8, 45046.8
45062.8, 45068.8, 45076.8, 45084.8, 45092.8, 45100.8, 45108.8, 45116.8, 45124.8, 45132.8, 45140.8, 45148.8, 45156.8, 45164.8, 45172.8, 45180.8, 45188.8, 45196.8, 45204.8, 45212.8, 45220.8, 45228.8, 45236.8, 45244.8, 45252.8, 45260.8, 45268.8, 45276.8, 45284.8, 45292.8, 45300.8, 45308.8, 45316.8, 45324.8, 45332.8, 45340.8, 45348.8, 45356.8, 45364.8, 45372.8, 45380.8, 45388.8, 45396.8, 45404.8, 45412.8, 45420.8, 45428.8, 45436.8, 45444.8, 45452.8, 45460.8, 45468.8, 45476.8, 45484.8, 45492.8, 45500.8, 45508.8, 45516.8, 45524.8, 45532.8, 45540.8, 45548.8, 45556.8, 45564.8, 45572.8, 45580.8, 45588.8, 45596.8, 45604.8, 45612.8, 45620.8, 45628.8, 45636.8, 45644.8, 45652.8, 45660.8, 45668.8, 45676.8, 45684.8, 45692.8, 45700.8, 45708.8, 45716.8, 45724.8, 45732.8, 45740.8, 45748.8, 45756.8, 45764.8, 45772.8, 45780.8, 45788.8, 45796.8, 45804.8, 45812.8, 45820.8, 45828.8, 45836.8, 45844.8, 45852.8, 45860.8, 45868.8, 45876.8, 45884.8, 45892.8, 45900.8, 45908.8, 45916.8, 45924.8, 45932.8, 45940.8, 45948.8, 45956.8, 45964.8, 45972.8, 45980.8, 45988.8, 45996.8, 46004.8, 46012.8, 46020.8, 46028.8, 46036.8, 46044.8, 46052.8, 46060.8, 46067.8, 46070.8
46086.8, 46092.8, 46100.8, 46108.8, 46116.8, 46124.8, 46132.8, 46140.8, 46148.8, 46156.8, 46164.8, 46172.8, 46180.8, 46188.8, 46196.8, 46204.8, 46212.8, 46220.8, 46228.8, 46236.8, 46244.8, 46252.8, 46260.8, 46268.8, 46276.8, 46284.8, 46292.8, 46300.8, 46308.8, 46316.8, 46324.8, 46332.8, 46340.8, 46348.8, 46356.8, 46364.8, 46372.8, 46380.8, 46388.8, 46396.8, 46404.8, 46412.8, 46420.8, 46428.8, 46436.8, 46444.8, 46452.8, 46460.8, 46468.8, 46476.8, 46484.8, 46492.8, 46500.8, 46508.8, 46516.8, 46524.8, 46532.8, 46540.8, 46548.8, 46556.8, 46564.8, 46572.8, 46580.8, 46588.8, 46596.8, 46604.8, 46612.8, 46620.8, 46628.8, 46636.8, 46644.8, 46652.8, 46660.8, 46668.8, 46676.8, 46684.8, 46692.8, 46700.8, 46708.8, 46716.8, 46724.8, 46732.8, 46740.8, 46748.8, 46756.8, 46764.8, 46772.8, 46780.8, 46788.8, 46796.8, 46804.8, 46812.8, 46820.8, 46828.8, 46836.8, 46844.8, 46852.8, 46860.8, 46868.8, 46876.8, 46884.8, 46892.8, 46900.8, 46908.8, 46916.8, 46924.8, 46932.8, 46940.8, 46948.8, 46956.8, 46964.8, 46972.8, 46980.8, 46988.8, 46996.8, 47004.8, 47012.8, 47020.8, 47028.8, 47036.8, 47044.8, 47052.8, 47060.8, 47068.8, 47076.8, 47084.8, 47091.8, 47094.8
47110.8, 47116.8, 47124.8, 47132.8, 47140.8, 47148.8, 47156.8, 47164.8, 47172.8, 47180.8, 47188.8, 47196.8, 47204.8, 47212.8, 47220.8, 47228.8, 47236.8, 47244.8, 47252.8, 47260.8, 47268.8, 47276.8, 47284.8, 47292.8, 47300.8, 47308.8, 47316.8, 47324.8, 47332.8, 47340.8, 47348.8, 47356.8, 47364.8, 47372.8, 47380.8, 47388.8, 47396.8, 47404.8, 47412.8, 47420.8, 47428.8, 47436.8, 47444.8, 47452.8, 47460.8, 47468.8, 47476.8, 47484.8, 47492.8, 47500.8, 47508.8, 47516.8, 47524.8, 47532.8, 47540.8, 47548.8, 47556.8, 47564.8, 47572.8, 47580.8, 47588.8, 47596.8, 47604.8, 47612.8, 47620.8, 47628.8, 47636.8, 47644.8, 47652.8, 47660.8, 47668.8, 47676.8, 47684.8, 47692.8, 47700.8, 47708.8, 47716.8, 47724.8, 47732.8, 47740.8, 47748.8, 47756.8, 47764.8, 47772.8, 47780.8, 47788.8, 47796.8, 47804.8, 47812.8, 47820.8, 47828.8, 47836.8, 47844.8, 47852.8, 47860.8, 47868.8, 47876.8, 47884.8, 47892.8, 47900.8, 47908.8, 47916.8, 47924.8, 47932.8, 47940.8, 47948.8, 47956.8, 47964.8, 47972.8, 47980.8, 47988.8, 47996.8, 48004.8, 48012.8, 48020.8, 48028.8, 48036.8, 48044.8, 48052.8, 48060.8, 48068.8, 48076.8, 48084.8, 48092.8, 48100.8, 48108.8, 48115.8, 48118.8
48134.8, 48140.8, 48148.8, 48156.8, 48164.8, 48172.8, 48180.8, 48188.8, 48196.8, 48204.8, 48212.8, 48220.8, 48228.8, 48236.8, 48244.8, 48252.8, 48260.8, 48268.8, 48276.8, 48284.8, 48292.8, 48300.8, 48308.8, 48316.8, 48324.8, 48332.8, 48340.8, 48348.8, 48356.8, 48364.8, 48372.8, 48380.8, 48388.8, 48396.8, 48404.8, 48412.8, 48420.8, 48428.8, 48436.8, 48444.8, 48452.8, 48460.8, 48468.8, 48476.8, 48484.8, 48492.8, 48500.8, 48508.8, 48516.8, 48524.8, 48532.8, 48540.8, 48548.8, 48556.8, 48564.8, 48572.8, 48580.8, 48588.8, 48596.8, 48604.8, 48612.8, 48620.8, 48628.8, 48636.8, 48644.8, 48652.8, 48660.8, 48668.8, 48676.8, 48684.8, 48692.8, 48700.8, 48708.8, 48716.8, 48724.8, 48732.8, 48740.8, 48748.8, 48756.8, 48764.8, 48772.8, 48780.8, 48788.8, 48796.8, 48804.8, 48812.8, 48820.8, 48828.8, 48836.8, 48844.8, 48852.8, 48860.8, 48868.8, 48876.8, 48884.8, 48892.8, 48900.8, 48908.8, 48916.8, 48924.8, 48932.8, 48940.8, 48948.8, 48956.8, 48964.8, 48972.8, 48980.8, 48988.8, 48996.8, 49004.8, 49012.8, 49020.8, 49028.8, 49036.8, 49044.8, 49052.8, 49060.8, 49068.8, 49076.8, 49084.8, 49092.8, 49100.8, 49108.8, 49116.8, 49124.8, 49132.8, 49139.8, 49142.8
49158.8, 49164.8, 49172.8, 49180.8, 49188.8, 49196.8, 49204.8, 49212.8, 49220.8, 49228.8, 49236.8, 49244.8, 49252.8, 49260.8, 49268.8, 49276.8, 49284.8, 49292.8, 49300.8, 49308.8, 49316.8, 49324.8, 49332.8, 49340.8, 49348.8, 49356.8, 49364.8, 49372.8, 49380.8, 49388.8, 49396.8, 49404.8, 49412.8, 49420.8, 49428.8, 49436.8, 49444.8, 49452.8, 49460.8, 49468.8, 49476.8, 49484.8, 49492.8, 49500.8, 49508.8, 49516.8, 49524.8, 49532.8, 49540.8, 49548.8, 49556.8, 49564.8, 49572.8, 49580.8, 49588.8, 49596.8, 49604.8, 49612.8, 49620.8, 49628.8, 49636.8, 49644.8, 49652.8, 49660.8, 49668.8, 49676.8, 49684.8, 49692.8, 49700.8, 49708.8, 49716.8, 49724.8, 49732.8, 49740.8, 49748.8, 49756.8, 49764.8, 49772.8, 49780.8, 49788.8, 49796.8, 49804.8, 49812.8, 49820.8, 49828.8, 49836.8, 49844.8, 49852.8, 49860.8, 49868.8, 49876.8, 49884.8, 49892.8, 49900.8, 49908.8, 49916.8, 49924.8, 49932.8, 49940.8, 49948.8, 49956.8, 49964.8, 49972.8, 49980.8, 49988.8, 49996.8, 50004.8, 50012.8, 50020.8, 50028.8, 50036.8, 50044.8, 50052.8, 50060.8, 50068.8, 50076.8, 50084.8, 50092.8, 50100.8, 50108.8, 50116.8, 50124.8, 50132.8, 50140.8, 50148.8, 50156.8, 50163.8, 50166.8
50182.8, 50188.8, 50196.8, 50204.8, 50212.8, 50220.8, 50228.8, 50236.8, 50244.8, 50252.8, 50260.8, 50268.8, 50276.8, 50284.8, 50292.8, 50300.8, 50308.8, 50316.8, 50324.8, 50332.8, 50340.8, 50348.8, 50356.8, 50364.8, 50372.8, 50380.8, 50388.8, 50396.8, 50404.8, 50412.8, 50420.8, 50428.8, 50436.8, 50444.8, 50452.8, 50460.8, 50468.8, 50476.8, 50484.8, 50492.8, 50500.8, 50508.8, 50516.8, 50524.8, 50532.8, 50540.8, 50548.8, 50556.8, 50564.8, 50572.8, 50580.8, 50588.8, 50596.8, 50604.8, 50612.8, 50620.8, 50628.8, 50636.8, 50644.8, 50652.8, 50660.8, 50668.8, 50676.8, 50684.8, 50692.8, 50700.8, 50708.8, 50716.8, 50724.8, 50732.8, 50740.8, 50748.8, 50756.8, 50764.8, 50772.8, 50780.8, 50788.8, 50796.8, 50804.8, 50812.8, 50820.8, 50828.8, 50836.8, 50844.8, 50852.8, 50860.8, 50868.8, 50876.8, 50884.8, 50892.8, 50900.8, 50908.8, 50916.8, 50924.8, 50932.8, 50940.8, 50948.8, 50956.8, 50964.8, 50972.8, 50980.8, 50988.8, 50996.8, 51004.8, 51012.8, 51020.8, 51028.8, 51036.8, 51044.8, 51052.8, 51060.8, 51068.8, 51076.8, 51084.8, 51092.8, 51100.8, 51108.8, 51116.8, 51124.8, 51132.8, 51140.8, 51148.8, 51156.8, 51164.8, 51172.8, 51180.8, 51187.8, 51190.8
51206.8, 51212.8, 51220.8, 51228.8, 51236.8, 51244.8, 51252.8, 51260.8, 51268.8, 51276.8, 51284.8, 51292.8, 51300.8, 51308.8, 51316.8, 51324.8, 51332.8, 51340.8, 51348.8, 51356.8, 51364.8, 51372.8, 51380.8, 51388.8, 51396.8, 51404.8, 51412.8, 51420.8, 51428.8, 51436.8, 51444.8, 51452.8, 51460.8, 51468.8, 51476.8, 51484.8, 51492.8, 51500.8, 51508.8, 51516.8, 51524.8, 51532.8, 51540.8, 51548.8, 51556.8, 51564.8, 51572.8, 51580.8, 51588.8, 51596.8, 51604.8, 51612.8, 51620.8, 51628.8, 51636.8, 51644.8, 51652.8, 51660.8, 51668.8, 51676.8, 51684.8, 51692.8, 51700.8, 51708.8, 51716.8, 51724.8, 51732.8, 51740.8, 51748.8, 51756.8, 51764.8, 51772.8, 51780.8, 51788.8, 51796.8, 51804.8, 51812.8, 51820.8, 51828.8, 51836.8, 51844.8, 51852.8, 51860.8, 51868.8, 51876.8, 51884.8, 51892.8, 51900.8, 51908.8, 51916.8, 51924.8, 51932.8, 51940.8, 51948.8, 51956.8, 51964.8, 51972.8, 51980.8, 51988.8, 51996.8, 52004.8, 52012.8, 52020.8, 52028.8, 52036.8, 52044.8, 52052.8, 52060.8, 52068.8, 52076.8, 52084.8, 52092.8, 52100.8, 52108.8, 52116.8, 52124.8, 52132.8, 52140.8, 52148.8, 52156.8, 52164.8, 52172.8, 52180.8, 52188.8, 52196.8, 52204.8, 52211.8, 52214.8
52230.8, 52236.8, 52244.8, 52252.8, 52260.8, 52268.8, 52276.8, 52284.8, 52292.8, 52300.8, 52308.8, 52316.8, 52324.8, 52332.8, 52340.8, 52348.8, 52356.8, 52364.8, 52372.8, 52380.8, 52388.8, 52396.8, 52404.8, 52412.8, 52420.8, 52428.8, 52436.8, 52444.8, 52452.8, 52460.8, 52468.8, 52476.8, 52484.8, 52492.8, 52500.8, 52508.8, 52516.8, 52524.8, 52532.8, 52540.8, 52548.8, 52556.8, 52564.8, 52572.8, 52580.8, 52588.8, 52596.8, 52604.8, 52612.8, 52620.8, 52628.8, 52636.8, 52644.8, 52652.8, 52660.8, 52668.8, 52676.8, 52684.8, 52692.8, 52700.8, 52708.8, 52716.8, 52724.8, 52732.8, 52740.8, 52748.8, 52756.8, 52764.8, 52772.8, 52780.8, 52788.8, 52796.8, 52804.8, 52812.8, 52820.8, 52828.8, 52836.8, 52844.8, 52852.8, 52860.8, 52868.8, 52876.8, 52884.8, 52892.8, 52900.8, 52908.8, 52916.8, 52924.8, 52932.8, 52940.8, 52948.8, 52956.8, 52964.8, 52972.8, 52980.8, 52988.8, 52996.8, 53004.8, 53012.8, 53020.8, 53028.8, 53036.8, 53044.8, 53052.8, 53060.8, 53068.8, 53076.8, 53084.8, 53092.8, 53100.8, 53108.8, 53116.8, 53124.8, 53132.8, 53140.8, 53148.8, 53156.8, 53164.8, 53172.8, 53180.8, 53188.8, 53196.8, 53204.8, 53212.8, 53220.8, 53228.8, 53235.8, 53238.8
53254.8, 53260.8, 53268.8, 53276.8, 53284.8, 53292.8, 53300.8, 53308.8, 53316.8, 53324.8, 53332.8, 53340.8, 53348.8, 53356.8, 53364.8, 53372.8, 53380.8, 53388.8, 53396.8, 53404.8, 53412.8, 53420.8, 53428.8, 53436.8, 53444.8, 53452.8, 53460.8, 53468.8, 53476.8, 53484.8, 53492.8, 53500.8, 53508.8, 53516.8, 53524.8, 53532.8, 53540.8, 53548.8, 53556.8, 53564.8, 53572.8, 53580.8, 53588.8, 53596.8, 53604.8, 53612.8, 53620.8, 53628.8, 53636.8, 53644.8, 53652.8, 53660.8, 53668.8, 53676.8, 53684.8, 53692.8, 53700.8, 53708.8, 53716.8, 53724.8, 53732.8, 53740.8, 53748.8, 53756.8, 53764.8, 53772.8, 53780.8, 53788.8, 53796.8, 53804.8, 53812.8, 53820.8, 53828.8, 53836.8, 53844.8, 53852.8, 53860.8, 53868.8, 53876.8, 53884.8, 53892.8, 53900.8, 53908.8, 53916.8, 53924.8, 53932.8, 53940.8, 53948.8, 53956.8, 53964.8, 53972.8, 53980.8, 53988.8, 53996.8, 54004.8, 54012.8, 54020.8, 54028.8, 54036.8, 54044.8, 54052.8, 54060.8, 54068.8, 54076.8, 54084.8, 54092.8, 54100.8, 54108.8, 54116.8, 54124.8, 54132.8, 54140.8, 54148.8, 54156.8, 54164.8, 54172.8, 54180.8, 54188.8, 54196.8, 54204.8, 54212.8, 54220.8, 54228.8, 54236.8, 54244.8, 54252.8, 54259.8, 54262.8
54278.8, 54284.8, 54292.8, 54300.8, 54308.8, 54316.8, 54324.8, 54332.8, 54340.8, 54348.8, 54356.8, 54364.8, 54372.8, 54380.8, 54388.8, 54396.8, 54404.8, 54412.8, 54420.8, 54428.8, 54436.8, 54444.8, 54452.8, 54460.8, 54468.8, 54476.8, 54484.8, 54492.8, 54500.8, 54508.8, 54516.8, 54524.8, 54532.8, 54540.8, 54548.8, 54556.8, 54564.8, 54572.8, 54580.8, 54588.8, 54596.8, 54604.8, 54612.8, 54620.8, 54628.8, 54636.8, 54644.8, 54652.8, 54660.8, 54668.8, 54676.8, 54684.8, 54692.8, 54700.8, 54708.8, 54716.8, 54724.8, 54732.8, 54740.8, 54748.8, 54756.8, 54764.8, 54772.8, 54780.8, 54788.8, 54796.8, 54804.8, 54812.8, 54820.8, 54828.8, 54836.8, 54844.8, 54852.8, 54860.8, 54868.8, 54876.8, 54884.8, 54892.8, 54900.8, 54908.8, 54916.8, 54924.8, 54932.8, 54940.8, 54948.8, 54956.8, 54964.8, 54972.8, 54980.8, 54988.8, 54996.8, 55004.8, 55012.8, 55020.8, 55028.8, 55036.8, 55044.8, 55052.8, 55060.8, 55068.8, 55076.8, 55084.8, 55092.8, 55100.8, 55108.8, 55116.8, 55124.8, 55132.8, 55140.8, 55148.8, 55156.8, 55164.8, 55172.8, 55180.8, 55188.8, 55196.8, 55204.8, 55212.8, 55220.8, 55228.8, 55236.8, 55244.8, 55252.8, 55260.8, 55268.8, 55276.8, 55283.8, 55286.8
55302.8, 55308.8, 55316.8, 55324.8, 55332.8, 55340.8, 55348.8, 55356.8, 55364.8, 55372.8, 55380.8, 55388.8, 55396.8, 55404.8, 55412.8, 55420.8, 55428.8, 55436.8, 55444.8, 55452.8, 55460.8, 55468.8, 55476.8, 55484.8, 55492.8, 55500.8, 55508.8, 55516.8, 55524.8, 55532.8, 55540.8, 55548.8, 55556.8, 55564.8, 55572.8, 55580.8, 55588.8, 55596.8, 55604.8, 55612.8, 55620.8, 55628.8, 55636.8, 55644.8, 55652.8, 55660.8, 55668.8, 55676.8, 55684.8, 55692.8, 55700.8, 55708.8, 55716.8, 55724.8, 55732.8, 55740.8, 55748.8, 55756.8, 55764.8, 55772.8, 55780.8, 55788.8, 55796.8, 55804.8, 55812.8, 55820.8, 55828.8, 55836.8, 55844.8, 55852.8, 55860.8, 55868.8, 55876.8, 55884.8, 55892.8, 55900.8, 55908.8, 55916.8, 55924.8, 55932.8, 55940.8, 55948.8, 55956.8, 55964.8, 55972.8, 55980.8, 55988.8, 55996.8, 56004.8, 56012.8, 56020.8, 56028.8, 56036.8, 56044.8, 56052.8, 56060.8, 56068.8, 56076.8, 56084.8, 56092.8, 56100.8, 56108.8, 56116.8, 56124.8, 56132.8, 56140.8, 56148.8, 56156.8, 56164.8, 56172.8, 56180.8, 56188.8, 56196.8, 56204.8, 56212.8, 56220.8, 56228.8, 56236.8, 56244.8, 56252.8, 56260.8, 56268.8, 56276.8, 56284.8, 56292.8, 56300.8, 56307.8, 56310.8
56326.8, 56332.8, 56340.8, 56348.8, 56356.8, 56364.8, 56372.8, 56380.8, 56388.8, 56396.8, 56404.8, 56412.8, 56420.8, 56428.8, 56436.8, 56444.8, 56452.8, 56460.8, 56468.8, 56476.8, 56484.8, 56492.8, 56500.8, 56508.8, 56516.8, 56524.8, 56532.8, 56540.8, 56548.8, 56556.8, 56564.8, 56572.8, 56580.8, 56588.8, 56596.8, 56604.8, 56612.8, 56620.8, 56628.8, 56636.8, 56644.8, 56652.8, 56660.8, 56668.8, 56676.8, 56684.8, 56692.8, 56700.8, 56708.8, 56716.8, 56724.8, 56732.8, 56740.8, 56748.8, 56756.8, 56764.8, 56772.8, 56780.8, 56788.8, 56796.8, 56804.8, 56812.8, 56820.8, 56828.8, 56836.8, 56844.8, 56852.8, 56860.8, 56868.8, 56876.8, 56884.8, 56892.8, 56900.8, 56908.8, 56916.8, 56924.8, 56932.8, 56940.8, 56948.8, 56956.8, 56964.8, 56972.8, 56980.8, 56988.8, 56996.8, 57004.8, 57012.8, 57020.8, 57028.8, 57036.8, 57044.8, 57052.8, 57060.8, 57068.8, 57076.8, 57084.8, 57092.8, 57100.8, 57108.8, 57116.8, 57124.8, 57132.8, 57140.8, 57148.8, 57156.8, 57164.8, 57172.8, 57180.8, 57188.8, 57196.8, 57204.8, 57212.8, 57220.8, 57228.8, 57236.8, 57244.8, 57252.8, 57260.8, 57268.8, 57276.8, 57284.8, 57292.8, 57300.8, 57308.8, 57316.8, 57324.8, 57331.8, 57334.8
57350.8, 57356.8, 57364.8, 57372.8, 57380.8, 57388.8, 57396.8, 57404.8, 57412.8, 57420.8, 57428.8, 57436.8, 57444.8, 57452.8, 57460.8, 57468.8, 57476.8, 57484.8, 57492.8, 57500.8, 57508.8, 57516.8, 57524.8, 57532.8, 57540.8, 57548.8, 57556.8, 57564.8, 57572.8, 57580.8, 57588.8, 57596.8, 57604.8, 57612.8, 57620.8, 57628.8, 57636.8, 57644.8, 57652.8, 57660.8, 57668.8, 57676.8, 57684.8, 57692.8, 57700.8, 57708.8, 57716.8, 57724.8, 57732.8, 57740.8, 57748.8, 57756.8, 57764.8, 57772.8, 57780.8, 57788.8, 57796.8, 57804.8, 57812.8, 57820.8, 57828.8, 57836.8, 57844.8, 57852.8, 57860.8, 57868.8, 57876.8, 57884.8, 57892.8, 57900.8, 57908.8, 57916.8, 57924.8, 57932.8, 57940.8, 57948.8, 57956.8, 57964.8, 57972.8, 57980.8, 57988.8, 57996.8, 58004.8, 58012.8, 58020.8, 58028.8, 58036.8, 58044.8, 58052.8, 58060.8, 58068.8, 58076.8, 58084.8, 58092.8, 58100.8, 58108.8, 58116.8, 58124.8, 58132.8, 58140.8, 58148.8, 58156.8, 58164.8, 58172.8, 58180.8, 58188.8, 58196.8, 58204.8, 58212.8, 58220.8, 58228.8, 58236.8, 58244.8, 58252.8, 58260.8, 58268.8, 58276.8, 58284.8, 58292.8, 58300.8, 58308.8, 58316.8, 58324.8, 58332.8, 58340.8, 58348.8, 58355.8, 58358.8
58374.8, 58380.8, 58388.8, 58396.8, 58404.8, 58412.8, 58420.8, 58428.8, 58436.8, 58444.8, 58452.8, 58460.8, 58468.8, 58476.8, 58484.8, 58492.8, 58500.8, 58508.8, 58516.8, 58524.8, 58532.8, 58540.8, 58548.8, 58556.8, 58564.8, 58572.8, 58580.8, 58588.8, 58596.8, 58604.8, 58612.8, 58620.8, 58628.8, 58636.8, 58644.8, 58652.8, 58660.8, 58668.8, 58676.8, 58684.8, 58692.8, 58700.8, 58708.8, 58716.8, 58724.8, 58732.8, 58740.8, 58748.8, 58756.8, 58764.8, 58772.8, 58780.8, 58788.8, 58796.8, 58804.8, 58812.8, 58820.8, 58828.8, 58836.8, 58844.8, 58852.8, 58860.8, 58868.8, 58876.8, 58884.8, 58892.8, 58900.8, 58908.8, 58916.8, 58924.8, 58932.8, 58940.8, 58948.8, 58956.8, 58964.8, 58972.8, 58980.8, 58988.8, 58996.8, 59004.8, 59012.8, 59020.8, 59028.8, 59036.8, 59044.8, 59052.8, 59060.8, 59068.8, 59076.8, 59084.8, 59092.8, 59100.8, 59108.8, 59116.8, 59124.8, 59132.8, 59140.8, 59148.8, 59156.8, 59164.8, 59172.8, 59180.8, 59188.8, 59196.8, 59204.8, 59212.8, 59220.8, 59228.8, 59236.8, 59244.8, 59252.8, 59260.8, 59268.8, 59276.8, 59284.8, 59292.8, 59300.8, 59308.8, 59316.8, 59324.8, 59332.8, 59340.8, 59348.8, 59356.8, 59364.8, 59372.8, 59379.8, 59382.8
59398.8, 59404.8, 59412.8, 59420.8, 59428.8, 59436.8, 59444.8, 59452.8, 59460.8, 59468.8, 59476.8, 59484.8, 59492.8, 59500.8, 59508.8, 59516.8, 59524.8, 59532.8, 59540.8, 59548.8, 59556.8, 59564.8, 59572.8, 59580.8, 59588.8, 59596.8, 59604.8, 59612.8, 59620.8, 59628.8, 59636.8, 59644.8, 59652.8, 59660.8, 59668.8, 59676.8, 59684.8, 59692.8, 59700.8, 59708.8, 59716.8, 59724.8, 59732.8, 59740.8, 59748.8, 59756.8, 59764.8, 59772.8, 59780.8, 59788.8, 59796.8, 59804.8, 59812.8, 59820.8, 59828.8, 59836.8, 59844.8, 59852.8, 59860.8, 59868.8, 59876.8, 59884.8, 59892.8, 59900.8, 59908.8, 59916.8, 59924.8, 59932.8, 59940.8, 59948.8, 59956.8, 59964.8, 59972.8, 59980.8, 59988.8, 59996.8, 60004.8, 60012.8, 60020.8, 60028.8, 60036.8, 60044.8, 60052.8, 60060.8, 60068.8, 60076.8, 60084.8, 60092.8, 60100.8, 60108.8, 60116.8, 60124.8, 60132.8, 60140.8, 60148.8, 60156.8, 60164.8, 60172.8, 60180.8, 60188.8, 60196.8, 60204.8, 60212.8, 60220.8, 60228.8, 60236.8, 60244.8, 60252.8, 60260.8, 60268.8, 60276.8, 60284.8, 60292.8, 60300.8, 60308.8, 60316.8, 60324.8, 60332.8, 60340.8, 60348.8, 60356.8, 60364.8, 60372.8, 60380.8, 60388.8, 60396.8, 60403.8, 60406.8
60422.8, 60428.8, 60436.8, 60444.8, 60452.8, 60460.8, 60468.8, 60476.8, 60484.8, 60492.8, 60500.8, 60508.8, 60516.8, 60524.8, 60532.8, 60540.8, 60548.8, 60556.8, 60564.8, 60572.8, 60580.8, 60588.8, 60596.8, 60604.8, 60612.8, 60620.8, 60628.8, 60636.8, 60644.8, 60652.8, 60660.8, 60668.8, 60676.8, 60684.8, 60692.8, 60700.8, 60708.8, 60716.8, 60724.8, 60732.8, 60740.8, 60748.8, 60756.8, 60764.8, 60772.8, 60780.8, 60788.8, 60796.8, 60804.8, 60812.8, 60820.8, 60828.8, 60836.8, 60844.8, 60852.8, 60860.8, 60868.8, 60876.8, 60884.8, 60892.8, 60900.8, 60908.8, 60916.8, 60924.8, 60932.8, 60940.8, 60948.8, 60956.8, 60964.8, 60972.8, 60980.8, 60988.8, 60996.8, 61004.8, 61012.8, 61020.8, 61028.8, 61036.8, 61044.8, 61052.8, 61060.8, 61068.8, 61076.8, 61084.8, 61092.8, 61100.8, 61108.8, 61116.8, 61124.8, 61132.8, 61140.8, 61148.8, 61156.8, 61164.8, 61172.8, 61180.8, 61188.8, 61196.8, 61204.8, 61212.8, 61220.8, 61228.8, 61236.8, 61244.8, 61252.8, 61260.8, 61268.8, 61276.8, 61284.8, 61292.8, 61300.8, 61308.8, 61316.8, 61324.8, 61332.8, 61340.8, 61348.8, 61356.8, 61364.8, 61372.8, 61380.8, 61388.8, 61396.8, 61404.8, 61412.8, 61420.8, 61427.8, 61430.8
61446.8, 61452.8, 61460.8, 61468.8, 61476.8, 61484.8, 61492.8, 61500.8, 61508.8, 61516.8, 61524.8, 61532.8, 61540.8, 61548.8, 61556.8, 61564.8, 61572.8, 61580.8, 61588.8, 61596.8, 61604.8, 61612.8, 61620.8, 61628.8, 61636.8, 61644.8, 61652.8, 61660.8, 61668.8, 61676.8, 61684.8, 61692.8, 61700.8, 61708.8, 61716.8, 61724.8, 61732.8, 61740.8, 61748.8, 61756.8, 61764.8, 61772.8, 61780.8, 61788.8, 61796.8, 61804.8, 61812.8, 61820.8, 61828.8, 61836.8, 61844.8, 61852.8, 61860.8, 61868.8, 61876.8, 61884.8, 61892.8, 61900.8, 61908.8, 61916.8, 61924.8, 61932.8, 61940.8, 61948.8, 61956.8, 61964.8, 61972.8, 61980.8, 61988.8, 61996.8, 62004.8, 62012.8, 62020.8, 62028.8, 62036.8, 62044.8, 62052.8, 62060.8, 62068.8, 62076.8, 62084.8, 62092.8, 62100.8, 62108.8, 62116.8, 62124.8, 62132.8, 62140.8, 62148.8, 62156.8, 62164.8, 62172.8, 62180.8, 62188.8, 62196.8, 62204.8, 62212.8, 62220.8, 62228.8, 62236.8, 62244.8, 62252.8, 62260.8, 62268.8, 62276.8, 62284.8, 62292.8, 62300.8, 62308.8, 62316.8, 62324.8, 62332.8, 62340.8, 62348.8, 62356.8, 62364.8, 62372.8, 62380.8, 62388.8, 62396.8, 62404.8, 62412.8, 62420.8, 62428.8, 62436.8, 62444.8, 62451.8, 62454.8
62470.8, 62476.8, 62484.8, 62492.8, 62500.8, 62508.8, 62516.8, 62524.8, 62532.8, 62540.8, 62548.8, 62556.8, 62564.8, 62572.8, 62580.8, 62588.8, 62596.8, 62604.8, 62612.8, 62620.8, 62628.8, 62636.8, 62644.8, 62652.8, 62660.8, 62668.8, 62676.8, 62684.8, 62692.8, 62700.8, 62708.8, 62716.8, 62724.8, 62732.8, 62740.8, 62748.8, 62756.8, 62764.8, 62772.8, 62780.8, 62788.8, 62796.8, 62804.8, 62812.8, 62820.8, 62828.8, 62836.8, 62844.8, 62852.8, 62860.8, 62868.8, 62876.8, 62884.8, 62892.8, 62900.8, 62908.8, 62916.8, 62924.8, 62932.8, 62940.8, 62948.8, 62956.8, 62964.8, 62972.8, 62980.8, 62988.8, 62996.8, 63004.8, 63012.8, 63020.8, 63028.8, 63036.8, 63044.8, 63052.8, 63060.8, 63068.8, 63076.8, 63084.8, 63092.8, 63100.8, 63108.8, 63116.8, 63124.8, 63132.8, 63140.8, 63148.8, 63156.8, 63164.8, 63172.8, 63180.8, 63188.8, 63196.8, 63204.8, 63212.8, 63220.8, 63228.8, 63236.8, 63244.8, 63252.8, 63260.8, 63268.8, 63276.8, 63284.8, 63292.8, 63300.8, 63308.8, 63316.8, 63324.8, 63332.8, 63340.8, 63348.8, 63356.8, 63364.8, 63372.8, 63380.8, 63388.8, 63396.8, 63404.8, 63412.8, 63420.8, 63428.8, 63436.8, 63444.8, 63452.8, 63460.8, 63468.8, 63475.8, 63478.8
63494.8, 63500.8, 63508.8, 63516.8, 63524.8, 63532.8, 63540.8, 63548.8, 63556.8, 63564.8, 63572.8, 63580.8, 63588.8, 63596.8, 63604.8, 63612.8, 63620.8, 63628.8, 63636.8, 63644.8, 63652.8, 63660.8, 63668.8, 63676.8, 63684.8, 63692.8, 63700.8, 63708.8, 63716.8, 63724.8, 63732.8, 63740.8, 63748.8, 63756.8, 63764.8, 63772.8, 63780.8, 63788.8, 63796.8, 63804.8, 63812.8, 63820.8, 63828.8, 63836.8, 63844.8, 63852.8, 63860.8, 63868.8, 63876.8, 63884.8, 63892.8, 63900.8, 63908.8, 63916.8, 63924.8, 63932.8, 63940.8, 63948.8, 63956.8, 63964.8, 63972.8, 63980.8, 63988.8, 63996.8, 64004.8, 64012.8, 64020.8, 64028.8, 64036.8, 64044.8, 64052.8, 64060.8, 64068.8, 64076.8, 64084.8, 64092.8, 64100.8, 64108.8, 64116.8, 64124.8, 64132.8, 64140.8, 64148.8, 64156.8, 64164.8, 64172.8, 64180.8, 64188.8, 64196.8, 64204.8, 64212.8, 64220.8, 64228.8, 64236.8, 64244.8, 64252.8, 64260.8, 64268.8, 64276.8, 64284.8, 64292.8, 64300.8, 64308.8, 64316.8, 64324.8, 64332.8, 64340.8, 64348.8, 64356.8, 64364.8, 64372.8, 64380.8, 64388.8, 64396.8, 64404.8, 64412.8, 64420.8, 64428.8, 64436.8, 64444.8, 64452.8, 64460.8, 64468.8, 64476.8, 64484.8, 64492.8, 64499.8, 64502.8
64518.8, 64524.8, 64532.8, 64540.8, 64548.8, 64556.8, 64564.8, 64572.8, 64580.8, 64588.8, 64596.8, 64604.8, 64612.8, 64620.8, 64628.8, 64636.8, 64644.8, 64652.8, 64660.8, 64668.8, 64676.8, 64684.8, 64692.8, 64700.8, 64708.8, 64716.8, 64724.8, 64732.8, 64740.8, 64748.8, 64756.8, 64764.8, 64772.8, 64780.8, 64788.8, 64796.8, 64804.8, 64812.8, 64820.8, 64828.8, 64836.8, 64844.8, 64852.8, 64860.8, 64868.8, 64876.8, 64884.8, 64892.8, 64900.8, 64908.8, 64916.8, 64924.8, 64932.8, 64940.8, 64948.8, 64956.8, 64964.8, 64972.8, 64980.8, 64988.8, 64996.8, 65004.8, 65012.8, 65020.8, 65028.8, 65036.8, 65044.8, 65052.8, 65060.8, 65068.8, 65076.8, 65084.8, 65092.8, 65100.8, 65108.8, 65116.8, 65124.8, 65132.8, 65140.8, 65148.8, 65156.8, 65164.8, 65172.8, 65180.8, 65188.8, 65196.8, 65204.8, 65212.8, 65220.8, 65228.8, 65236.8, 65244.8, 65252.8, 65260.8, 65268.8, 65276.8, 65284.8, 65292.8, 65300.8, 65308.8, 65316.8, 65324.8, 65332.8, 65340.8, 65348.8, 65356.8, 65364.8, 65372.8, 65380.8, 65388.8, 65396.8, 65404.8, 65412.8, 65420.8, 65428.8, 65436.8, 65444.8, 65452.8, 65460.8, 65468.8, 65476.8, 65484.8, 65492.8, 65500.8, 65508.8, 65516.8, 65523.8, 65526.8
