10.2, 30.2, 50.2, 70.2, 90.2, 110.2, 130.2, 150.2, 170.2, 190.2, 210.2, 230.2, 250.2, 270.2, 290.2, 310.2, 330.2, 350.2, 370.2, 390.2, 410.2, 430.2, 450.2, 470.2, 490.2, 510.2, 530.2, 550.2, 570.2, 590.2, 610.2, 630.2, 650.2, 670.2, 690.2, 710.2, 730.2, 750.2, 770.2, 790.2, 810.2, 830.2, 850.2, 870.2, 890.2, 910.2, 930.2, 950.2, 970.2, 990.2, 1010.2, 1030.2, 1050.2, 1070.2, 1090.2, 1110.2, 1130.2, 1150.2, 1170.2, 1190.2, 1210.2, 1230.2, 1250.2, 1270.2, 1290.2, 1310.2, 1330.2, 1350.2, 1370.2, 1390.2, 1410.2, 1430.2, 1450.2, 1470.2, 1490.2, 1510.2, 1530.2, 1550.2, 1570.2, 1590.2, 1610.2, 1630.2, 1650.2, 1670.2, 1690.2, 1710.2, 1730.2, 1750.2, 1770.2, 1790.2, 1810.2, 1830.2, 1850.2, 1870.2, 1890.2, 1910.2, 1930.2, 1950.2, 1970.2, 1990.2, 2010.2, 2030.2, 2050.2, 2070.2, 2090.2, 2110.2, 2130.2, 2150.2, 2170.2, 2190.2, 2210.2, 2230.2, 2250.2, 2270.2, 2290.2, 2310.2, 2330.2, 2350.2, 2370.2, 2390.2, 2410.2, 2430.2, 2450.2, 2470.2, 2490.2, 2510.2, 2530.2, 2540.2
2570.2, 2590.2, 2610.2, 2630.2, 2650.2, 2670.2, 2690.2, 2710.2, 2730.2, 2750.2, 2770.2, 2790.2, 2810.2, 2830.2, 2850.2, 2870.2, 2890.2, 2910.2, 2930.2, 2950.2, 2970.2, 2990.2, 3010.2, 3030.2, 3050.2, 3070.2, 3090.2, 3110.2, 3130.2, 3150.2, 3170.2, 3190.2, 3210.2, 3230.2, 3250.2, 3270.2, 3290.2, 3310.2, 3330.2, 3350.2, 3370.2, 3390.2, 3410.2, 3430.2, 3450.2, 3470.2, 3490.2, 3510.2, 3530.2, 3550.2, 3570.2, 3590.2, 3610.2, 3630.2, 3650.2, 3670.2, 3690.2, 3710.2, 3730.2, 3750.2, 3770.2, 3790.2, 3810.2, 3830.2, 3850.2, 3870.2, 3890.2, 3910.2, 3930.2, 3950.2, 3970.2, 3990.2, 4010.2, 4030.2, 4050.2, 4070.2, 4090.2, 4110.2, 4130.2, 4150.2, 4170.2, 4190.2, 4210.2, 4230.2, 4250.2, 4270.2, 4290.2, 4310.2, 4330.2, 4350.2, 4370.2, 4390.2, 4410.2, 4430.2, 4450.2, 4470.2, 4490.2, 4510.2, 4530.2, 4550.2, 4570.2, 4590.2, 4610.2, 4630.2, 4650.2, 4670.2, 4690.2, 4710.2, 4730.2, 4750.2, 4770.2, 4790.2, 4810.2, 4830.2, 4850.2, 4870.2, 4890.2, 4910.2, 4930.2, 4950.2, 4970.2, 4990.2, 5010.2, 5030.2, 5050.2, 5070.2, 5090.2, 5100.2
5130.2, 5150.2, 5170.2, 5190.2, 5210.2, 5230.2, 5250.2, 5270.2, 5290.2, 5310.2, 5330.2, 5350.2, 5370.2, 5390.2, 5410.2, 5430.2, 5450.2, 5470.2, 5490.2, 5510.2, 5530.2, 5550.2, 5570.2, 5590.2, 5610.2, 5630.2, 5650.2, 5670.2, 5690.2, 5710.2, 5730.2, 5750.2, 5770.2, 5790.2, 5810.2, 5830.2, 5850.2, 5870.2, 5890.2, 5910.2, 5930.2, 5950.2, 5970.2, 5990.2, 6010.2, 6030.2, 6050.2, 6070.2, 6090.2, 6110.2, 6130.2, 6150.2, 6170.2, 6190.2, 6210.2, 6230.2, 6250.2, 6270.2, 6290.2, 6310.2, 6330.2, 6350.2, 6370.2, 6390.2, 6410.2, 6430.2, 6450.2, 6470.2, 6490.2, 6510.2, 6530.2, 6550.2, 6570.2, 6590.2, 6610.2, 6630.2, 6650.2, 6670.2, 6690.2, 6710.2, 6730.2, 6750.2, 6770.2, 6790.2, 6810.2, 6830.2, 6850.2, 6870.2, 6890.2, 6910.2, 6930.2, 6950.2, 6970.2, 6990.2, 7010.2, 7030.2, 7050.2, 7070.2, 7090.2, 7110.2, 7130.2, 7150.2, 7170.2, 7190.2, 7210.2, 7230.2, 7250.2, 7270.2, 7290.2, 7310.2, 7330.2, 7350.2, 7370.2, 7390.2, 7410.2, 7430.2, 7450.2, 7470.2, 7490.2, 7510.2, 7530.2, 7550.2, 7570.2, 7590.2, 7610.2, 7630.2, 7650.2, 7660.2
7690.2, 7710.2, 7730.2, 7750.2, 7770.2, 7790.2, 7810.2, 7830.2, 7850.2, 7870.2, 7890.2, 7910.2, 7930.2, 7950.2, 7970.2, 7990.2, 8010.2, 8030.2, 8050.2, 8070.2, 8090.2, 8110.2, 8130.2, 8150.2, 8170.2, 8190.2, 8210.2, 8230.2, 8250.2, 8270.2, 8290.2, 8310.2, 8330.2, 8350.2, 8370.2, 8390.2, 8410.2, 8430.2, 8450.2, 8470.2, 8490.2, 8510.2, 8530.2, 8550.2, 8570.2, 8590.2, 8610.2, 8630.2, 8650.2, 8670.2, 8690.2, 8710.2, 8730.2, 8750.2, 8770.2, 8790.2, 8810.2, 8830.2, 8850.2, 8870.2, 8890.2, 8910.2, 8930.2, 8950.2, 8970.2, 8990.2, 9010.2, 9030.2, 9050.2, 9070.2, 9090.2, 9110.2, 9130.2, 9150.2, 9170.2, 9190.2, 9210.2, 9230.2, 9250.2, 9270.2, 9290.2, 9310.2, 9330.2, 9350.2, 9370.2, 9390.2, 9410.2, 9430.2, 9450.2, 9470.2, 9490.2, 9510.2, 9530.2, 9550.2, 9570.2, 9590.2, 9610.2, 9630.2, 9650.2, 9670.2, 9690.2, 9710.2, 9730.2, 9750.2, 9770.2, 9790.2, 9810.2, 9830.2, 9850.2, 9870.2, 9890.2, 9910.2, 9930.2, 9950.2, 9970.2, 9990.2, 10010.2, 10030.2, 10050.2, 10070.2, 10090.2, 10110.2, 10130.2, 10150.2, 10170.2, 10190.2, 10210.2, 10220.2
10250.2, 10270.2, 10290.2, 10310.2, 10330.2, 10350.2, 10370.2, 10390.2, 10410.2, 10430.2, 10450.2, 10470.2, 10490.2, 10510.2, 10530.2, 10550.2, 10570.2, 10590.2, 10610.2, 10630.2, 10650.2, 10670.2, 10690.2, 10710.2, 10730.2, 10750.2, 10770.2, 10790.2, 10810.2, 10830.2, 10850.2, 10870.2, 10890.2, 10910.2, 10930.2, 10950.2, 10970.2, 10990.2, 11010.2, 11030.2, 11050.2, 11070.2, 11090.2, 11110.2, 11130.2, 11150.2, 11170.2, 11190.2, 11210.2, 11230.2, 11250.2, 11270.2, 11290.2, 11310.2, 11330.2, 11350.2, 11370.2, 11390.2, 11410.2, 11430.2, 11450.2, 11470.2, 11490.2, 11510.2, 11530.2, 11550.2, 11570.2, 11590.2, 11610.2, 11630.2, 11650.2, 11670.2, 11690.2, 11710.2, 11730.2, 11750.2, 11770.2, 11790.2, 11810.2, 11830.2, 11850.2, 11870.2, 11890.2, 11910.2, 11930.2, 11950.2, 11970.2, 11990.2, 12010.2, 12030.2, 12050.2, 12070.2, 12090.2, 12110.2, 12130.2, 12150.2, 12170.2, 12190.2, 12210.2, 12230.2, 12250.2, 12270.2, 12290.2, 12310.2, 12330.2, 12350.2, 12370.2, 12390.2, 12410.2, 12430.2, 12450.2, 12470.2, 12490.2, 12510.2, 12530.2, 12550.2, 12570.2, 12590.2, 12610.2, 12630.2, 12650.2, 12670.2, 12690.2, 12710.2, 12730.2, 12750.2, 12770.2, 12780.2
12810.2, 12830.2, 12850.2, 12870.2, 12890.2, 12910.2, 12930.2, 12950.2, 12970.2, 12990.2, 13010.2, 13030.2, 13050.2, 13070.2, 13090.2, 13110.2, 13130.2, 13150.2, 13170.2, 13190.2, 13210.2, 13230.2, 13250.2, 13270.2, 13290.2, 13310.2, 13330.2, 13350.2, 13370.2, 13390.2, 13410.2, 13430.2, 13450.2, 13470.2, 13490.2, 13510.2, 13530.2, 13550.2, 13570.2, 13590.2, 13610.2, 13630.2, 13650.2, 13670.2, 13690.2, 13710.2, 13730.2, 13750.2, 13770.2, 13790.2, 13810.2, 13830.2, 13850.2, 13870.2, 13890.2, 13910.2, 13930.2, 13950.2, 13970.2, 13990.2, 14010.2, 14030.2, 14050.2, 14070.2, 14090.2, 14110.2, 14130.2, 14150.2, 14170.2, 14190.2, 14210.2, 14230.2, 14250.2, 14270.2, 14290.2, 14310.2, 14330.2, 14350.2, 14370.2, 14390.2, 14410.2, 14430.2, 14450.2, 14470.2, 14490.2, 14510.2, 14530.2, 14550.2, 14570.2, 14590.2, 14610.2, 14630.2, 14650.2, 14670.2, 14690.2, 14710.2, 14730.2, 14750.2, 14770.2, 14790.2, 14810.2, 14830.2, 14850.2, 14870.2, 14890.2, 14910.2, 14930.2, 14950.2, 14970.2, 14990.2, 15010.2, 15030.2, 15050.2, 15070.2, 15090.2, 15110.2, 15130.2, 15150.2, 15170.2, 15190.2, 15210.2, 15230.2, 15250.2, 15270.2, 15290.2, 15310.2, 15330.2, 15340.2
15370.2, 15390.2, 15410.2, 15430.2, 15450.2, 15470.2, 15490.2, 15510.2, 15530.2, 15550.2, 15570.2, 15590.2, 15610.2, 15630.2, 15650.2, 15670.2, 15690.2, 15710.2, 15730.2, 15750.2, 15770.2, 15790.2, 15810.2, 15830.2, 15850.2, 15870.2, 15890.2, 15910.2, 15930.2, 15950.2, 15970.2, 15990.2, 16010.2, 16030.2, 16050.2, 16070.2, 16090.2, 16110.2, 16130.2, 16150.2, 16170.2, 16190.2, 16210.2, 16230.2, 16250.2, 16270.2, 16290.2, 16310.2, 16330.2, 16350.2, 16370.2, 16390.2, 16410.2, 16430.2, 16450.2, 16470.2, 16490.2, 16510.2, 16530.2, 16550.2, 16570.2, 16590.2, 16610.2, 16630.2, 16650.2, 16670.2, 16690.2, 16710.2, 16730.2, 16750.2, 16770.2, 16790.2, 16810.2, 16830.2, 16850.2, 16870.2, 16890.2, 16910.2, 16930.2, 16950.2, 16970.2, 16990.2, 17010.2, 17030.2, 17050.2, 17070.2, 17090.2, 17110.2, 17130.2, 17150.2, 17170.2, 17190.2, 17210.2, 17230.2, 17250.2, 17270.2, 17290.2, 17310.2, 17330.2, 17350.2, 17370.2, 17390.2, 17410.2, 17430.2, 17450.2, 17470.2, 17490.2, 17510.2, 17530.2, 17550.2, 17570.2, 17590.2, 17610.2, 17630.2, 17650.2, 17670.2, 17690.2, 17710.2, 17730.2, 17750.2, 17770.2, 17790.2, 17810.2, 17830.2, 17850.2, 17870.2, 17890.2, 17900.2
17930.2, 17950.2, 17970.2, 17990.2, 18010.2, 18030.2, 18050.2, 18070.2, 18090.2, 18110.2, 18130.2, 18150.2, 18170.2, 18190.2, 18210.2, 18230.2, 18250.2, 18270.2, 18290.2, 18310.2, 18330.2, 18350.2, 18370.2, 18390.2, 18410.2, 18430.2, 18450.2, 18470.2, 18490.2, 18510.2, 18530.2, 18550.2, 18570.2, 18590.2, 18610.2, 18630.2, 18650.2, 18670.2, 18690.2, 18710.2, 18730.2, 18750.2, 18770.2, 18790.2, 18810.2, 18830.2, 18850.2, 18870.2, 18890.2, 18910.2, 18930.2, 18950.2, 18970.2, 18990.2, 19010.2, 19030.2, 19050.2, 19070.2, 19090.2, 19110.2, 19130.2, 19150.2, 19170.2, 19190.2, 19210.2, 19230.2, 19250.2, 19270.2, 19290.2, 19310.2, 19330.2, 19350.2, 19370.2, 19390.2, 19410.2, 19430.2, 19450.2, 19470.2, 19490.2, 19510.2, 19530.2, 19550.2, 19570.2, 19590.2, 19610.2, 19630.2, 19650.2, 19670.2, 19690.2, 19710.2, 19730.2, 19750.2, 19770.2, 19790.2, 19810.2, 19830.2, 19850.2, 19870.2, 19890.2, 19910.2, 19930.2, 19950.2, 19970.2, 19990.2, 20010.2, 20030.2, 20050.2, 20070.2, 20090.2, 20110.2, 20130.2, 20150.2, 20170.2, 20190.2, 20210.2, 20230.2, 20250.2, 20270.2, 20290.2, 20310.2, 20330.2, 20350.2, 20370.2, 20390.2, 20410.2, 20430.2, 20450.2, 20460.2
20490.2, 20510.2, 20530.2, 20550.2, 20570.2, 20590.2, 20610.2, 20630.2, 20650.2, 20670.2, 20690.2, 20710.2, 20730.2, 20750.2, 20770.2, 20790.2, 20810.2, 20830.2, 20850.2, 20870.2, 20890.2, 20910.2, 20930.2, 20950.2, 20970.2, 20990.2, 21010.2, 21030.2, 21050.2, 21070.2, 21090.2, 21110.2, 21130.2, 21150.2, 21170.2, 21190.2, 21210.2, 21230.2, 21250.2, 21270.2, 21290.2, 21310.2, 21330.2, 21350.2, 21370.2, 21390.2, 21410.2, 21430.2, 21450.2, 21470.2, 21490.2, 21510.2, 21530.2, 21550.2, 21570.2, 21590.2, 21610.2, 21630.2, 21650.2, 21670.2, 21690.2, 21710.2, 21730.2, 21750.2, 21770.2, 21790.2, 21810.2, 21830.2, 21850.2, 21870.2, 21890.2, 21910.2, 21930.2, 21950.2, 21970.2, 21990.2, 22010.2, 22030.2, 22050.2, 22070.2, 22090.2, 22110.2, 22130.2, 22150.2, 22170.2, 22190.2, 22210.2, 22230.2, 22250.2, 22270.2, 22290.2, 22310.2, 22330.2, 22350.2, 22370.2, 22390.2, 22410.2, 22430.2, 22450.2, 22470.2, 22490.2, 22510.2, 22530.2, 22550.2, 22570.2, 22590.2, 22610.2, 22630.2, 22650.2, 22670.2, 22690.2, 22710.2, 22730.2, 22750.2, 22770.2, 22790.2, 22810.2, 22830.2, 22850.2, 22870.2, 22890.2, 22910.2, 22930.2, 22950.2, 22970.2, 22990.2, 23010.2, 23020.2
23050.2, 23070.2, 23090.2, 23110.2, 23130.2, 23150.2, 23170.2, 23190.2, 23210.2, 23230.2, 23250.2, 23270.2, 23290.2, 23310.2, 23330.2, 23350.2, 23370.2, 23390.2, 23410.2, 23430.2, 23450.2, 23470.2, 23490.2, 23510.2, 23530.2, 23550.2, 23570.2, 23590.2, 23610.2, 23630.2, 23650.2, 23670.2, 23690.2, 23710.2, 23730.2, 23750.2, 23770.2, 23790.2, 23810.2, 23830.2, 23850.2, 23870.2, 23890.2, 23910.2, 23930.2, 23950.2, 23970.2, 23990.2, 24010.2, 24030.2, 24050.2, 24070.2, 24090.2, 24110.2, 24130.2, 24150.2, 24170.2, 24190.2, 24210.2, 24230.2, 24250.2, 24270.2, 24290.2, 24310.2, 24330.2, 24350.2, 24370.2, 24390.2, 24410.2, 24430.2, 24450.2, 24470.2, 24490.2, 24510.2, 24530.2, 24550.2, 24570.2, 24590.2, 24610.2, 24630.2, 24650.2, 24670.2, 24690.2, 24710.2, 24730.2, 24750.2, 24770.2, 24790.2, 24810.2, 24830.2, 24850.2, 24870.2, 24890.2, 24910.2, 24930.2, 24950.2, 24970.2, 24990.2, 25010.2, 25030.2, 25050.2, 25070.2, 25090.2, 25110.2, 25130.2, 25150.2, 25170.2, 25190.2, 25210.2, 25230.2, 25250.2, 25270.2, 25290.2, 25310.2, 25330.2, 25350.2, 25370.2, 25390.2, 25410.2, 25430.2, 25450.2, 25470.2, 25490.2, 25510.2, 25530.2, 25550.2, 25570.2, 25580.2
25610.2, 25630.2, 25650.2, 25670.2, 25690.2, 25710.2, 25730.2, 25750.2, 25770.2, 25790.2, 25810.2, 25830.2, 25850.2, 25870.2, 25890.2, 25910.2, 25930.2, 25950.2, 25970.2, 25990.2, 26010.2, 26030.2, 26050.2, 26070.2, 26090.2, 26110.2, 26130.2, 26150.2, 26170.2, 26190.2, 26210.2, 26230.2, 26250.2, 26270.2, 26290.2, 26310.2, 26330.2, 26350.2, 26370.2, 26390.2, 26410.2, 26430.2, 26450.2, 26470.2, 26490.2, 26510.2, 26530.2, 26550.2, 26570.2, 26590.2, 26610.2, 26630.2, 26650.2, 26670.2, 26690.2, 26710.2, 26730.2, 26750.2, 26770.2, 26790.2, 26810.2, 26830.2, 26850.2, 26870.2, 26890.2, 26910.2, 26930.2, 26950.2, 26970.2, 26990.2, 27010.2, 27030.2, 27050.2, 27070.2, 27090.2, 27110.2, 27130.2, 27150.2, 27170.2, 27190.2, 27210.2, 27230.2, 27250.2, 27270.2, 27290.2, 27310.2, 27330.2, 27350.2, 27370.2, 27390.2, 27410.2, 27430.2, 27450.2, 27470.2, 27490.2, 27510.2, 27530.2, 27550.2, 27570.2, 27590.2, 27610.2, 27630.2, 27650.2, 27670.2, 27690.2, 27710.2, 27730.2, 27750.2, 27770.2, 27790.2, 27810.2, 27830.2, 27850.2, 27870.2, 27890.2, 27910.2, 27930.2, 27950.2, 27970.2, 27990.2, 28010.2, 28030.2, 28050.2, 28070.2, 28090.2, 28110.2, 28130.2, 28140.2
28170.2, 28190.2, 28210.2, 28230.2, 28250.2, 28270.2, 28290.2, 28310.2, 28330.2, 28350.2, 28370.2, 28390.2, 28410.2, 28430.2, 28450.2, 28470.2, 28490.2, 28510.2, 28530.2, 28550.2, 28570.2, 28590.2, 28610.2, 28630.2, 28650.2, 28670.2, 28690.2, 28710.2, 28730.2, 28750.2, 28770.2, 28790.2, 28810.2, 28830.2, 28850.2, 28870.2, 28890.2, 28910.2, 28930.2, 28950.2, 28970.2, 28990.2, 29010.2, 29030.2, 29050.2, 29070.2, 29090.2, 29110.2, 29130.2, 29150.2, 29170.2, 29190.2, 29210.2, 29230.2, 29250.2, 29270.2, 29290.2, 29310.2, 29330.2, 29350.2, 29370.2, 29390.2, 29410.2, 29430.2, 29450.2, 29470.2, 29490.2, 29510.2, 29530.2, 29550.2, 29570.2, 29590.2, 29610.2, 29630.2, 29650.2, 29670.2, 29690.2, 29710.2, 29730.2, 29750.2, 29770.2, 29790.2, 29810.2, 29830.2, 29850.2, 29870.2, 29890.2, 29910.2, 29930.2, 29950.2, 29970.2, 29990.2, 30010.2, 30030.2, 30050.2, 30070.2, 30090.2, 30110.2, 30130.2, 30150.2, 30170.2, 30190.2, 30210.2, 30230.2, 30250.2, 30270.2, 30290.2, 30310.2, 30330.2, 30350.2, 30370.2, 30390.2, 30410.2, 30430.2, 30450.2, 30470.2, 30490.2, 30510.2, 30530.2, 30550.2, 30570.2, 30590.2, 30610.2, 30630.2, 30650.2, 30670.2, 30690.2, 30700.2
30730.2, 30750.2, 30770.2, 30790.2, 30810.2, 30830.2, 30850.2, 30870.2, 30890.2, 30910.2, 30930.2, 30950.2, 30970.2, 30990.2, 31010.2, 31030.2, 31050.2, 31070.2, 31090.2, 31110.2, 31130.2, 31150.2, 31170.2, 31190.2, 31210.2, 31230.2, 31250.2, 31270.2, 31290.2, 31310.2, 31330.2, 31350.2, 31370.2, 31390.2, 31410.2, 31430.2, 31450.2, 31470.2, 31490.2, 31510.2, 31530.2, 31550.2, 31570.2, 31590.2, 31610.2, 31630.2, 31650.2, 31670.2, 31690.2, 31710.2, 31730.2, 31750.2, 31770.2, 31790.2, 31810.2, 31830.2, 31850.2, 31870.2, 31890.2, 31910.2, 31930.2, 31950.2, 31970.2, 31990.2, 32010.2, 32030.2, 32050.2, 32070.2, 32090.2, 32110.2, 32130.2, 32150.2, 32170.2, 32190.2, 32210.2, 32230.2, 32250.2, 32270.2, 32290.2, 32310.2, 32330.2, 32350.2, 32370.2, 32390.2, 32410.2, 32430.2, 32450.2, 32470.2, 32490.2, 32510.2, 32530.2, 32550.2, 32570.2, 32590.2, 32610.2, 32630.2, 32650.2, 32670.2, 32690.2, 32710.2, 32730.2, 32750.2, 32770.2, 32790.2, 32810.2, 32830.2, 32850.2, 32870.2, 32890.2, 32910.2, 32930.2, 32950.2, 32970.2, 32990.2, 33010.2, 33030.2, 33050.2, 33070.2, 33090.2, 33110.2, 33130.2, 33150.2, 33170.2, 33190.2, 33210.2, 33230.2, 33250.2, 33260.2
33290.2, 33310.2, 33330.2, 33350.2, 33370.2, 33390.2, 33410.2, 33430.2, 33450.2, 33470.2, 33490.2, 33510.2, 33530.2, 33550.2, 33570.2, 33590.2, 33610.2, 33630.2, 33650.2, 33670.2, 33690.2, 33710.2, 33730.2, 33750.2, 33770.2, 33790.2, 33810.2, 33830.2, 33850.2, 33870.2, 33890.2, 33910.2, 33930.2, 33950.2, 33970.2, 33990.2, 34010.2, 34030.2, 34050.2, 34070.2, 34090.2, 34110.2, 34130.2, 34150.2, 34170.2, 34190.2, 34210.2, 34230.2, 34250.2, 34270.2, 34290.2, 34310.2, 34330.2, 34350.2, 34370.2, 34390.2, 34410.2, 34430.2, 34450.2, 34470.2, 34490.2, 34510.2, 34530.2, 34550.2, 34570.2, 34590.2, 34610.2, 34630.2, 34650.2, 34670.2, 34690.2, 34710.2, 34730.2, 34750.2, 34770.2, 34790.2, 34810.2, 34830.2, 34850.2, 34870.2, 34890.2, 34910.2, 34930.2, 34950.2, 34970.2, 34990.2, 35010.2, 35030.2, 35050.2, 35070.2, 35090.2, 35110.2, 35130.2, 35150.2, 35170.2, 35190.2, 35210.2, 35230.2, 35250.2, 35270.2, 35290.2, 35310.2, 35330.2, 35350.2, 35370.2, 35390.2, 35410.2, 35430.2, 35450.2, 35470.2, 35490.2, 35510.2, 35530.2, 35550.2, 35570.2, 35590.2, 35610.2, 35630.2, 35650.2, 35670.2, 35690.2, 35710.2, 35730.2, 35750.2, 35770.2, 35790.2, 35810.2, 35820.2
35850.2, 35870.2, 35890.2, 35910.2, 35930.2, 35950.2, 35970.2, 35990.2, 36010.2, 36030.2, 36050.2, 36070.2, 36090.2, 36110.2, 36130.2, 36150.2, 36170.2, 36190.2, 36210.2, 36230.2, 36250.2, 36270.2, 36290.2, 36310.2, 36330.2, 36350.2, 36370.2, 36390.2, 36410.2, 36430.2, 36450.2, 36470.2, 36490.2, 36510.2, 36530.2, 36550.2, 36570.2, 36590.2, 36610.2, 36630.2, 36650.2, 36670.2, 36690.2, 36710.2, 36730.2, 36750.2, 36770.2, 36790.2, 36810.2, 36830.2, 36850.2, 36870.2, 36890.2, 36910.2, 36930.2, 36950.2, 36970.2, 36990.2, 37010.2, 37030.2, 37050.2, 37070.2, 37090.2, 37110.2, 37130.2, 37150.2, 37170.2, 37190.2, 37210.2, 37230.2, 37250.2, 37270.2, 37290.2, 37310.2, 37330.2, 37350.2, 37370.2, 37390.2, 37410.2, 37430.2, 37450.2, 37470.2, 37490.2, 37510.2, 37530.2, 37550.2, 37570.2, 37590.2, 37610.2, 37630.2, 37650.2, 37670.2, 37690.2, 37710.2, 37730.2, 37750.2, 37770.2, 37790.2, 37810.2, 37830.2, 37850.2, 37870.2, 37890.2, 37910.2, 37930.2, 37950.2, 37970.2, 37990.2, 38010.2, 38030.2, 38050.2, 38070.2, 38090.2, 38110.2, 38130.2, 38150.2, 38170.2, 38190.2, 38210.2, 38230.2, 38250.2, 38270.2, 38290.2, 38310.2, 38330.2, 38350.2, 38370.2, 38380.2
38410.2, 38430.2, 38450.2, 38470.2, 38490.2, 38510.2, 38530.2, 38550.2, 38570.2, 38590.2, 38610.2, 38630.2, 38650.2, 38670.2, 38690.2, 38710.2, 38730.2, 38750.2, 38770.2, 38790.2, 38810.2, 38830.2, 38850.2, 38870.2, 38890.2, 38910.2, 38930.2, 38950.2, 38970.2, 38990.2, 39010.2, 39030.2, 39050.2, 39070.2, 39090.2, 39110.2, 39130.2, 39150.2, 39170.2, 39190.2, 39210.2, 39230.2, 39250.2, 39270.2, 39290.2, 39310.2, 39330.2, 39350.2, 39370.2, 39390.2, 39410.2, 39430.2, 39450.2, 39470.2, 39490.2, 39510.2, 39530.2, 39550.2, 39570.2, 39590.2, 39610.2, 39630.2, 39650.2, 39670.2, 39690.2, 39710.2, 39730.2, 39750.2, 39770.2, 39790.2, 39810.2, 39830.2, 39850.2, 39870.2, 39890.2, 39910.2, 39930.2, 39950.2, 39970.2, 39990.2, 40010.2, 40030.2, 40050.2, 40070.2, 40090.2, 40110.2, 40130.2, 40150.2, 40170.2, 40190.2, 40210.2, 40230.2, 40250.2, 40270.2, 40290.2, 40310.2, 40330.2, 40350.2, 40370.2, 40390.2, 40410.2, 40430.2, 40450.2, 40470.2, 40490.2, 40510.2, 40530.2, 40550.2, 40570.2, 40590.2, 40610.2, 40630.2, 40650.2, 40670.2, 40690.2, 40710.2, 40730.2, 40750.2, 40770.2, 40790.2, 40810.2, 40830.2, 40850.2, 40870.2, 40890.2, 40910.2, 40930.2, 40940.2
40970.2, 40990.2, 41010.2, 41030.2, 41050.2, 41070.2, 41090.2, 41110.2, 41130.2, 41150.2, 41170.2, 41190.2, 41210.2, 41230.2, 41250.2, 41270.2, 41290.2, 41310.2, 41330.2, 41350.2, 41370.2, 41390.2, 41410.2, 41430.2, 41450.2, 41470.2, 41490.2, 41510.2, 41530.2, 41550.2, 41570.2, 41590.2, 41610.2, 41630.2, 41650.2, 41670.2, 41690.2, 41710.2, 41730.2, 41750.2, 41770.2, 41790.2, 41810.2, 41830.2, 41850.2, 41870.2, 41890.2, 41910.2, 41930.2, 41950.2, 41970.2, 41990.2, 42010.2, 42030.2, 42050.2, 42070.2, 42090.2, 42110.2, 42130.2, 42150.2, 42170.2, 42190.2, 42210.2, 42230.2, 42250.2, 42270.2, 42290.2, 42310.2, 42330.2, 42350.2, 42370.2, 42390.2, 42410.2, 42430.2, 42450.2, 42470.2, 42490.2, 42510.2, 42530.2, 42550.2, 42570.2, 42590.2, 42610.2, 42630.2, 42650.2, 42670.2, 42690.2, 42710.2, 42730.2, 42750.2, 42770.2, 42790.2, 42810.2, 42830.2, 42850.2, 42870.2, 42890.2, 42910.2, 42930.2, 42950.2, 42970.2, 42990.2, 43010.2, 43030.2, 43050.2, 43070.2, 43090.2, 43110.2, 43130.2, 43150.2, 43170.2, 43190.2, 43210.2, 43230.2, 43250.2, 43270.2, 43290.2, 43310.2, 43330.2, 43350.2, 43370.2, 43390.2, 43410.2, 43430.2, 43450.2, 43470.2, 43490.2, 43500.2
43530.2, 43550.2, 43570.2, 43590.2, 43610.2, 43630.2, 43650.2, 43670.2, 43690.2, 43710.2, 43730.2, 43750.2, 43770.2, 43790.2, 43810.2, 43830.2, 43850.2, 43870.2, 43890.2, 43910.2, 43930.2, 43950.2, 43970.2, 43990.2, 44010.2, 44030.2, 44050.2, 44070.2, 44090.2, 44110.2, 44130.2, 44150.2, 44170.2, 44190.2, 44210.2, 44230.2, 44250.2, 44270.2, 44290.2, 44310.2, 44330.2, 44350.2, 44370.2, 44390.2, 44410.2, 44430.2, 44450.2, 44470.2, 44490.2, 44510.2, 44530.2, 44550.2, 44570.2, 44590.2, 44610.2, 44630.2, 44650.2, 44670.2, 44690.2, 44710.2, 44730.2, 44750.2, 44770.2, 44790.2, 44810.2, 44830.2, 44850.2, 44870.2, 44890.2, 44910.2, 44930.2, 44950.2, 44970.2, 44990.2, 45010.2, 45030.2, 45050.2, 45070.2, 45090.2, 45110.2, 45130.2, 45150.2, 45170.2, 45190.2, 45210.2, 45230.2, 45250.2, 45270.2, 45290.2, 45310.2, 45330.2, 45350.2, 45370.2, 45390.2, 45410.2, 45430.2, 45450.2, 45470.2, 45490.2, 45510.2, 45530.2, 45550.2, 45570.2, 45590.2, 45610.2, 45630.2, 45650.2, 45670.2, 45690.2, 45710.2, 45730.2, 45750.2, 45770.2, 45790.2, 45810.2, 45830.2, 45850.2, 45870.2, 45890.2, 45910.2, 45930.2, 45950.2, 45970.2, 45990.2, 46010.2, 46030.2, 46050.2, 46060.2
46090.2, 46110.2, 46130.2, 46150.2, 46170.2, 46190.2, 46210.2, 46230.2, 46250.2, 46270.2, 46290.2, 46310.2, 46330.2, 46350.2, 46370.2, 46390.2, 46410.2, 46430.2, 46450.2, 46470.2, 46490.2, 46510.2, 46530.2, 46550.2, 46570.2, 46590.2, 46610.2, 46630.2, 46650.2, 46670.2, 46690.2, 46710.2, 46730.2, 46750.2, 46770.2, 46790.2, 46810.2, 46830.2, 46850.2, 46870.2, 46890.2, 46910.2, 46930.2, 46950.2, 46970.2, 46990.2, 47010.2, 47030.2, 47050.2, 47070.2, 47090.2, 47110.2, 47130.2, 47150.2, 47170.2, 47190.2, 47210.2, 47230.2, 47250.2, 47270.2, 47290.2, 47310.2, 47330.2, 47350.2, 47370.2, 47390.2, 47410.2, 47430.2, 47450.2, 47470.2, 47490.2, 47510.2, 47530.2, 47550.2, 47570.2, 47590.2, 47610.2, 47630.2, 47650.2, 47670.2, 47690.2, 47710.2, 47730.2, 47750.2, 47770.2, 47790.2, 47810.2, 47830.2, 47850.2, 47870.2, 47890.2, 47910.2, 47930.2, 47950.2, 47970.2, 47990.2, 48010.2, 48030.2, 48050.2, 48070.2, 48090.2, 48110.2, 48130.2, 48150.2, 48170.2, 48190.2, 48210.2, 48230.2, 48250.2, 48270.2, 48290.2, 48310.2, 48330.2, 48350.2, 48370.2, 48390.2, 48410.2, 48430.2, 48450.2, 48470.2, 48490.2, 48510.2, 48530.2, 48550.2, 48570.2, 48590.2, 48610.2, 48620.2
48650.2, 48670.2, 48690.2, 48710.2, 48730.2, 48750.2, 48770.2, 48790.2, 48810.2, 48830.2, 48850.2, 48870.2, 48890.2, 48910.2, 48930.2, 48950.2, 48970.2, 48990.2, 49010.2, 49030.2, 49050.2, 49070.2, 49090.2, 49110.2, 49130.2, 49150.2, 49170.2, 49190.2, 49210.2, 49230.2, 49250.2, 49270.2, 49290.2, 49310.2, 49330.2, 49350.2, 49370.2, 49390.2, 49410.2, 49430.2, 49450.2, 49470.2, 49490.2, 49510.2, 49530.2, 49550.2, 49570.2, 49590.2, 49610.2, 49630.2, 49650.2, 49670.2, 49690.2, 49710.2, 49730.2, 49750.2, 49770.2, 49790.2, 49810.2, 49830.2, 49850.2, 49870.2, 49890.2, 49910.2, 49930.2, 49950.2, 49970.2, 49990.2, 50010.2, 50030.2, 50050.2, 50070.2, 50090.2, 50110.2, 50130.2, 50150.2, 50170.2, 50190.2, 50210.2, 50230.2, 50250.2, 50270.2, 50290.2, 50310.2, 50330.2, 50350.2, 50370.2, 50390.2, 50410.2, 50430.2, 50450.2, 50470.2, 50490.2, 50510.2, 50530.2, 50550.2, 50570.2, 50590.2, 50610.2, 50630.2, 50650.2, 50670.2, 50690.2, 50710.2, 50730.2, 50750.2, 50770.2, 50790.2, 50810.2, 50830.2, 50850.2, 50870.2, 50890.2, 50910.2, 50930.2, 50950.2, 50970.2, 50990.2, 51010.2, 51030.2, 51050.2, 51070.2, 51090.2, 51110.2, 51130.2, 51150.2, 51170.2, 51180.2
51210.2, 51230.2, 51250.2, 51270.2, 51290.2, 51310.2, 51330.2, 51350.2, 51370.2, 51390.2, 51410.2, 51430.2, 51450.2, 51470.2, 51490.2, 51510.2, 51530.2, 51550.2, 51570.2, 51590.2, 51610.2, 51630.2, 51650.2, 51670.2, 51690.2, 51710.2, 51730.2, 51750.2, 51770.2, 51790.2, 51810.2, 51830.2, 51850.2, 51870.2, 51890.2, 51910.2, 51930.2, 51950.2, 51970.2, 51990.2, 52010.2, 52030.2, 52050.2, 52070.2, 52090.2, 52110.2, 52130.2, 52150.2, 52170.2, 52190.2, 52210.2, 52230.2, 52250.2, 52270.2, 52290.2, 52310.2, 52330.2, 52350.2, 52370.2, 52390.2, 52410.2, 52430.2, 52450.2, 52470.2, 52490.2, 52510.2, 52530.2, 52550.2, 52570.2, 52590.2, 52610.2, 52630.2, 52650.2, 52670.2, 52690.2, 52710.2, 52730.2, 52750.2, 52770.2, 52790.2, 52810.2, 52830.2, 52850.2, 52870.2, 52890.2, 52910.2, 52930.2, 52950.2, 52970.2, 52990.2, 53010.2, 53030.2, 53050.2, 53070.2, 53090.2, 53110.2, 53130.2, 53150.2, 53170.2, 53190.2, 53210.2, 53230.2, 53250.2, 53270.2, 53290.2, 53310.2, 53330.2, 53350.2, 53370.2, 53390.2, 53410.2, 53430.2, 53450.2, 53470.2, 53490.2, 53510.2, 53530.2, 53550.2, 53570.2, 53590.2, 53610.2, 53630.2, 53650.2, 53670.2, 53690.2, 53710.2, 53730.2, 53740.2
53770.2, 53790.2, 53810.2, 53830.2, 53850.2, 53870.2, 53890.2, 53910.2, 53930.2, 53950.2, 53970.2, 53990.2, 54010.2, 54030.2, 54050.2, 54070.2, 54090.2, 54110.2, 54130.2, 54150.2, 54170.2, 54190.2, 54210.2, 54230.2, 54250.2, 54270.2, 54290.2, 54310.2, 54330.2, 54350.2, 54370.2, 54390.2, 54410.2, 54430.2, 54450.2, 54470.2, 54490.2, 54510.2, 54530.2, 54550.2, 54570.2, 54590.2, 54610.2, 54630.2, 54650.2, 54670.2, 54690.2, 54710.2, 54730.2, 54750.2, 54770.2, 54790.2, 54810.2, 54830.2, 54850.2, 54870.2, 54890.2, 54910.2, 54930.2, 54950.2, 54970.2, 54990.2, 55010.2, 55030.2, 55050.2, 55070.2, 55090.2, 55110.2, 55130.2, 55150.2, 55170.2, 55190.2, 55210.2, 55230.2, 55250.2, 55270.2, 55290.2, 55310.2, 55330.2, 55350.2, 55370.2, 55390.2, 55410.2, 55430.2, 55450.2, 55470.2, 55490.2, 55510.2, 55530.2, 55550.2, 55570.2, 55590.2, 55610.2, 55630.2, 55650.2, 55670.2, 55690.2, 55710.2, 55730.2, 55750.2, 55770.2, 55790.2, 55810.2, 55830.2, 55850.2, 55870.2, 55890.2, 55910.2, 55930.2, 55950.2, 55970.2, 55990.2, 56010.2, 56030.2, 56050.2, 56070.2, 56090.2, 56110.2, 56130.2, 56150.2, 56170.2, 56190.2, 56210.2, 56230.2, 56250.2, 56270.2, 56290.2, 56300.2
56330.2, 56350.2, 56370.2, 56390.2, 56410.2, 56430.2, 56450.2, 56470.2, 56490.2, 56510.2, 56530.2, 56550.2, 56570.2, 56590.2, 56610.2, 56630.2, 56650.2, 56670.2, 56690.2, 56710.2, 56730.2, 56750.2, 56770.2, 56790.2, 56810.2, 56830.2, 56850.2, 56870.2, 56890.2, 56910.2, 56930.2, 56950.2, 56970.2, 56990.2, 57010.2, 57030.2, 57050.2, 57070.2, 57090.2, 57110.2, 57130.2, 57150.2, 57170.2, 57190.2, 57210.2, 57230.2, 57250.2, 57270.2, 57290.2, 57310.2, 57330.2, 57350.2, 57370.2, 57390.2, 57410.2, 57430.2, 57450.2, 57470.2, 57490.2, 57510.2, 57530.2, 57550.2, 57570.2, 57590.2, 57610.2, 57630.2, 57650.2, 57670.2, 57690.2, 57710.2, 57730.2, 57750.2, 57770.2, 57790.2, 57810.2, 57830.2, 57850.2, 57870.2, 57890.2, 57910.2, 57930.2, 57950.2, 57970.2, 57990.2, 58010.2, 58030.2, 58050.2, 58070.2, 58090.2, 58110.2, 58130.2, 58150.2, 58170.2, 58190.2, 58210.2, 58230.2, 58250.2, 58270.2, 58290.2, 58310.2, 58330.2, 58350.2, 58370.2, 58390.2, 58410.2, 58430.2, 58450.2, 58470.2, 58490.2, 58510.2, 58530.2, 58550.2, 58570.2, 58590.2, 58610.2, 58630.2, 58650.2, 58670.2, 58690.2, 58710.2, 58730.2, 58750.2, 58770.2, 58790.2, 58810.2, 58830.2, 58850.2, 58860.2
58890.2, 58910.2, 58930.2, 58950.2, 58970.2, 58990.2, 59010.2, 59030.2, 59050.2, 59070.2, 59090.2, 59110.2, 59130.2, 59150.2, 59170.2, 59190.2, 59210.2, 59230.2, 59250.2, 59270.2, 59290.2, 59310.2, 59330.2, 59350.2, 59370.2, 59390.2, 59410.2, 59430.2, 59450.2, 59470.2, 59490.2, 59510.2, 59530.2, 59550.2, 59570.2, 59590.2, 59610.2, 59630.2, 59650.2, 59670.2, 59690.2, 59710.2, 59730.2, 59750.2, 59770.2, 59790.2, 59810.2, 59830.2, 59850.2, 59870.2, 59890.2, 59910.2, 59930.2, 59950.2, 59970.2, 59990.2, 60010.2, 60030.2, 60050.2, 60070.2, 60090.2, 60110.2, 60130.2, 60150.2, 60170.2, 60190.2, 60210.2, 60230.2, 60250.2, 60270.2, 60290.2, 60310.2, 60330.2, 60350.2, 60370.2, 60390.2, 60410.2, 60430.2, 60450.2, 60470.2, 60490.2, 60510.2, 60530.2, 60550.2, 60570.2, 60590.2, 60610.2, 60630.2, 60650.2, 60670.2, 60690.2, 60710.2, 60730.2, 60750.2, 60770.2, 60790.2, 60810.2, 60830.2, 60850.2, 60870.2, 60890.2, 60910.2, 60930.2, 60950.2, 60970.2, 60990.2, 61010.2, 61030.2, 61050.2, 61070.2, 61090.2, 61110.2, 61130.2, 61150.2, 61170.2, 61190.2, 61210.2, 61230.2, 61250.2, 61270.2, 61290.2, 61310.2, 61330.2, 61350.2, 61370.2, 61390.2, 61410.2, 61420.2
61450.2, 61470.2, 61490.2, 61510.2, 61530.2, 61550.2, 61570.2, 61590.2, 61610.2, 61630.2, 61650.2, 61670.2, 61690.2, 61710.2, 61730.2, 61750.2, 61770.2, 61790.2, 61810.2, 61830.2, 61850.2, 61870.2, 61890.2, 61910.2, 61930.2, 61950.2, 61970.2, 61990.2, 62010.2, 62030.2, 62050.2, 62070.2, 62090.2, 62110.2, 62130.2, 62150.2, 62170.2, 62190.2, 62210.2, 62230.2, 62250.2, 62270.2, 62290.2, 62310.2, 62330.2, 62350.2, 62370.2, 62390.2, 62410.2, 62430.2, 62450.2, 62470.2, 62490.2, 62510.2, 62530.2, 62550.2, 62570.2, 62590.2, 62610.2, 62630.2, 62650.2, 62670.2, 62690.2, 62710.2, 62730.2, 62750.2, 62770.2, 62790.2, 62810.2, 62830.2, 62850.2, 62870.2, 62890.2, 62910.2, 62930.2, 62950.2, 62970.2, 62990.2, 63010.2, 63030.2, 63050.2, 63070.2, 63090.2, 63110.2, 63130.2, 63150.2, 63170.2, 63190.2, 63210.2, 63230.2, 63250.2, 63270.2, 63290.2, 63310.2, 63330.2, 63350.2, 63370.2, 63390.2, 63410.2, 63430.2, 63450.2, 63470.2, 63490.2, 63510.2, 63530.2, 63550.2, 63570.2, 63590.2, 63610.2, 63630.2, 63650.2, 63670.2, 63690.2, 63710.2, 63730.2, 63750.2, 63770.2, 63790.2, 63810.2, 63830.2, 63850.2, 63870.2, 63890.2, 63910.2, 63930.2, 63950.2, 63970.2, 63980.2
64010.2, 64030.2, 64050.2, 64070.2, 64090.2, 64110.2, 64130.2, 64150.2, 64170.2, 64190.2, 64210.2, 64230.2, 64250.2, 64270.2, 64290.2, 64310.2, 64330.2, 64350.2, 64370.2, 64390.2, 64410.2, 64430.2, 64450.2, 64470.2, 64490.2, 64510.2, 64530.2, 64550.2, 64570.2, 64590.2, 64610.2, 64630.2, 64650.2, 64670.2, 64690.2, 64710.2, 64730.2, 64750.2, 64770.2, 64790.2, 64810.2, 64830.2, 64850.2, 64870.2, 64890.2, 64910.2, 64930.2, 64950.2, 64970.2, 64990.2, 65010.2, 65030.2, 65050.2, 65070.2, 65090.2, 65110.2, 65130.2, 65150.2, 65170.2, 65190.2, 65210.2, 65230.2, 65250.2, 65270.2, 65290.2, 65310.2, 65330.2, 65350.2, 65370.2, 65390.2, 65410.2, 65430.2, 65450.2, 65470.2, 65490.2, 65510.2, 65530.2, 65550.2, 65570.2, 65590.2, 65610.2, 65630.2, 65650.2, 65670.2, 65690.2, 65710.2, 65730.2, 65750.2, 65770.2, 65790.2, 65810.2, 65830.2, 65850.2, 65870.2, 65890.2, 65910.2, 65930.2, 65950.2, 65970.2, 65990.2, 66010.2, 66030.2, 66050.2, 66070.2, 66090.2, 66110.2, 66130.2, 66150.2, 66170.2, 66190.2, 66210.2, 66230.2, 66250.2, 66270.2, 66290.2, 66310.2, 66330.2, 66350.2, 66370.2, 66390.2, 66410.2, 66430.2, 66450.2, 66470.2, 66490.2, 66510.2, 66530.2, 66540.2
66570.2, 66590.2, 66610.2, 66630.2, 66650.2, 66670.2, 66690.2, 66710.2, 66730.2, 66750.2, 66770.2, 66790.2, 66810.2, 66830.2, 66850.2, 66870.2, 66890.2, 66910.2, 66930.2, 66950.2, 66970.2, 66990.2, 67010.2, 67030.2, 67050.2, 67070.2, 67090.2, 67110.2, 67130.2, 67150.2, 67170.2, 67190.2, 67210.2, 67230.2, 67250.2, 67270.2, 67290.2, 67310.2, 67330.2, 67350.2, 67370.2, 67390.2, 67410.2, 67430.2, 67450.2, 67470.2, 67490.2, 67510.2, 67530.2, 67550.2, 67570.2, 67590.2, 67610.2, 67630.2, 67650.2, 67670.2, 67690.2, 67710.2, 67730.2, 67750.2, 67770.2, 67790.2, 67810.2, 67830.2, 67850.2, 67870.2, 67890.2, 67910.2, 67930.2, 67950.2, 67970.2, 67990.2, 68010.2, 68030.2, 68050.2, 68070.2, 68090.2, 68110.2, 68130.2, 68150.2, 68170.2, 68190.2, 68210.2, 68230.2, 68250.2, 68270.2, 68290.2, 68310.2, 68330.2, 68350.2, 68370.2, 68390.2, 68410.2, 68430.2, 68450.2, 68470.2, 68490.2, 68510.2, 68530.2, 68550.2, 68570.2, 68590.2, 68610.2, 68630.2, 68650.2, 68670.2, 68690.2, 68710.2, 68730.2, 68750.2, 68770.2, 68790.2, 68810.2, 68830.2, 68850.2, 68870.2, 68890.2, 68910.2, 68930.2, 68950.2, 68970.2, 68990.2, 69010.2, 69030.2, 69050.2, 69070.2, 69090.2, 69100.2
69130.2, 69150.2, 69170.2, 69190.2, 69210.2, 69230.2, 69250.2, 69270.2, 69290.2, 69310.2, 69330.2, 69350.2, 69370.2, 69390.2, 69410.2, 69430.2, 69450.2, 69470.2, 69490.2, 69510.2, 69530.2, 69550.2, 69570.2, 69590.2, 69610.2, 69630.2, 69650.2, 69670.2, 69690.2, 69710.2, 69730.2, 69750.2, 69770.2, 69790.2, 69810.2, 69830.2, 69850.2, 69870.2, 69890.2, 69910.2, 69930.2, 69950.2, 69970.2, 69990.2, 70010.2, 70030.2, 70050.2, 70070.2, 70090.2, 70110.2, 70130.2, 70150.2, 70170.2, 70190.2, 70210.2, 70230.2, 70250.2, 70270.2, 70290.2, 70310.2, 70330.2, 70350.2, 70370.2, 70390.2, 70410.2, 70430.2, 70450.2, 70470.2, 70490.2, 70510.2, 70530.2, 70550.2, 70570.2, 70590.2, 70610.2, 70630.2, 70650.2, 70670.2, 70690.2, 70710.2, 70730.2, 70750.2, 70770.2, 70790.2, 70810.2, 70830.2, 70850.2, 70870.2, 70890.2, 70910.2, 70930.2, 70950.2, 70970.2, 70990.2, 71010.2, 71030.2, 71050.2, 71070.2, 71090.2, 71110.2, 71130.2, 71150.2, 71170.2, 71190.2, 71210.2, 71230.2, 71250.2, 71270.2, 71290.2, 71310.2, 71330.2, 71350.2, 71370.2, 71390.2, 71410.2, 71430.2, 71450.2, 71470.2, 71490.2, 71510.2, 71530.2, 71550.2, 71570.2, 71590.2, 71610.2, 71630.2, 71650.2, 71660.2
71690.2, 71710.2, 71730.2, 71750.2, 71770.2, 71790.2, 71810.2, 71830.2, 71850.2, 71870.2, 71890.2, 71910.2, 71930.2, 71950.2, 71970.2, 71990.2, 72010.2, 72030.2, 72050.2, 72070.2, 72090.2, 72110.2, 72130.2, 72150.2, 72170.2, 72190.2, 72210.2, 72230.2, 72250.2, 72270.2, 72290.2, 72310.2, 72330.2, 72350.2, 72370.2, 72390.2, 72410.2, 72430.2, 72450.2, 72470.2, 72490.2, 72510.2, 72530.2, 72550.2, 72570.2, 72590.2, 72610.2, 72630.2, 72650.2, 72670.2, 72690.2, 72710.2, 72730.2, 72750.2, 72770.2, 72790.2, 72810.2, 72830.2, 72850.2, 72870.2, 72890.2, 72910.2, 72930.2, 72950.2, 72970.2, 72990.2, 73010.2, 73030.2, 73050.2, 73070.2, 73090.2, 73110.2, 73130.2, 73150.2, 73170.2, 73190.2, 73210.2, 73230.2, 73250.2, 73270.2, 73290.2, 73310.2, 73330.2, 73350.2, 73370.2, 73390.2, 73410.2, 73430.2, 73450.2, 73470.2, 73490.2, 73510.2, 73530.2, 73550.2, 73570.2, 73590.2, 73610.2, 73630.2, 73650.2, 73670.2, 73690.2, 73710.2, 73730.2, 73750.2, 73770.2, 73790.2, 73810.2, 73830.2, 73850.2, 73870.2, 73890.2, 73910.2, 73930.2, 73950.2, 73970.2, 73990.2, 74010.2, 74030.2, 74050.2, 74070.2, 74090.2, 74110.2, 74130.2, 74150.2, 74170.2, 74190.2, 74210.2, 74220.2
74250.2, 74270.2, 74290.2, 74310.2, 74330.2, 74350.2, 74370.2, 74390.2, 74410.2, 74430.2, 74450.2, 74470.2, 74490.2, 74510.2, 74530.2, 74550.2, 74570.2, 74590.2, 74610.2, 74630.2, 74650.2, 74670.2, 74690.2, 74710.2, 74730.2, 74750.2, 74770.2, 74790.2, 74810.2, 74830.2, 74850.2, 74870.2, 74890.2, 74910.2, 74930.2, 74950.2, 74970.2, 74990.2, 75010.2, 75030.2, 75050.2, 75070.2, 75090.2, 75110.2, 75130.2, 75150.2, 75170.2, 75190.2, 75210.2, 75230.2, 75250.2, 75270.2, 75290.2, 75310.2, 75330.2, 75350.2, 75370.2, 75390.2, 75410.2, 75430.2, 75450.2, 75470.2, 75490.2, 75510.2, 75530.2, 75550.2, 75570.2, 75590.2, 75610.2, 75630.2, 75650.2, 75670.2, 75690.2, 75710.2, 75730.2, 75750.2, 75770.2, 75790.2, 75810.2, 75830.2, 75850.2, 75870.2, 75890.2, 75910.2, 75930.2, 75950.2, 75970.2, 75990.2, 76010.2, 76030.2, 76050.2, 76070.2, 76090.2, 76110.2, 76130.2, 76150.2, 76170.2, 76190.2, 76210.2, 76230.2, 76250.2, 76270.2, 76290.2, 76310.2, 76330.2, 76350.2, 76370.2, 76390.2, 76410.2, 76430.2, 76450.2, 76470.2, 76490.2, 76510.2, 76530.2, 76550.2, 76570.2, 76590.2, 76610.2, 76630.2, 76650.2, 76670.2, 76690.2, 76710.2, 76730.2, 76750.2, 76770.2, 76780.2
76810.2, 76830.2, 76850.2, 76870.2, 76890.2, 76910.2, 76930.2, 76950.2, 76970.2, 76990.2, 77010.2, 77030.2, 77050.2, 77070.2, 77090.2, 77110.2, 77130.2, 77150.2, 77170.2, 77190.2, 77210.2, 77230.2, 77250.2, 77270.2, 77290.2, 77310.2, 77330.2, 77350.2, 77370.2, 77390.2, 77410.2, 77430.2, 77450.2, 77470.2, 77490.2, 77510.2, 77530.2, 77550.2, 77570.2, 77590.2, 77610.2, 77630.2, 77650.2, 77670.2, 77690.2, 77710.2, 77730.2, 77750.2, 77770.2, 77790.2, 77810.2, 77830.2, 77850.2, 77870.2, 77890.2, 77910.2, 77930.2, 77950.2, 77970.2, 77990.2, 78010.2, 78030.2, 78050.2, 78070.2, 78090.2, 78110.2, 78130.2, 78150.2, 78170.2, 78190.2, 78210.2, 78230.2, 78250.2, 78270.2, 78290.2, 78310.2, 78330.2, 78350.2, 78370.2, 78390.2, 78410.2, 78430.2, 78450.2, 78470.2, 78490.2, 78510.2, 78530.2, 78550.2, 78570.2, 78590.2, 78610.2, 78630.2, 78650.2, 78670.2, 78690.2, 78710.2, 78730.2, 78750.2, 78770.2, 78790.2, 78810.2, 78830.2, 78850.2, 78870.2, 78890.2, 78910.2, 78930.2, 78950.2, 78970.2, 78990.2, 79010.2, 79030.2, 79050.2, 79070.2, 79090.2, 79110.2, 79130.2, 79150.2, 79170.2, 79190.2, 79210.2, 79230.2, 79250.2, 79270.2, 79290.2, 79310.2, 79330.2, 79340.2
79370.2, 79390.2, 79410.2, 79430.2, 79450.2, 79470.2, 79490.2, 79510.2, 79530.2, 79550.2, 79570.2, 79590.2, 79610.2, 79630.2, 79650.2, 79670.2, 79690.2, 79710.2, 79730.2, 79750.2, 79770.2, 79790.2, 79810.2, 79830.2, 79850.2, 79870.2, 79890.2, 79910.2, 79930.2, 79950.2, 79970.2, 79990.2, 80010.2, 80030.2, 80050.2, 80070.2, 80090.2, 80110.2, 80130.2, 80150.2, 80170.2, 80190.2, 80210.2, 80230.2, 80250.2, 80270.2, 80290.2, 80310.2, 80330.2, 80350.2, 80370.2, 80390.2, 80410.2, 80430.2, 80450.2, 80470.2, 80490.2, 80510.2, 80530.2, 80550.2, 80570.2, 80590.2, 80610.2, 80630.2, 80650.2, 80670.2, 80690.2, 80710.2, 80730.2, 80750.2, 80770.2, 80790.2, 80810.2, 80830.2, 80850.2, 80870.2, 80890.2, 80910.2, 80930.2, 80950.2, 80970.2, 80990.2, 81010.2, 81030.2, 81050.2, 81070.2, 81090.2, 81110.2, 81130.2, 81150.2, 81170.2, 81190.2, 81210.2, 81230.2, 81250.2, 81270.2, 81290.2, 81310.2, 81330.2, 81350.2, 81370.2, 81390.2, 81410.2, 81430.2, 81450.2, 81470.2, 81490.2, 81510.2, 81530.2, 81550.2, 81570.2, 81590.2, 81610.2, 81630.2, 81650.2, 81670.2, 81690.2, 81710.2, 81730.2, 81750.2, 81770.2, 81790.2, 81810.2, 81830.2, 81850.2, 81870.2, 81890.2, 81900.2
81930.2, 81950.2, 81970.2, 81990.2, 82010.2, 82030.2, 82050.2, 82070.2, 82090.2, 82110.2, 82130.2, 82150.2, 82170.2, 82190.2, 82210.2, 82230.2, 82250.2, 82270.2, 82290.2, 82310.2, 82330.2, 82350.2, 82370.2, 82390.2, 82410.2, 82430.2, 82450.2, 82470.2, 82490.2, 82510.2, 82530.2, 82550.2, 82570.2, 82590.2, 82610.2, 82630.2, 82650.2, 82670.2, 82690.2, 82710.2, 82730.2, 82750.2, 82770.2, 82790.2, 82810.2, 82830.2, 82850.2, 82870.2, 82890.2, 82910.2, 82930.2, 82950.2, 82970.2, 82990.2, 83010.2, 83030.2, 83050.2, 83070.2, 83090.2, 83110.2, 83130.2, 83150.2, 83170.2, 83190.2, 83210.2, 83230.2, 83250.2, 83270.2, 83290.2, 83310.2, 83330.2, 83350.2, 83370.2, 83390.2, 83410.2, 83430.2, 83450.2, 83470.2, 83490.2, 83510.2, 83530.2, 83550.2, 83570.2, 83590.2, 83610.2, 83630.2, 83650.2, 83670.2, 83690.2, 83710.2, 83730.2, 83750.2, 83770.2, 83790.2, 83810.2, 83830.2, 83850.2, 83870.2, 83890.2, 83910.2, 83930.2, 83950.2, 83970.2, 83990.2, 84010.2, 84030.2, 84050.2, 84070.2, 84090.2, 84110.2, 84130.2, 84150.2, 84170.2, 84190.2, 84210.2, 84230.2, 84250.2, 84270.2, 84290.2, 84310.2, 84330.2, 84350.2, 84370.2, 84390.2, 84410.2, 84430.2, 84450.2, 84460.2
84490.2, 84510.2, 84530.2, 84550.2, 84570.2, 84590.2, 84610.2, 84630.2, 84650.2, 84670.2, 84690.2, 84710.2, 84730.2, 84750.2, 84770.2, 84790.2, 84810.2, 84830.2, 84850.2, 84870.2, 84890.2, 84910.2, 84930.2, 84950.2, 84970.2, 84990.2, 85010.2, 85030.2, 85050.2, 85070.2, 85090.2, 85110.2, 85130.2, 85150.2, 85170.2, 85190.2, 85210.2, 85230.2, 85250.2, 85270.2, 85290.2, 85310.2, 85330.2, 85350.2, 85370.2, 85390.2, 85410.2, 85430.2, 85450.2, 85470.2, 85490.2, 85510.2, 85530.2, 85550.2, 85570.2, 85590.2, 85610.2, 85630.2, 85650.2, 85670.2, 85690.2, 85710.2, 85730.2, 85750.2, 85770.2, 85790.2, 85810.2, 85830.2, 85850.2, 85870.2, 85890.2, 85910.2, 85930.2, 85950.2, 85970.2, 85990.2, 86010.2, 86030.2, 86050.2, 86070.2, 86090.2, 86110.2, 86130.2, 86150.2, 86170.2, 86190.2, 86210.2, 86230.2, 86250.2, 86270.2, 86290.2, 86310.2, 86330.2, 86350.2, 86370.2, 86390.2, 86410.2, 86430.2, 86450.2, 86470.2, 86490.2, 86510.2, 86530.2, 86550.2, 86570.2, 86590.2, 86610.2, 86630.2, 86650.2, 86670.2, 86690.2, 86710.2, 86730.2, 86750.2, 86770.2, 86790.2, 86810.2, 86830.2, 86850.2, 86870.2, 86890.2, 86910.2, 86930.2, 86950.2, 86970.2, 86990.2, 87010.2, 87020.2
87050.2, 87070.2, 87090.2, 87110.2, 87130.2, 87150.2, 87170.2, 87190.2, 87210.2, 87230.2, 87250.2, 87270.2, 87290.2, 87310.2, 87330.2, 87350.2, 87370.2, 87390.2, 87410.2, 87430.2, 87450.2, 87470.2, 87490.2, 87510.2, 87530.2, 87550.2, 87570.2, 87590.2, 87610.2, 87630.2, 87650.2, 87670.2, 87690.2, 87710.2, 87730.2, 87750.2, 87770.2, 87790.2, 87810.2, 87830.2, 87850.2, 87870.2, 87890.2, 87910.2, 87930.2, 87950.2, 87970.2, 87990.2, 88010.2, 88030.2, 88050.2, 88070.2, 88090.2, 88110.2, 88130.2, 88150.2, 88170.2, 88190.2, 88210.2, 88230.2, 88250.2, 88270.2, 88290.2, 88310.2, 88330.2, 88350.2, 88370.2, 88390.2, 88410.2, 88430.2, 88450.2, 88470.2, 88490.2, 88510.2, 88530.2, 88550.2, 88570.2, 88590.2, 88610.2, 88630.2, 88650.2, 88670.2, 88690.2, 88710.2, 88730.2, 88750.2, 88770.2, 88790.2, 88810.2, 88830.2, 88850.2, 88870.2, 88890.2, 88910.2, 88930.2, 88950.2, 88970.2, 88990.2, 89010.2, 89030.2, 89050.2, 89070.2, 89090.2, 89110.2, 89130.2, 89150.2, 89170.2, 89190.2, 89210.2, 89230.2, 89250.2, 89270.2, 89290.2, 89310.2, 89330.2, 89350.2, 89370.2, 89390.2, 89410.2, 89430.2, 89450.2, 89470.2, 89490.2, 89510.2, 89530.2, 89550.2, 89570.2, 89580.2
89610.2, 89630.2, 89650.2, 89670.2, 89690.2, 89710.2, 89730.2, 89750.2, 89770.2, 89790.2, 89810.2, 89830.2, 89850.2, 89870.2, 89890.2, 89910.2, 89930.2, 89950.2, 89970.2, 89990.2, 90010.2, 90030.2, 90050.2, 90070.2, 90090.2, 90110.2, 90130.2, 90150.2, 90170.2, 90190.2, 90210.2, 90230.2, 90250.2, 90270.2, 90290.2, 90310.2, 90330.2, 90350.2, 90370.2, 90390.2, 90410.2, 90430.2, 90450.2, 90470.2, 90490.2, 90510.2, 90530.2, 90550.2, 90570.2, 90590.2, 90610.2, 90630.2, 90650.2, 90670.2, 90690.2, 90710.2, 90730.2, 90750.2, 90770.2, 90790.2, 90810.2, 90830.2, 90850.2, 90870.2, 90890.2, 90910.2, 90930.2, 90950.2, 90970.2, 90990.2, 91010.2, 91030.2, 91050.2, 91070.2, 91090.2, 91110.2, 91130.2, 91150.2, 91170.2, 91190.2, 91210.2, 91230.2, 91250.2, 91270.2, 91290.2, 91310.2, 91330.2, 91350.2, 91370.2, 91390.2, 91410.2, 91430.2, 91450.2, 91470.2, 91490.2, 91510.2, 91530.2, 91550.2, 91570.2, 91590.2, 91610.2, 91630.2, 91650.2, 91670.2, 91690.2, 91710.2, 91730.2, 91750.2, 91770.2, 91790.2, 91810.2, 91830.2, 91850.2, 91870.2, 91890.2, 91910.2, 91930.2, 91950.2, 91970.2, 91990.2, 92010.2, 92030.2, 92050.2, 92070.2, 92090.2, 92110.2, 92130.2, 92140.2
92170.2, 92190.2, 92210.2, 92230.2, 92250.2, 92270.2, 92290.2, 92310.2, 92330.2, 92350.2, 92370.2, 92390.2, 92410.2, 92430.2, 92450.2, 92470.2, 92490.2, 92510.2, 92530.2, 92550.2, 92570.2, 92590.2, 92610.2, 92630.2, 92650.2, 92670.2, 92690.2, 92710.2, 92730.2, 92750.2, 92770.2, 92790.2, 92810.2, 92830.2, 92850.2, 92870.2, 92890.2, 92910.2, 92930.2, 92950.2, 92970.2, 92990.2, 93010.2, 93030.2, 93050.2, 93070.2, 93090.2, 93110.2, 93130.2, 93150.2, 93170.2, 93190.2, 93210.2, 93230.2, 93250.2, 93270.2, 93290.2, 93310.2, 93330.2, 93350.2, 93370.2, 93390.2, 93410.2, 93430.2, 93450.2, 93470.2, 93490.2, 93510.2, 93530.2, 93550.2, 93570.2, 93590.2, 93610.2, 93630.2, 93650.2, 93670.2, 93690.2, 93710.2, 93730.2, 93750.2, 93770.2, 93790.2, 93810.2, 93830.2, 93850.2, 93870.2, 93890.2, 93910.2, 93930.2, 93950.2, 93970.2, 93990.2, 94010.2, 94030.2, 94050.2, 94070.2, 94090.2, 94110.2, 94130.2, 94150.2, 94170.2, 94190.2, 94210.2, 94230.2, 94250.2, 94270.2, 94290.2, 94310.2, 94330.2, 94350.2, 94370.2, 94390.2, 94410.2, 94430.2, 94450.2, 94470.2, 94490.2, 94510.2, 94530.2, 94550.2, 94570.2, 94590.2, 94610.2, 94630.2, 94650.2, 94670.2, 94690.2, 94700.2
94730.2, 94750.2, 94770.2, 94790.2, 94810.2, 94830.2, 94850.2, 94870.2, 94890.2, 94910.2, 94930.2, 94950.2, 94970.2, 94990.2, 95010.2, 95030.2, 95050.2, 95070.2, 95090.2, 95110.2, 95130.2, 95150.2, 95170.2, 95190.2, 95210.2, 95230.2, 95250.2, 95270.2, 95290.2, 95310.2, 95330.2, 95350.2, 95370.2, 95390.2, 95410.2, 95430.2, 95450.2, 95470.2, 95490.2, 95510.2, 95530.2, 95550.2, 95570.2, 95590.2, 95610.2, 95630.2, 95650.2, 95670.2, 95690.2, 95710.2, 95730.2, 95750.2, 95770.2, 95790.2, 95810.2, 95830.2, 95850.2, 95870.2, 95890.2, 95910.2, 95930.2, 95950.2, 95970.2, 95990.2, 96010.2, 96030.2, 96050.2, 96070.2, 96090.2, 96110.2, 96130.2, 96150.2, 96170.2, 96190.2, 96210.2, 96230.2, 96250.2, 96270.2, 96290.2, 96310.2, 96330.2, 96350.2, 96370.2, 96390.2, 96410.2, 96430.2, 96450.2, 96470.2, 96490.2, 96510.2, 96530.2, 96550.2, 96570.2, 96590.2, 96610.2, 96630.2, 96650.2, 96670.2, 96690.2, 96710.2, 96730.2, 96750.2, 96770.2, 96790.2, 96810.2, 96830.2, 96850.2, 96870.2, 96890.2, 96910.2, 96930.2, 96950.2, 96970.2, 96990.2, 97010.2, 97030.2, 97050.2, 97070.2, 97090.2, 97110.2, 97130.2, 97150.2, 97170.2, 97190.2, 97210.2, 97230.2, 97250.2, 97260.2
97290.2, 97310.2, 97330.2, 97350.2, 97370.2, 97390.2, 97410.2, 97430.2, 97450.2, 97470.2, 97490.2, 97510.2, 97530.2, 97550.2, 97570.2, 97590.2, 97610.2, 97630.2, 97650.2, 97670.2, 97690.2, 97710.2, 97730.2, 97750.2, 97770.2, 97790.2, 97810.2, 97830.2, 97850.2, 97870.2, 97890.2, 97910.2, 97930.2, 97950.2, 97970.2, 97990.2, 98010.2, 98030.2, 98050.2, 98070.2, 98090.2, 98110.2, 98130.2, 98150.2, 98170.2, 98190.2, 98210.2, 98230.2, 98250.2, 98270.2, 98290.2, 98310.2, 98330.2, 98350.2, 98370.2, 98390.2, 98410.2, 98430.2, 98450.2, 98470.2, 98490.2, 98510.2, 98530.2, 98550.2, 98570.2, 98590.2, 98610.2, 98630.2, 98650.2, 98670.2, 98690.2, 98710.2, 98730.2, 98750.2, 98770.2, 98790.2, 98810.2, 98830.2, 98850.2, 98870.2, 98890.2, 98910.2, 98930.2, 98950.2, 98970.2, 98990.2, 99010.2, 99030.2, 99050.2, 99070.2, 99090.2, 99110.2, 99130.2, 99150.2, 99170.2, 99190.2, 99210.2, 99230.2, 99250.2, 99270.2, 99290.2, 99310.2, 99330.2, 99350.2, 99370.2, 99390.2, 99410.2, 99430.2, 99450.2, 99470.2, 99490.2, 99510.2, 99530.2, 99550.2, 99570.2, 99590.2, 99610.2, 99630.2, 99650.2, 99670.2, 99690.2, 99710.2, 99730.2, 99750.2, 99770.2, 99790.2, 99810.2, 99820.2
99850.2, 99870.2, 99890.2, 99910.2, 99930.2, 99950.2, 99970.2, 99990.2, 100010, 100030, 100050, 100070, 100090, 100110, 100130, 100150, 100170, 100190, 100210, 100230, 100250, 100270, 100290, 100310, 100330, 100350, 100370, 100390, 100410, 100430, 100450, 100470, 100490, 100510, 100530, 100550, 100570, 100590, 100610, 100630, 100650, 100670, 100690, 100710, 100730, 100750, 100770, 100790, 100810, 100830, 100850, 100870, 100890, 100910, 100930, 100950, 100970, 100990, 101010, 101030, 101050, 101070, 101090, 101110, 101130, 101150, 101170, 101190, 101210, 101230, 101250, 101270, 101290, 101310, 101330, 101350, 101370, 101390, 101410, 101430, 101450, 101470, 101490, 101510, 101530, 101550, 101570, 101590, 101610, 101630, 101650, 101670, 101690, 101710, 101730, 101750, 101770, 101790, 101810, 101830, 101850, 101870, 101890, 101910, 101930, 101950, 101970, 101990, 102010, 102030, 102050, 102070, 102090, 102110, 102130, 102150, 102170, 102190, 102210, 102230, 102250, 102270, 102290, 102310, 102330, 102350, 102370, 102380
102410, 102430, 102450, 102470, 102490, 102510, 102530, 102550, 102570, 102590, 102610, 102630, 102650, 102670, 102690, 102710, 102730, 102750, 102770, 102790, 102810, 102830, 102850, 102870, 102890, 102910, 102930, 102950, 102970, 102990, 103010, 103030, 103050, 103070, 103090, 103110, 103130, 103150, 103170, 103190, 103210, 103230, 103250, 103270, 103290, 103310, 103330, 103350, 103370, 103390, 103410, 103430, 103450, 103470, 103490, 103510, 103530, 103550, 103570, 103590, 103610, 103630, 103650, 103670, 103690, 103710, 103730, 103750, 103770, 103790, 103810, 103830, 103850, 103870, 103890, 103910, 103930, 103950, 103970, 103990, 104010, 104030, 104050, 104070, 104090, 104110, 104130, 104150, 104170, 104190, 104210, 104230, 104250, 104270, 104290, 104310, 104330, 104350, 104370, 104390, 104410, 104430, 104450, 104470, 104490, 104510, 104530, 104550, 104570, 104590, 104610, 104630, 104650, 104670, 104690, 104710, 104730, 104750, 104770, 104790, 104810, 104830, 104850, 104870, 104890, 104910, 104930, 104940
104970, 104990, 105010, 105030, 105050, 105070, 105090, 105110, 105130, 105150, 105170, 105190, 105210, 105230, 105250, 105270, 105290, 105310, 105330, 105350, 105370, 105390, 105410, 105430, 105450, 105470, 105490, 105510, 105530, 105550, 105570, 105590, 105610, 105630, 105650, 105670, 105690, 105710, 105730, 105750, 105770, 105790, 105810, 105830, 105850, 105870, 105890, 105910, 105930, 105950, 105970, 105990, 106010, 106030, 106050, 106070, 106090, 106110, 106130, 106150, 106170, 106190, 106210, 106230, 106250, 106270, 106290, 106310, 106330, 106350, 106370, 106390, 106410, 106430, 106450, 106470, 106490, 106510, 106530, 106550, 106570, 106590, 106610, 106630, 106650, 106670, 106690, 106710, 106730, 106750, 106770, 106790, 106810, 106830, 106850, 106870, 106890, 106910, 106930, 106950, 106970, 106990, 107010, 107030, 107050, 107070, 107090, 107110, 107130, 107150, 107170, 107190, 107210, 107230, 107250, 107270, 107290, 107310, 107330, 107350, 107370, 107390, 107410, 107430, 107450, 107470, 107490, 107500
107530, 107550, 107570, 107590, 107610, 107630, 107650, 107670, 107690, 107710, 107730, 107750, 107770, 107790, 107810, 107830, 107850, 107870, 107890, 107910, 107930, 107950, 107970, 107990, 108010, 108030, 108050, 108070, 108090, 108110, 108130, 108150, 108170, 108190, 108210, 108230, 108250, 108270, 108290, 108310, 108330, 108350, 108370, 108390, 108410, 108430, 108450, 108470, 108490, 108510, 108530, 108550, 108570, 108590, 108610, 108630, 108650, 108670, 108690, 108710, 108730, 108750, 108770, 108790, 108810, 108830, 108850, 108870, 108890, 108910, 108930, 108950, 108970, 108990, 109010, 109030, 109050, 109070, 109090, 109110, 109130, 109150, 109170, 109190, 109210, 109230, 109250, 109270, 109290, 109310, 109330, 109350, 109370, 109390, 109410, 109430, 109450, 109470, 109490, 109510, 109530, 109550, 109570, 109590, 109610, 109630, 109650, 109670, 109690, 109710, 109730, 109750, 109770, 109790, 109810, 109830, 109850, 109870, 109890, 109910, 109930, 109950, 109970, 109990, 110010, 110030, 110050, 110060
110090, 110110, 110130, 110150, 110170, 110190, 110210, 110230, 110250, 110270, 110290, 110310, 110330, 110350, 110370, 110390, 110410, 110430, 110450, 110470, 110490, 110510, 110530, 110550, 110570, 110590, 110610, 110630, 110650, 110670, 110690, 110710, 110730, 110750, 110770, 110790, 110810, 110830, 110850, 110870, 110890, 110910, 110930, 110950, 110970, 110990, 111010, 111030, 111050, 111070, 111090, 111110, 111130, 111150, 111170, 111190, 111210, 111230, 111250, 111270, 111290, 111310, 111330, 111350, 111370, 111390, 111410, 111430, 111450, 111470, 111490, 111510, 111530, 111550, 111570, 111590, 111610, 111630, 111650, 111670, 111690, 111710, 111730, 111750, 111770, 111790, 111810, 111830, 111850, 111870, 111890, 111910, 111930, 111950, 111970, 111990, 112010, 112030, 112050, 112070, 112090, 112110, 112130, 112150, 112170, 112190, 112210, 112230, 112250, 112270, 112290, 112310, 112330, 112350, 112370, 112390, 112410, 112430, 112450, 112470, 112490, 112510, 112530, 112550, 112570, 112590, 112610, 112620
112650, 112670, 112690, 112710, 112730, 112750, 112770, 112790, 112810, 112830, 112850, 112870, 112890, 112910, 112930, 112950, 112970, 112990, 113010, 113030, 113050, 113070, 113090, 113110, 113130, 113150, 113170, 113190, 113210, 113230, 113250, 113270, 113290, 113310, 113330, 113350, 113370, 113390, 113410, 113430, 113450, 113470, 113490, 113510, 113530, 113550, 113570, 113590, 113610, 113630, 113650, 113670, 113690, 113710, 113730, 113750, 113770, 113790, 113810, 113830, 113850, 113870, 113890, 113910, 113930, 113950, 113970, 113990, 114010, 114030, 114050, 114070, 114090, 114110, 114130, 114150, 114170, 114190, 114210, 114230, 114250, 114270, 114290, 114310, 114330, 114350, 114370, 114390, 114410, 114430, 114450, 114470, 114490, 114510, 114530, 114550, 114570, 114590, 114610, 114630, 114650, 114670, 114690, 114710, 114730, 114750, 114770, 114790, 114810, 114830, 114850, 114870, 114890, 114910, 114930, 114950, 114970, 114990, 115010, 115030, 115050, 115070, 115090, 115110, 115130, 115150, 115170, 115180
115210, 115230, 115250, 115270, 115290, 115310, 115330, 115350, 115370, 115390, 115410, 115430, 115450, 115470, 115490, 115510, 115530, 115550, 115570, 115590, 115610, 115630, 115650, 115670, 115690, 115710, 115730, 115750, 115770, 115790, 115810, 115830, 115850, 115870, 115890, 115910, 115930, 115950, 115970, 115990, 116010, 116030, 116050, 116070, 116090, 116110, 116130, 116150, 116170, 116190, 116210, 116230, 116250, 116270, 116290, 116310, 116330, 116350, 116370, 116390, 116410, 116430, 116450, 116470, 116490, 116510, 116530, 116550, 116570, 116590, 116610, 116630, 116650, 116670, 116690, 116710, 116730, 116750, 116770, 116790, 116810, 116830, 116850, 116870, 116890, 116910, 116930, 116950, 116970, 116990, 117010, 117030, 117050, 117070, 117090, 117110, 117130, 117150, 117170, 117190, 117210, 117230, 117250, 117270, 117290, 117310, 117330, 117350, 117370, 117390, 117410, 117430, 117450, 117470, 117490, 117510, 117530, 117550, 117570, 117590, 117610, 117630, 117650, 117670, 117690, 117710, 117730, 117740
117770, 117790, 117810, 117830, 117850, 117870, 117890, 117910, 117930, 117950, 117970, 117990, 118010, 118030, 118050, 118070, 118090, 118110, 118130, 118150, 118170, 118190, 118210, 118230, 118250, 118270, 118290, 118310, 118330, 118350, 118370, 118390, 118410, 118430, 118450, 118470, 118490, 118510, 118530, 118550, 118570, 118590, 118610, 118630, 118650, 118670, 118690, 118710, 118730, 118750, 118770, 118790, 118810, 118830, 118850, 118870, 118890, 118910, 118930, 118950, 118970, 118990, 119010, 119030, 119050, 119070, 119090, 119110, 119130, 119150, 119170, 119190, 119210, 119230, 119250, 119270, 119290, 119310, 119330, 119350, 119370, 119390, 119410, 119430, 119450, 119470, 119490, 119510, 119530, 119550, 119570, 119590, 119610, 119630, 119650, 119670, 119690, 119710, 119730, 119750, 119770, 119790, 119810, 119830, 119850, 119870, 119890, 119910, 119930, 119950, 119970, 119990, 120010, 120030, 120050, 120070, 120090, 120110, 120130, 120150, 120170, 120190, 120210, 120230, 120250, 120270, 120290, 120300
120330, 120350, 120370, 120390, 120410, 120430, 120450, 120470, 120490, 120510, 120530, 120550, 120570, 120590, 120610, 120630, 120650, 120670, 120690, 120710, 120730, 120750, 120770, 120790, 120810, 120830, 120850, 120870, 120890, 120910, 120930, 120950, 120970, 120990, 121010, 121030, 121050, 121070, 121090, 121110, 121130, 121150, 121170, 121190, 121210, 121230, 121250, 121270, 121290, 121310, 121330, 121350, 121370, 121390, 121410, 121430, 121450, 121470, 121490, 121510, 121530, 121550, 121570, 121590, 121610, 121630, 121650, 121670, 121690, 121710, 121730, 121750, 121770, 121790, 121810, 121830, 121850, 121870, 121890, 121910, 121930, 121950, 121970, 121990, 122010, 122030, 122050, 122070, 122090, 122110, 122130, 122150, 122170, 122190, 122210, 122230, 122250, 122270, 122290, 122310, 122330, 122350, 122370, 122390, 122410, 122430, 122450, 122470, 122490, 122510, 122530, 122550, 122570, 122590, 122610, 122630, 122650, 122670, 122690, 122710, 122730, 122750, 122770, 122790, 122810, 122830, 122850, 122860
122890, 122910, 122930, 122950, 122970, 122990, 123010, 123030, 123050, 123070, 123090, 123110, 123130, 123150, 123170, 123190, 123210, 123230, 123250, 123270, 123290, 123310, 123330, 123350, 123370, 123390, 123410, 123430, 123450, 123470, 123490, 123510, 123530, 123550, 123570, 123590, 123610, 123630, 123650, 123670, 123690, 123710, 123730, 123750, 123770, 123790, 123810, 123830, 123850, 123870, 123890, 123910, 123930, 123950, 123970, 123990, 124010, 124030, 124050, 124070, 124090, 124110, 124130, 124150, 124170, 124190, 124210, 124230, 124250, 124270, 124290, 124310, 124330, 124350, 124370, 124390, 124410, 124430, 124450, 124470, 124490, 124510, 124530, 124550, 124570, 124590, 124610, 124630, 124650, 124670, 124690, 124710, 124730, 124750, 124770, 124790, 124810, 124830, 124850, 124870, 124890, 124910, 124930, 124950, 124970, 124990, 125010, 125030, 125050, 125070, 125090, 125110, 125130, 125150, 125170, 125190, 125210, 125230, 125250, 125270, 125290, 125310, 125330, 125350, 125370, 125390, 125410, 125420
125450, 125470, 125490, 125510, 125530, 125550, 125570, 125590, 125610, 125630, 125650, 125670, 125690, 125710, 125730, 125750, 125770, 125790, 125810, 125830, 125850, 125870, 125890, 125910, 125930, 125950, 125970, 125990, 126010, 126030, 126050, 126070, 126090, 126110, 126130, 126150, 126170, 126190, 126210, 126230, 126250, 126270, 126290, 126310, 126330, 126350, 126370, 126390, 126410, 126430, 126450, 126470, 126490, 126510, 126530, 126550, 126570, 126590, 126610, 126630, 126650, 126670, 126690, 126710, 126730, 126750, 126770, 126790, 126810, 126830, 126850, 126870, 126890, 126910, 126930, 126950, 126970, 126990, 127010, 127030, 127050, 127070, 127090, 127110, 127130, 127150, 127170, 127190, 127210, 127230, 127250, 127270, 127290, 127310, 127330, 127350, 127370, 127390, 127410, 127430, 127450, 127470, 127490, 127510, 127530, 127550, 127570, 127590, 127610, 127630, 127650, 127670, 127690, 127710, 127730, 127750, 127770, 127790, 127810, 127830, 127850, 127870, 127890, 127910, 127930, 127950, 127970, 127980
128010, 128030, 128050, 128070, 128090, 128110, 128130, 128150, 128170, 128190, 128210, 128230, 128250, 128270, 128290, 128310, 128330, 128350, 128370, 128390, 128410, 128430, 128450, 128470, 128490, 128510, 128530, 128550, 128570, 128590, 128610, 128630, 128650, 128670, 128690, 128710, 128730, 128750, 128770, 128790, 128810, 128830, 128850, 128870, 128890, 128910, 128930, 128950, 128970, 128990, 129010, 129030, 129050, 129070, 129090, 129110, 129130, 129150, 129170, 129190, 129210, 129230, 129250, 129270, 129290, 129310, 129330, 129350, 129370, 129390, 129410, 129430, 129450, 129470, 129490, 129510, 129530, 129550, 129570, 129590, 129610, 129630, 129650, 129670, 129690, 129710, 129730, 129750, 129770, 129790, 129810, 129830, 129850, 129870, 129890, 129910, 129930, 129950, 129970, 129990, 130010, 130030, 130050, 130070, 130090, 130110, 130130, 130150, 130170, 130190, 130210, 130230, 130250, 130270, 130290, 130310, 130330, 130350, 130370, 130390, 130410, 130430, 130450, 130470, 130490, 130510, 130530, 130540
130570, 130590, 130610, 130630, 130650, 130670, 130690, 130710, 130730, 130750, 130770, 130790, 130810, 130830, 130850, 130870, 130890, 130910, 130930, 130950, 130970, 130990, 131010, 131030, 131050, 131070, 131090, 131110, 131130, 131150, 131170, 131190, 131210, 131230, 131250, 131270, 131290, 131310, 131330, 131350, 131370, 131390, 131410, 131430, 131450, 131470, 131490, 131510, 131530, 131550, 131570, 131590, 131610, 131630, 131650, 131670, 131690, 131710, 131730, 131750, 131770, 131790, 131810, 131830, 131850, 131870, 131890, 131910, 131930, 131950, 131970, 131990, 132010, 132030, 132050, 132070, 132090, 132110, 132130, 132150, 132170, 132190, 132210, 132230, 132250, 132270, 132290, 132310, 132330, 132350, 132370, 132390, 132410, 132430, 132450, 132470, 132490, 132510, 132530, 132550, 132570, 132590, 132610, 132630, 132650, 132670, 132690, 132710, 132730, 132750, 132770, 132790, 132810, 132830, 132850, 132870, 132890, 132910, 132930, 132950, 132970, 132990, 133010, 133030, 133050, 133070, 133090, 133100
133130, 133150, 133170, 133190, 133210, 133230, 133250, 133270, 133290, 133310, 133330, 133350, 133370, 133390, 133410, 133430, 133450, 133470, 133490, 133510, 133530, 133550, 133570, 133590, 133610, 133630, 133650, 133670, 133690, 133710, 133730, 133750, 133770, 133790, 133810, 133830, 133850, 133870, 133890, 133910, 133930, 133950, 133970, 133990, 134010, 134030, 134050, 134070, 134090, 134110, 134130, 134150, 134170, 134190, 134210, 134230, 134250, 134270, 134290, 134310, 134330, 134350, 134370, 134390, 134410, 134430, 134450, 134470, 134490, 134510, 134530, 134550, 134570, 134590, 134610, 134630, 134650, 134670, 134690, 134710, 134730, 134750, 134770, 134790, 134810, 134830, 134850, 134870, 134890, 134910, 134930, 134950, 134970, 134990, 135010, 135030, 135050, 135070, 135090, 135110, 135130, 135150, 135170, 135190, 135210, 135230, 135250, 135270, 135290, 135310, 135330, 135350, 135370, 135390, 135410, 135430, 135450, 135470, 135490, 135510, 135530, 135550, 135570, 135590, 135610, 135630, 135650, 135660
135690, 135710, 135730, 135750, 135770, 135790, 135810, 135830, 135850, 135870, 135890, 135910, 135930, 135950, 135970, 135990, 136010, 136030, 136050, 136070, 136090, 136110, 136130, 136150, 136170, 136190, 136210, 136230, 136250, 136270, 136290, 136310, 136330, 136350, 136370, 136390, 136410, 136430, 136450, 136470, 136490, 136510, 136530, 136550, 136570, 136590, 136610, 136630, 136650, 136670, 136690, 136710, 136730, 136750, 136770, 136790, 136810, 136830, 136850, 136870, 136890, 136910, 136930, 136950, 136970, 136990, 137010, 137030, 137050, 137070, 137090, 137110, 137130, 137150, 137170, 137190, 137210, 137230, 137250, 137270, 137290, 137310, 137330, 137350, 137370, 137390, 137410, 137430, 137450, 137470, 137490, 137510, 137530, 137550, 137570, 137590, 137610, 137630, 137650, 137670, 137690, 137710, 137730, 137750, 137770, 137790, 137810, 137830, 137850, 137870, 137890, 137910, 137930, 137950, 137970, 137990, 138010, 138030, 138050, 138070, 138090, 138110, 138130, 138150, 138170, 138190, 138210, 138220
138250, 138270, 138290, 138310, 138330, 138350, 138370, 138390, 138410, 138430, 138450, 138470, 138490, 138510, 138530, 138550, 138570, 138590, 138610, 138630, 138650, 138670, 138690, 138710, 138730, 138750, 138770, 138790, 138810, 138830, 138850, 138870, 138890, 138910, 138930, 138950, 138970, 138990, 139010, 139030, 139050, 139070, 139090, 139110, 139130, 139150, 139170, 139190, 139210, 139230, 139250, 139270, 139290, 139310, 139330, 139350, 139370, 139390, 139410, 139430, 139450, 139470, 139490, 139510, 139530, 139550, 139570, 139590, 139610, 139630, 139650, 139670, 139690, 139710, 139730, 139750, 139770, 139790, 139810, 139830, 139850, 139870, 139890, 139910, 139930, 139950, 139970, 139990, 140010, 140030, 140050, 140070, 140090, 140110, 140130, 140150, 140170, 140190, 140210, 140230, 140250, 140270, 140290, 140310, 140330, 140350, 140370, 140390, 140410, 140430, 140450, 140470, 140490, 140510, 140530, 140550, 140570, 140590, 140610, 140630, 140650, 140670, 140690, 140710, 140730, 140750, 140770, 140780
140810, 140830, 140850, 140870, 140890, 140910, 140930, 140950, 140970, 140990, 141010, 141030, 141050, 141070, 141090, 141110, 141130, 141150, 141170, 141190, 141210, 141230, 141250, 141270, 141290, 141310, 141330, 141350, 141370, 141390, 141410, 141430, 141450, 141470, 141490, 141510, 141530, 141550, 141570, 141590, 141610, 141630, 141650, 141670, 141690, 141710, 141730, 141750, 141770, 141790, 141810, 141830, 141850, 141870, 141890, 141910, 141930, 141950, 141970, 141990, 142010, 142030, 142050, 142070, 142090, 142110, 142130, 142150, 142170, 142190, 142210, 142230, 142250, 142270, 142290, 142310, 142330, 142350, 142370, 142390, 142410, 142430, 142450, 142470, 142490, 142510, 142530, 142550, 142570, 142590, 142610, 142630, 142650, 142670, 142690, 142710, 142730, 142750, 142770, 142790, 142810, 142830, 142850, 142870, 142890, 142910, 142930, 142950, 142970, 142990, 143010, 143030, 143050, 143070, 143090, 143110, 143130, 143150, 143170, 143190, 143210, 143230, 143250, 143270, 143290, 143310, 143330, 143340
143370, 143390, 143410, 143430, 143450, 143470, 143490, 143510, 143530, 143550, 143570, 143590, 143610, 143630, 143650, 143670, 143690, 143710, 143730, 143750, 143770, 143790, 143810, 143830, 143850, 143870, 143890, 143910, 143930, 143950, 143970, 143990, 144010, 144030, 144050, 144070, 144090, 144110, 144130, 144150, 144170, 144190, 144210, 144230, 144250, 144270, 144290, 144310, 144330, 144350, 144370, 144390, 144410, 144430, 144450, 144470, 144490, 144510, 144530, 144550, 144570, 144590, 144610, 144630, 144650, 144670, 144690, 144710, 144730, 144750, 144770, 144790, 144810, 144830, 144850, 144870, 144890, 144910, 144930, 144950, 144970, 144990, 145010, 145030, 145050, 145070, 145090, 145110, 145130, 145150, 145170, 145190, 145210, 145230, 145250, 145270, 145290, 145310, 145330, 145350, 145370, 145390, 145410, 145430, 145450, 145470, 145490, 145510, 145530, 145550, 145570, 145590, 145610, 145630, 145650, 145670, 145690, 145710, 145730, 145750, 145770, 145790, 145810, 145830, 145850, 145870, 145890, 145900
145930, 145950, 145970, 145990, 146010, 146030, 146050, 146070, 146090, 146110, 146130, 146150, 146170, 146190, 146210, 146230, 146250, 146270, 146290, 146310, 146330, 146350, 146370, 146390, 146410, 146430, 146450, 146470, 146490, 146510, 146530, 146550, 146570, 146590, 146610, 146630, 146650, 146670, 146690, 146710, 146730, 146750, 146770, 146790, 146810, 146830, 146850, 146870, 146890, 146910, 146930, 146950, 146970, 146990, 147010, 147030, 147050, 147070, 147090, 147110, 147130, 147150, 147170, 147190, 147210, 147230, 147250, 147270, 147290, 147310, 147330, 147350, 147370, 147390, 147410, 147430, 147450, 147470, 147490, 147510, 147530, 147550, 147570, 147590, 147610, 147630, 147650, 147670, 147690, 147710, 147730, 147750, 147770, 147790, 147810, 147830, 147850, 147870, 147890, 147910, 147930, 147950, 147970, 147990, 148010, 148030, 148050, 148070, 148090, 148110, 148130, 148150, 148170, 148190, 148210, 148230, 148250, 148270, 148290, 148310, 148330, 148350, 148370, 148390, 148410, 148430, 148450, 148460
148490, 148510, 148530, 148550, 148570, 148590, 148610, 148630, 148650, 148670, 148690, 148710, 148730, 148750, 148770, 148790, 148810, 148830, 148850, 148870, 148890, 148910, 148930, 148950, 148970, 148990, 149010, 149030, 149050, 149070, 149090, 149110, 149130, 149150, 149170, 149190, 149210, 149230, 149250, 149270, 149290, 149310, 149330, 149350, 149370, 149390, 149410, 149430, 149450, 149470, 149490, 149510, 149530, 149550, 149570, 149590, 149610, 149630, 149650, 149670, 149690, 149710, 149730, 149750, 149770, 149790, 149810, 149830, 149850, 149870, 149890, 149910, 149930, 149950, 149970, 149990, 150010, 150030, 150050, 150070, 150090, 150110, 150130, 150150, 150170, 150190, 150210, 150230, 150250, 150270, 150290, 150310, 150330, 150350, 150370, 150390, 150410, 150430, 150450, 150470, 150490, 150510, 150530, 150550, 150570, 150590, 150610, 150630, 150650, 150670, 150690, 150710, 150730, 150750, 150770, 150790, 150810, 150830, 150850, 150870, 150890, 150910, 150930, 150950, 150970, 150990, 151010, 151020
151050, 151070, 151090, 151110, 151130, 151150, 151170, 151190, 151210, 151230, 151250, 151270, 151290, 151310, 151330, 151350, 151370, 151390, 151410, 151430, 151450, 151470, 151490, 151510, 151530, 151550, 151570, 151590, 151610, 151630, 151650, 151670, 151690, 151710, 151730, 151750, 151770, 151790, 151810, 151830, 151850, 151870, 151890, 151910, 151930, 151950, 151970, 151990, 152010, 152030, 152050, 152070, 152090, 152110, 152130, 152150, 152170, 152190, 152210, 152230, 152250, 152270, 152290, 152310, 152330, 152350, 152370, 152390, 152410, 152430, 152450, 152470, 152490, 152510, 152530, 152550, 152570, 152590, 152610, 152630, 152650, 152670, 152690, 152710, 152730, 152750, 152770, 152790, 152810, 152830, 152850, 152870, 152890, 152910, 152930, 152950, 152970, 152990, 153010, 153030, 153050, 153070, 153090, 153110, 153130, 153150, 153170, 153190, 153210, 153230, 153250, 153270, 153290, 153310, 153330, 153350, 153370, 153390, 153410, 153430, 153450, 153470, 153490, 153510, 153530, 153550, 153570, 153580
153610, 153630, 153650, 153670, 153690, 153710, 153730, 153750, 153770, 153790, 153810, 153830, 153850, 153870, 153890, 153910, 153930, 153950, 153970, 153990, 154010, 154030, 154050, 154070, 154090, 154110, 154130, 154150, 154170, 154190, 154210, 154230, 154250, 154270, 154290, 154310, 154330, 154350, 154370, 154390, 154410, 154430, 154450, 154470, 154490, 154510, 154530, 154550, 154570, 154590, 154610, 154630, 154650, 154670, 154690, 154710, 154730, 154750, 154770, 154790, 154810, 154830, 154850, 154870, 154890, 154910, 154930, 154950, 154970, 154990, 155010, 155030, 155050, 155070, 155090, 155110, 155130, 155150, 155170, 155190, 155210, 155230, 155250, 155270, 155290, 155310, 155330, 155350, 155370, 155390, 155410, 155430, 155450, 155470, 155490, 155510, 155530, 155550, 155570, 155590, 155610, 155630, 155650, 155670, 155690, 155710, 155730, 155750, 155770, 155790, 155810, 155830, 155850, 155870, 155890, 155910, 155930, 155950, 155970, 155990, 156010, 156030, 156050, 156070, 156090, 156110, 156130, 156140
156170, 156190, 156210, 156230, 156250, 156270, 156290, 156310, 156330, 156350, 156370, 156390, 156410, 156430, 156450, 156470, 156490, 156510, 156530, 156550, 156570, 156590, 156610, 156630, 156650, 156670, 156690, 156710, 156730, 156750, 156770, 156790, 156810, 156830, 156850, 156870, 156890, 156910, 156930, 156950, 156970, 156990, 157010, 157030, 157050, 157070, 157090, 157110, 157130, 157150, 157170, 157190, 157210, 157230, 157250, 157270, 157290, 157310, 157330, 157350, 157370, 157390, 157410, 157430, 157450, 157470, 157490, 157510, 157530, 157550, 157570, 157590, 157610, 157630, 157650, 157670, 157690, 157710, 157730, 157750, 157770, 157790, 157810, 157830, 157850, 157870, 157890, 157910, 157930, 157950, 157970, 157990, 158010, 158030, 158050, 158070, 158090, 158110, 158130, 158150, 158170, 158190, 158210, 158230, 158250, 158270, 158290, 158310, 158330, 158350, 158370, 158390, 158410, 158430, 158450, 158470, 158490, 158510, 158530, 158550, 158570, 158590, 158610, 158630, 158650, 158670, 158690, 158700
158730, 158750, 158770, 158790, 158810, 158830, 158850, 158870, 158890, 158910, 158930, 158950, 158970, 158990, 159010, 159030, 159050, 159070, 159090, 159110, 159130, 159150, 159170, 159190, 159210, 159230, 159250, 159270, 159290, 159310, 159330, 159350, 159370, 159390, 159410, 159430, 159450, 159470, 159490, 159510, 159530, 159550, 159570, 159590, 159610, 159630, 159650, 159670, 159690, 159710, 159730, 159750, 159770, 159790, 159810, 159830, 159850, 159870, 159890, 159910, 159930, 159950, 159970, 159990, 160010, 160030, 160050, 160070, 160090, 160110, 160130, 160150, 160170, 160190, 160210, 160230, 160250, 160270, 160290, 160310, 160330, 160350, 160370, 160390, 160410, 160430, 160450, 160470, 160490, 160510, 160530, 160550, 160570, 160590, 160610, 160630, 160650, 160670, 160690, 160710, 160730, 160750, 160770, 160790, 160810, 160830, 160850, 160870, 160890, 160910, 160930, 160950, 160970, 160990, 161010, 161030, 161050, 161070, 161090, 161110, 161130, 161150, 161170, 161190, 161210, 161230, 161250, 161260
161290, 161310, 161330, 161350, 161370, 161390, 161410, 161430, 161450, 161470, 161490, 161510, 161530, 161550, 161570, 161590, 161610, 161630, 161650, 161670, 161690, 161710, 161730, 161750, 161770, 161790, 161810, 161830, 161850, 161870, 161890, 161910, 161930, 161950, 161970, 161990, 162010, 162030, 162050, 162070, 162090, 162110, 162130, 162150, 162170, 162190, 162210, 162230, 162250, 162270, 162290, 162310, 162330, 162350, 162370, 162390, 162410, 162430, 162450, 162470, 162490, 162510, 162530, 162550, 162570, 162590, 162610, 162630, 162650, 162670, 162690, 162710, 162730, 162750, 162770, 162790, 162810, 162830, 162850, 162870, 162890, 162910, 162930, 162950, 162970, 162990, 163010, 163030, 163050, 163070, 163090, 163110, 163130, 163150, 163170, 163190, 163210, 163230, 163250, 163270, 163290, 163310, 163330, 163350, 163370, 163390, 163410, 163430, 163450, 163470, 163490, 163510, 163530, 163550, 163570, 163590, 163610, 163630, 163650, 163670, 163690, 163710, 163730, 163750, 163770, 163790, 163810, 163820
