0.00102, 0.00302, 0.00502, 0.00702, 0.00902, 0.01102, 0.01302, 0.01502, 0.01702, 0.01902, 0.02102, 0.02302, 0.02502, 0.02702, 0.02902, 0.03102, 0.03302, 0.03502, 0.03702, 0.03902, 0.04102, 0.04302, 0.04502, 0.04702, 0.04902, 0.05102, 0.05302, 0.05502, 0.05702, 0.05902, 0.06102, 0.06302, 0.06502, 0.06702, 0.06902, 0.07102, 0.07302, 0.07502, 0.07702, 0.07902, 0.08102, 0.08302, 0.08502, 0.08702, 0.08902, 0.09102, 0.09302, 0.09502, 0.09702, 0.09902, 0.10102, 0.10302, 0.10502, 0.10702, 0.10902, 0.11102, 0.11302, 0.11502, 0.11702, 0.11902, 0.12102, 0.12302, 0.12502, 0.12702, 0.12902, 0.13102, 0.13302, 0.13502, 0.13702, 0.13902, 0.14102, 0.14302, 0.14502, 0.14702, 0.14902, 0.15102, 0.15302, 0.15502, 0.15702, 0.15902, 0.16102, 0.16302, 0.16502, 0.16702, 0.16902, 0.17102, 0.17302, 0.17502, 0.17702, 0.17902, 0.18102, 0.18302, 0.18502, 0.18702, 0.18902, 0.19102, 0.19302, 0.19502, 0.19702, 0.19902, 0.20102, 0.20302, 0.20502, 0.20702, 0.20902, 0.21102, 0.21302, 0.21502, 0.21702, 0.21902, 0.22102, 0.22302, 0.22502, 0.22702, 0.22902, 0.23102, 0.23302, 0.23502, 0.23702, 0.23902, 0.24102, 0.24302, 0.24502, 0.24702, 0.24902, 0.25102, 0.25302, 0.25402
0.25702, 0.25902, 0.26102, 0.26302, 0.26502, 0.26702, 0.26902, 0.27102, 0.27302, 0.27502, 0.27702, 0.27902, 0.28102, 0.28302, 0.28502, 0.28702, 0.28902, 0.29102, 0.29302, 0.29502, 0.29702, 0.29902, 0.30102, 0.30302, 0.30502, 0.30702, 0.30902, 0.31102, 0.31302, 0.31502, 0.31702, 0.31902, 0.32102, 0.32302, 0.32502, 0.32702, 0.32902, 0.33102, 0.33302, 0.33502, 0.33702, 0.33902, 0.34102, 0.34302, 0.34502, 0.34702, 0.34902, 0.35102, 0.35302, 0.35502, 0.35702, 0.35902, 0.36102, 0.36302, 0.36502, 0.36702, 0.36902, 0.37102, 0.37302, 0.37502, 0.37702, 0.37902, 0.38102, 0.38302, 0.38502, 0.38702, 0.38902, 0.39102, 0.39302, 0.39502, 0.39702, 0.39902, 0.40102, 0.40302, 0.40502, 0.40702, 0.40902, 0.41102, 0.41302, 0.41502, 0.41702, 0.41902, 0.42102, 0.42302, 0.42502, 0.42702, 0.42902, 0.43102, 0.43302, 0.43502, 0.43702, 0.43902, 0.44102, 0.44302, 0.44502, 0.44702, 0.44902, 0.45102, 0.45302, 0.45502, 0.45702, 0.45902, 0.46102, 0.46302, 0.46502, 0.46702, 0.46902, 0.47102, 0.47302, 0.47502, 0.47702, 0.47902, 0.48102, 0.48302, 0.48502, 0.48702, 0.48902, 0.49102, 0.49302, 0.49502, 0.49702, 0.49902, 0.50102, 0.50302, 0.50502, 0.50702, 0.50902, 0.51002
0.51302, 0.51502, 0.51702, 0.51902, 0.52102, 0.52302, 0.52502, 0.52702, 0.52902, 0.53102, 0.53302, 0.53502, 0.53702, 0.53902, 0.54102, 0.54302, 0.54502, 0.54702, 0.54902, 0.55102, 0.55302, 0.55502, 0.55702, 0.55902, 0.56102, 0.56302, 0.56502, 0.56702, 0.56902, 0.57102, 0.57302, 0.57502, 0.57702, 0.57902, 0.58102, 0.58302, 0.58502, 0.58702, 0.58902, 0.59102, 0.59302, 0.59502, 0.59702, 0.59902, 0.60102, 0.60302, 0.60502, 0.60702, 0.60902, 0.61102, 0.61302, 0.61502, 0.61702, 0.61902, 0.62102, 0.62302, 0.62502, 0.62702, 0.62902, 0.63102, 0.63302, 0.63502, 0.63702, 0.63902, 0.64102, 0.64302, 0.64502, 0.64702, 0.64902, 0.65102, 0.65302, 0.65502, 0.65702, 0.65902, 0.66102, 0.66302, 0.66502, 0.66702, 0.66902, 0.67102, 0.67302, 0.67502, 0.67702, 0.67902, 0.68102, 0.68302, 0.68502, 0.68702, 0.68902, 0.69102, 0.69302, 0.69502, 0.69702, 0.69902, 0.70102, 0.70302, 0.70502, 0.70702, 0.70902, 0.71102, 0.71302, 0.71502, 0.71702, 0.71902, 0.72102, 0.72302, 0.72502, 0.72702, 0.72902, 0.73102, 0.73302, 0.73502, 0.73702, 0.73902, 0.74102, 0.74302, 0.74502, 0.74702, 0.74902, 0.75102, 0.75302, 0.75502, 0.75702, 0.75902, 0.76102, 0.76302, 0.76502, 0.76602
0.76902, 0.77102, 0.77302, 0.77502, 0.77702, 0.77902, 0.78102, 0.78302, 0.78502, 0.78702, 0.78902, 0.79102, 0.79302, 0.79502, 0.79702, 0.79902, 0.80102, 0.80302, 0.80502, 0.80702, 0.80902, 0.81102, 0.81302, 0.81502, 0.81702, 0.81902, 0.82102, 0.82302, 0.82502, 0.82702, 0.82902, 0.83102, 0.83302, 0.83502, 0.83702, 0.83902, 0.84102, 0.84302, 0.84502, 0.84702, 0.84902, 0.85102, 0.85302, 0.85502, 0.85702, 0.85902, 0.86102, 0.86302, 0.86502, 0.86702, 0.86902, 0.87102, 0.87302, 0.87502, 0.87702, 0.87902, 0.88102, 0.88302, 0.88502, 0.88702, 0.88902, 0.89102, 0.89302, 0.89502, 0.89702, 0.89902, 0.90102, 0.90302, 0.90502, 0.90702, 0.90902, 0.91102, 0.91302, 0.91502, 0.91702, 0.91902, 0.92102, 0.92302, 0.92502, 0.92702, 0.92902, 0.93102, 0.93302, 0.93502, 0.93702, 0.93902, 0.94102, 0.94302, 0.94502, 0.94702, 0.94902, 0.95102, 0.95302, 0.95502, 0.95702, 0.95902, 0.96102, 0.96302, 0.96502, 0.96702, 0.96902, 0.97102, 0.97302, 0.97502, 0.97702, 0.97902, 0.98102, 0.98302, 0.98502, 0.98702, 0.98902, 0.99102, 0.99302, 0.99502, 0.99702, 0.99902, 1.00102, 1.00302, 1.00502, 1.00702, 1.00902, 1.01102, 1.01302, 1.01502, 1.01702, 1.01902, 1.02102, 1.02202
1.02502, 1.02702, 1.02902, 1.03102, 1.03302, 1.03502, 1.03702, 1.03902, 1.04102, 1.04302, 1.04502, 1.04702, 1.04902, 1.05102, 1.05302, 1.05502, 1.05702, 1.05902, 1.06102, 1.06302, 1.06502, 1.06702, 1.06902, 1.07102, 1.07302, 1.07502, 1.07702, 1.07902, 1.08102, 1.08302, 1.08502, 1.08702, 1.08902, 1.09102, 1.09302, 1.09502, 1.09702, 1.09902, 1.10102, 1.10302, 1.10502, 1.10702, 1.10902, 1.11102, 1.11302, 1.11502, 1.11702, 1.11902, 1.12102, 1.12302, 1.12502, 1.12702, 1.12902, 1.13102, 1.13302, 1.13502, 1.13702, 1.13902, 1.14102, 1.14302, 1.14502, 1.14702, 1.14902, 1.15102, 1.15302, 1.15502, 1.15702, 1.15902, 1.16102, 1.16302, 1.16502, 1.16702, 1.16902, 1.17102, 1.17302, 1.17502, 1.17702, 1.17902, 1.18102, 1.18302, 1.18502, 1.18702, 1.18902, 1.19102, 1.19302, 1.19502, 1.19702, 1.19902, 1.20102, 1.20302, 1.20502, 1.20702, 1.20902, 1.21102, 1.21302, 1.21502, 1.21702, 1.21902, 1.22102, 1.22302, 1.22502, 1.22702, 1.22902, 1.23102, 1.23302, 1.23502, 1.23702, 1.23902, 1.24102, 1.24302, 1.24502, 1.24702, 1.24902, 1.25102, 1.25302, 1.25502, 1.25702, 1.25902, 1.26102, 1.26302, 1.26502, 1.26702, 1.26902, 1.27102, 1.27302, 1.27502, 1.27702, 1.27802
1.28102, 1.28302, 1.28502, 1.28702, 1.28902, 1.29102, 1.29302, 1.29502, 1.29702, 1.29902, 1.30102, 1.30302, 1.30502, 1.30702, 1.30902, 1.31102, 1.31302, 1.31502, 1.31702, 1.31902, 1.32102, 1.32302, 1.32502, 1.32702, 1.32902, 1.33102, 1.33302, 1.33502, 1.33702, 1.33902, 1.34102, 1.34302, 1.34502, 1.34702, 1.34902, 1.35102, 1.35302, 1.35502, 1.35702, 1.35902, 1.36102, 1.36302, 1.36502, 1.36702, 1.36902, 1.37102, 1.37302, 1.37502, 1.37702, 1.37902, 1.38102, 1.38302, 1.38502, 1.38702, 1.38902, 1.39102, 1.39302, 1.39502, 1.39702, 1.39902, 1.40102, 1.40302, 1.40502, 1.40702, 1.40902, 1.41102, 1.41302, 1.41502, 1.41702, 1.41902, 1.42102, 1.42302, 1.42502, 1.42702, 1.42902, 1.43102, 1.43302, 1.43502, 1.43702, 1.43902, 1.44102, 1.44302, 1.44502, 1.44702, 1.44902, 1.45102, 1.45302, 1.45502, 1.45702, 1.45902, 1.46102, 1.46302, 1.46502, 1.46702, 1.46902, 1.47102, 1.47302, 1.47502, 1.47702, 1.47902, 1.48102, 1.48302, 1.48502, 1.48702, 1.48902, 1.49102, 1.49302, 1.49502, 1.49702, 1.49902, 1.50102, 1.50302, 1.50502, 1.50702, 1.50902, 1.51102, 1.51302, 1.51502, 1.51702, 1.51902, 1.52102, 1.52302, 1.52502, 1.52702, 1.52902, 1.53102, 1.53302, 1.53402
1.53702, 1.53902, 1.54102, 1.54302, 1.54502, 1.54702, 1.54902, 1.55102, 1.55302, 1.55502, 1.55702, 1.55902, 1.56102, 1.56302, 1.56502, 1.56702, 1.56902, 1.57102, 1.57302, 1.57502, 1.57702, 1.57902, 1.58102, 1.58302, 1.58502, 1.58702, 1.58902, 1.59102, 1.59302, 1.59502, 1.59702, 1.59902, 1.60102, 1.60302, 1.60502, 1.60702, 1.60902, 1.61102, 1.61302, 1.61502, 1.61702, 1.61902, 1.62102, 1.62302, 1.62502, 1.62702, 1.62902, 1.63102, 1.63302, 1.63502, 1.63702, 1.63902, 1.64102, 1.64302, 1.64502, 1.64702, 1.64902, 1.65102, 1.65302, 1.65502, 1.65702, 1.65902, 1.66102, 1.66302, 1.66502, 1.66702, 1.66902, 1.67102, 1.67302, 1.67502, 1.67702, 1.67902, 1.68102, 1.68302, 1.68502, 1.68702, 1.68902, 1.69102, 1.69302, 1.69502, 1.69702, 1.69902, 1.70102, 1.70302, 1.70502, 1.70702, 1.70902, 1.71102, 1.71302, 1.71502, 1.71702, 1.71902, 1.72102, 1.72302, 1.72502, 1.72702, 1.72902, 1.73102, 1.73302, 1.73502, 1.73702, 1.73902, 1.74102, 1.74302, 1.74502, 1.74702, 1.74902, 1.75102, 1.75302, 1.75502, 1.75702, 1.75902, 1.76102, 1.76302, 1.76502, 1.76702, 1.76902, 1.77102, 1.77302, 1.77502, 1.77702, 1.77902, 1.78102, 1.78302, 1.78502, 1.78702, 1.78902, 1.79002
1.79302, 1.79502, 1.79702, 1.79902, 1.80102, 1.80302, 1.80502, 1.80702, 1.80902, 1.81102, 1.81302, 1.81502, 1.81702, 1.81902, 1.82102, 1.82302, 1.82502, 1.82702, 1.82902, 1.83102, 1.83302, 1.83502, 1.83702, 1.83902, 1.84102, 1.84302, 1.84502, 1.84702, 1.84902, 1.85102, 1.85302, 1.85502, 1.85702, 1.85902, 1.86102, 1.86302, 1.86502, 1.86702, 1.86902, 1.87102, 1.87302, 1.87502, 1.87702, 1.87902, 1.88102, 1.88302, 1.88502, 1.88702, 1.88902, 1.89102, 1.89302, 1.89502, 1.89702, 1.89902, 1.90102, 1.90302, 1.90502, 1.90702, 1.90902, 1.91102, 1.91302, 1.91502, 1.91702, 1.91902, 1.92102, 1.92302, 1.92502, 1.92702, 1.92902, 1.93102, 1.93302, 1.93502, 1.93702, 1.93902, 1.94102, 1.94302, 1.94502, 1.94702, 1.94902, 1.95102, 1.95302, 1.95502, 1.95702, 1.95902, 1.96102, 1.96302, 1.96502, 1.96702, 1.96902, 1.97102, 1.97302, 1.97502, 1.97702, 1.97902, 1.98102, 1.98302, 1.98502, 1.98702, 1.98902, 1.99102, 1.99302, 1.99502, 1.99702, 1.99902, 2.00102, 2.00302, 2.00502, 2.00702, 2.00902, 2.01102, 2.01302, 2.01502, 2.01702, 2.01902, 2.02102, 2.02302, 2.02502, 2.02702, 2.02902, 2.03102, 2.03302, 2.03502, 2.03702, 2.03902, 2.04102, 2.04302, 2.04502, 2.04602
2.04902, 2.05102, 2.05302, 2.05502, 2.05702, 2.05902, 2.06102, 2.06302, 2.06502, 2.06702, 2.06902, 2.07102, 2.07302, 2.07502, 2.07702, 2.07902, 2.08102, 2.08302, 2.08502, 2.08702, 2.08902, 2.09102, 2.09302, 2.09502, 2.09702, 2.09902, 2.10102, 2.10302, 2.10502, 2.10702, 2.10902, 2.11102, 2.11302, 2.11502, 2.11702, 2.11902, 2.12102, 2.12302, 2.12502, 2.12702, 2.12902, 2.13102, 2.13302, 2.13502, 2.13702, 2.13902, 2.14102, 2.14302, 2.14502, 2.14702, 2.14902, 2.15102, 2.15302, 2.15502, 2.15702, 2.15902, 2.16102, 2.16302, 2.16502, 2.16702, 2.16902, 2.17102, 2.17302, 2.17502, 2.17702, 2.17902, 2.18102, 2.18302, 2.18502, 2.18702, 2.18902, 2.19102, 2.19302, 2.19502, 2.19702, 2.19902, 2.20102, 2.20302, 2.20502, 2.20702, 2.20902, 2.21102, 2.21302, 2.21502, 2.21702, 2.21902, 2.22102, 2.22302, 2.22502, 2.22702, 2.22902, 2.23102, 2.23302, 2.23502, 2.23702, 2.23902, 2.24102, 2.24302, 2.24502, 2.24702, 2.24902, 2.25102, 2.25302, 2.25502, 2.25702, 2.25902, 2.26102, 2.26302, 2.26502, 2.26702, 2.26902, 2.27102, 2.27302, 2.27502, 2.27702, 2.27902, 2.28102, 2.28302, 2.28502, 2.28702, 2.28902, 2.29102, 2.29302, 2.29502, 2.29702, 2.29902, 2.30102, 2.30202
2.30502, 2.30702, 2.30902, 2.31102, 2.31302, 2.31502, 2.31702, 2.31902, 2.32102, 2.32302, 2.32502, 2.32702, 2.32902, 2.33102, 2.33302, 2.33502, 2.33702, 2.33902, 2.34102, 2.34302, 2.34502, 2.34702, 2.34902, 2.35102, 2.35302, 2.35502, 2.35702, 2.35902, 2.36102, 2.36302, 2.36502, 2.36702, 2.36902, 2.37102, 2.37302, 2.37502, 2.37702, 2.37902, 2.38102, 2.38302, 2.38502, 2.38702, 2.38902, 2.39102, 2.39302, 2.39502, 2.39702, 2.39902, 2.40102, 2.40302, 2.40502, 2.40702, 2.40902, 2.41102, 2.41302, 2.41502, 2.41702, 2.41902, 2.42102, 2.42302, 2.42502, 2.42702, 2.42902, 2.43102, 2.43302, 2.43502, 2.43702, 2.43902, 2.44102, 2.44302, 2.44502, 2.44702, 2.44902, 2.45102, 2.45302, 2.45502, 2.45702, 2.45902, 2.46102, 2.46302, 2.46502, 2.46702, 2.46902, 2.47102, 2.47302, 2.47502, 2.47702, 2.47902, 2.48102, 2.48302, 2.48502, 2.48702, 2.48902, 2.49102, 2.49302, 2.49502, 2.49702, 2.49902, 2.50102, 2.50302, 2.50502, 2.50702, 2.50902, 2.51102, 2.51302, 2.51502, 2.51702, 2.51902, 2.52102, 2.52302, 2.52502, 2.52702, 2.52902, 2.53102, 2.53302, 2.53502, 2.53702, 2.53902, 2.54102, 2.54302, 2.54502, 2.54702, 2.54902, 2.55102, 2.55302, 2.55502, 2.55702, 2.55802
2.56102, 2.56302, 2.56502, 2.56702, 2.56902, 2.57102, 2.57302, 2.57502, 2.57702, 2.57902, 2.58102, 2.58302, 2.58502, 2.58702, 2.58902, 2.59102, 2.59302, 2.59502, 2.59702, 2.59902, 2.60102, 2.60302, 2.60502, 2.60702, 2.60902, 2.61102, 2.61302, 2.61502, 2.61702, 2.61902, 2.62102, 2.62302, 2.62502, 2.62702, 2.62902, 2.63102, 2.63302, 2.63502, 2.63702, 2.63902, 2.64102, 2.64302, 2.64502, 2.64702, 2.64902, 2.65102, 2.65302, 2.65502, 2.65702, 2.65902, 2.66102, 2.66302, 2.66502, 2.66702, 2.66902, 2.67102, 2.67302, 2.67502, 2.67702, 2.67902, 2.68102, 2.68302, 2.68502, 2.68702, 2.68902, 2.69102, 2.69302, 2.69502, 2.69702, 2.69902, 2.70102, 2.70302, 2.70502, 2.70702, 2.70902, 2.71102, 2.71302, 2.71502, 2.71702, 2.71902, 2.72102, 2.72302, 2.72502, 2.72702, 2.72902, 2.73102, 2.73302, 2.73502, 2.73702, 2.73902, 2.74102, 2.74302, 2.74502, 2.74702, 2.74902, 2.75102, 2.75302, 2.75502, 2.75702, 2.75902, 2.76102, 2.76302, 2.76502, 2.76702, 2.76902, 2.77102, 2.77302, 2.77502, 2.77702, 2.77902, 2.78102, 2.78302, 2.78502, 2.78702, 2.78902, 2.79102, 2.79302, 2.79502, 2.79702, 2.79902, 2.80102, 2.80302, 2.80502, 2.80702, 2.80902, 2.81102, 2.81302, 2.81402
2.81702, 2.81902, 2.82102, 2.82302, 2.82502, 2.82702, 2.82902, 2.83102, 2.83302, 2.83502, 2.83702, 2.83902, 2.84102, 2.84302, 2.84502, 2.84702, 2.84902, 2.85102, 2.85302, 2.85502, 2.85702, 2.85902, 2.86102, 2.86302, 2.86502, 2.86702, 2.86902, 2.87102, 2.87302, 2.87502, 2.87702, 2.87902, 2.88102, 2.88302, 2.88502, 2.88702, 2.88902, 2.89102, 2.89302, 2.89502, 2.89702, 2.89902, 2.90102, 2.90302, 2.90502, 2.90702, 2.90902, 2.91102, 2.91302, 2.91502, 2.91702, 2.91902, 2.92102, 2.92302, 2.92502, 2.92702, 2.92902, 2.93102, 2.93302, 2.93502, 2.93702, 2.93902, 2.94102, 2.94302, 2.94502, 2.94702, 2.94902, 2.95102, 2.95302, 2.95502, 2.95702, 2.95902, 2.96102, 2.96302, 2.96502, 2.96702, 2.96902, 2.97102, 2.97302, 2.97502, 2.97702, 2.97902, 2.98102, 2.98302, 2.98502, 2.98702, 2.98902, 2.99102, 2.99302, 2.99502, 2.99702, 2.99902, 3.00102, 3.00302, 3.00502, 3.00702, 3.00902, 3.01102, 3.01302, 3.01502, 3.01702, 3.01902, 3.02102, 3.02302, 3.02502, 3.02702, 3.02902, 3.03102, 3.03302, 3.03502, 3.03702, 3.03902, 3.04102, 3.04302, 3.04502, 3.04702, 3.04902, 3.05102, 3.05302, 3.05502, 3.05702, 3.05902, 3.06102, 3.06302, 3.06502, 3.06702, 3.06902, 3.07002
3.07302, 3.07502, 3.07702, 3.07902, 3.08102, 3.08302, 3.08502, 3.08702, 3.08902, 3.09102, 3.09302, 3.09502, 3.09702, 3.09902, 3.10102, 3.10302, 3.10502, 3.10702, 3.10902, 3.11102, 3.11302, 3.11502, 3.11702, 3.11902, 3.12102, 3.12302, 3.12502, 3.12702, 3.12902, 3.13102, 3.13302, 3.13502, 3.13702, 3.13902, 3.14102, 3.14302, 3.14502, 3.14702, 3.14902, 3.15102, 3.15302, 3.15502, 3.15702, 3.15902, 3.16102, 3.16302, 3.16502, 3.16702, 3.16902, 3.17102, 3.17302, 3.17502, 3.17702, 3.17902, 3.18102, 3.18302, 3.18502, 3.18702, 3.18902, 3.19102, 3.19302, 3.19502, 3.19702, 3.19902, 3.20102, 3.20302, 3.20502, 3.20702, 3.20902, 3.21102, 3.21302, 3.21502, 3.21702, 3.21902, 3.22102, 3.22302, 3.22502, 3.22702, 3.22902, 3.23102, 3.23302, 3.23502, 3.23702, 3.23902, 3.24102, 3.24302, 3.24502, 3.24702, 3.24902, 3.25102, 3.25302, 3.25502, 3.25702, 3.25902, 3.26102, 3.26302, 3.26502, 3.26702, 3.26902, 3.27102, 3.27302, 3.27502, 3.27702, 3.27902, 3.28102, 3.28302, 3.28502, 3.28702, 3.28902, 3.29102, 3.29302, 3.29502, 3.29702, 3.29902, 3.30102, 3.30302, 3.30502, 3.30702, 3.30902, 3.31102, 3.31302, 3.31502, 3.31702, 3.31902, 3.32102, 3.32302, 3.32502, 3.32602
3.32902, 3.33102, 3.33302, 3.33502, 3.33702, 3.33902, 3.34102, 3.34302, 3.34502, 3.34702, 3.34902, 3.35102, 3.35302, 3.35502, 3.35702, 3.35902, 3.36102, 3.36302, 3.36502, 3.36702, 3.36902, 3.37102, 3.37302, 3.37502, 3.37702, 3.37902, 3.38102, 3.38302, 3.38502, 3.38702, 3.38902, 3.39102, 3.39302, 3.39502, 3.39702, 3.39902, 3.40102, 3.40302, 3.40502, 3.40702, 3.40902, 3.41102, 3.41302, 3.41502, 3.41702, 3.41902, 3.42102, 3.42302, 3.42502, 3.42702, 3.42902, 3.43102, 3.43302, 3.43502, 3.43702, 3.43902, 3.44102, 3.44302, 3.44502, 3.44702, 3.44902, 3.45102, 3.45302, 3.45502, 3.45702, 3.45902, 3.46102, 3.46302, 3.46502, 3.46702, 3.46902, 3.47102, 3.47302, 3.47502, 3.47702, 3.47902, 3.48102, 3.48302, 3.48502, 3.48702, 3.48902, 3.49102, 3.49302, 3.49502, 3.49702, 3.49902, 3.50102, 3.50302, 3.50502, 3.50702, 3.50902, 3.51102, 3.51302, 3.51502, 3.51702, 3.51902, 3.52102, 3.52302, 3.52502, 3.52702, 3.52902, 3.53102, 3.53302, 3.53502, 3.53702, 3.53902, 3.54102, 3.54302, 3.54502, 3.54702, 3.54902, 3.55102, 3.55302, 3.55502, 3.55702, 3.55902, 3.56102, 3.56302, 3.56502, 3.56702, 3.56902, 3.57102, 3.57302, 3.57502, 3.57702, 3.57902, 3.58102, 3.58202
3.58502, 3.58702, 3.58902, 3.59102, 3.59302, 3.59502, 3.59702, 3.59902, 3.60102, 3.60302, 3.60502, 3.60702, 3.60902, 3.61102, 3.61302, 3.61502, 3.61702, 3.61902, 3.62102, 3.62302, 3.62502, 3.62702, 3.62902, 3.63102, 3.63302, 3.63502, 3.63702, 3.63902, 3.64102, 3.64302, 3.64502, 3.64702, 3.64902, 3.65102, 3.65302, 3.65502, 3.65702, 3.65902, 3.66102, 3.66302, 3.66502, 3.66702, 3.66902, 3.67102, 3.67302, 3.67502, 3.67702, 3.67902, 3.68102, 3.68302, 3.68502, 3.68702, 3.68902, 3.69102, 3.69302, 3.69502, 3.69702, 3.69902, 3.70102, 3.70302, 3.70502, 3.70702, 3.70902, 3.71102, 3.71302, 3.71502, 3.71702, 3.71902, 3.72102, 3.72302, 3.72502, 3.72702, 3.72902, 3.73102, 3.73302, 3.73502, 3.73702, 3.73902, 3.74102, 3.74302, 3.74502, 3.74702, 3.74902, 3.75102, 3.75302, 3.75502, 3.75702, 3.75902, 3.76102, 3.76302, 3.76502, 3.76702, 3.76902, 3.77102, 3.77302, 3.77502, 3.77702, 3.77902, 3.78102, 3.78302, 3.78502, 3.78702, 3.78902, 3.79102, 3.79302, 3.79502, 3.79702, 3.79902, 3.80102, 3.80302, 3.80502, 3.80702, 3.80902, 3.81102, 3.81302, 3.81502, 3.81702, 3.81902, 3.82102, 3.82302, 3.82502, 3.82702, 3.82902, 3.83102, 3.83302, 3.83502, 3.83702, 3.83802
3.84102, 3.84302, 3.84502, 3.84702, 3.84902, 3.85102, 3.85302, 3.85502, 3.85702, 3.85902, 3.86102, 3.86302, 3.86502, 3.86702, 3.86902, 3.87102, 3.87302, 3.87502, 3.87702, 3.87902, 3.88102, 3.88302, 3.88502, 3.88702, 3.88902, 3.89102, 3.89302, 3.89502, 3.89702, 3.89902, 3.90102, 3.90302, 3.90502, 3.90702, 3.90902, 3.91102, 3.91302, 3.91502, 3.91702, 3.91902, 3.92102, 3.92302, 3.92502, 3.92702, 3.92902, 3.93102, 3.93302, 3.93502, 3.93702, 3.93902, 3.94102, 3.94302, 3.94502, 3.94702, 3.94902, 3.95102, 3.95302, 3.95502, 3.95702, 3.95902, 3.96102, 3.96302, 3.96502, 3.96702, 3.96902, 3.97102, 3.97302, 3.97502, 3.97702, 3.97902, 3.98102, 3.98302, 3.98502, 3.98702, 3.98902, 3.99102, 3.99302, 3.99502, 3.99702, 3.99902, 4.00102, 4.00302, 4.00502, 4.00702, 4.00902, 4.01102, 4.01302, 4.01502, 4.01702, 4.01902, 4.02102, 4.02302, 4.02502, 4.02702, 4.02902, 4.03102, 4.03302, 4.03502, 4.03702, 4.03902, 4.04102, 4.04302, 4.04502, 4.04702, 4.04902, 4.05102, 4.05302, 4.05502, 4.05702, 4.05902, 4.06102, 4.06302, 4.06502, 4.06702, 4.06902, 4.07102, 4.07302, 4.07502, 4.07702, 4.07902, 4.08102, 4.08302, 4.08502, 4.08702, 4.08902, 4.09102, 4.09302, 4.09402
4.09702, 4.09902, 4.10102, 4.10302, 4.10502, 4.10702, 4.10902, 4.11102, 4.11302, 4.11502, 4.11702, 4.11902, 4.12102, 4.12302, 4.12502, 4.12702, 4.12902, 4.13102, 4.13302, 4.13502, 4.13702, 4.13902, 4.14102, 4.14302, 4.14502, 4.14702, 4.14902, 4.15102, 4.15302, 4.15502, 4.15702, 4.15902, 4.16102, 4.16302, 4.16502, 4.16702, 4.16902, 4.17102, 4.17302, 4.17502, 4.17702, 4.17902, 4.18102, 4.18302, 4.18502, 4.18702, 4.18902, 4.19102, 4.19302, 4.19502, 4.19702, 4.19902, 4.20102, 4.20302, 4.20502, 4.20702, 4.20902, 4.21102, 4.21302, 4.21502, 4.21702, 4.21902, 4.22102, 4.22302, 4.22502, 4.22702, 4.22902, 4.23102, 4.23302, 4.23502, 4.23702, 4.23902, 4.24102, 4.24302, 4.24502, 4.24702, 4.24902, 4.25102, 4.25302, 4.25502, 4.25702, 4.25902, 4.26102, 4.26302, 4.26502, 4.26702, 4.26902, 4.27102, 4.27302, 4.27502, 4.27702, 4.27902, 4.28102, 4.28302, 4.28502, 4.28702, 4.28902, 4.29102, 4.29302, 4.29502, 4.29702, 4.29902, 4.30102, 4.30302, 4.30502, 4.30702, 4.30902, 4.31102, 4.31302, 4.31502, 4.31702, 4.31902, 4.32102, 4.32302, 4.32502, 4.32702, 4.32902, 4.33102, 4.33302, 4.33502, 4.33702, 4.33902, 4.34102, 4.34302, 4.34502, 4.34702, 4.34902, 4.35002
4.35302, 4.35502, 4.35702, 4.35902, 4.36102, 4.36302, 4.36502, 4.36702, 4.36902, 4.37102, 4.37302, 4.37502, 4.37702, 4.37902, 4.38102, 4.38302, 4.38502, 4.38702, 4.38902, 4.39102, 4.39302, 4.39502, 4.39702, 4.39902, 4.40102, 4.40302, 4.40502, 4.40702, 4.40902, 4.41102, 4.41302, 4.41502, 4.41702, 4.41902, 4.42102, 4.42302, 4.42502, 4.42702, 4.42902, 4.43102, 4.43302, 4.43502, 4.43702, 4.43902, 4.44102, 4.44302, 4.44502, 4.44702, 4.44902, 4.45102, 4.45302, 4.45502, 4.45702, 4.45902, 4.46102, 4.46302, 4.46502, 4.46702, 4.46902, 4.47102, 4.47302, 4.47502, 4.47702, 4.47902, 4.48102, 4.48302, 4.48502, 4.48702, 4.48902, 4.49102, 4.49302, 4.49502, 4.49702, 4.49902, 4.50102, 4.50302, 4.50502, 4.50702, 4.50902, 4.51102, 4.51302, 4.51502, 4.51702, 4.51902, 4.52102, 4.52302, 4.52502, 4.52702, 4.52902, 4.53102, 4.53302, 4.53502, 4.53702, 4.53902, 4.54102, 4.54302, 4.54502, 4.54702, 4.54902, 4.55102, 4.55302, 4.55502, 4.55702, 4.55902, 4.56102, 4.56302, 4.56502, 4.56702, 4.56902, 4.57102, 4.57302, 4.57502, 4.57702, 4.57902, 4.58102, 4.58302, 4.58502, 4.58702, 4.58902, 4.59102, 4.59302, 4.59502, 4.59702, 4.59902, 4.60102, 4.60302, 4.60502, 4.60602
4.60902, 4.61102, 4.61302, 4.61502, 4.61702, 4.61902, 4.62102, 4.62302, 4.62502, 4.62702, 4.62902, 4.63102, 4.63302, 4.63502, 4.63702, 4.63902, 4.64102, 4.64302, 4.64502, 4.64702, 4.64902, 4.65102, 4.65302, 4.65502, 4.65702, 4.65902, 4.66102, 4.66302, 4.66502, 4.66702, 4.66902, 4.67102, 4.67302, 4.67502, 4.67702, 4.67902, 4.68102, 4.68302, 4.68502, 4.68702, 4.68902, 4.69102, 4.69302, 4.69502, 4.69702, 4.69902, 4.70102, 4.70302, 4.70502, 4.70702, 4.70902, 4.71102, 4.71302, 4.71502, 4.71702, 4.71902, 4.72102, 4.72302, 4.72502, 4.72702, 4.72902, 4.73102, 4.73302, 4.73502, 4.73702, 4.73902, 4.74102, 4.74302, 4.74502, 4.74702, 4.74902, 4.75102, 4.75302, 4.75502, 4.75702, 4.75902, 4.76102, 4.76302, 4.76502, 4.76702, 4.76902, 4.77102, 4.77302, 4.77502, 4.77702, 4.77902, 4.78102, 4.78302, 4.78502, 4.78702, 4.78902, 4.79102, 4.79302, 4.79502, 4.79702, 4.79902, 4.80102, 4.80302, 4.80502, 4.80702, 4.80902, 4.81102, 4.81302, 4.81502, 4.81702, 4.81902, 4.82102, 4.82302, 4.82502, 4.82702, 4.82902, 4.83102, 4.83302, 4.83502, 4.83702, 4.83902, 4.84102, 4.84302, 4.84502, 4.84702, 4.84902, 4.85102, 4.85302, 4.85502, 4.85702, 4.85902, 4.86102, 4.86202
4.86502, 4.86702, 4.86902, 4.87102, 4.87302, 4.87502, 4.87702, 4.87902, 4.88102, 4.88302, 4.88502, 4.88702, 4.88902, 4.89102, 4.89302, 4.89502, 4.89702, 4.89902, 4.90102, 4.90302, 4.90502, 4.90702, 4.90902, 4.91102, 4.91302, 4.91502, 4.91702, 4.91902, 4.92102, 4.92302, 4.92502, 4.92702, 4.92902, 4.93102, 4.93302, 4.93502, 4.93702, 4.93902, 4.94102, 4.94302, 4.94502, 4.94702, 4.94902, 4.95102, 4.95302, 4.95502, 4.95702, 4.95902, 4.96102, 4.96302, 4.96502, 4.96702, 4.96902, 4.97102, 4.97302, 4.97502, 4.97702, 4.97902, 4.98102, 4.98302, 4.98502, 4.98702, 4.98902, 4.99102, 4.99302, 4.99502, 4.99702, 4.99902, 5.00102, 5.00302, 5.00502, 5.00702, 5.00902, 5.01102, 5.01302, 5.01502, 5.01702, 5.01902, 5.02102, 5.02302, 5.02502, 5.02702, 5.02902, 5.03102, 5.03302, 5.03502, 5.03702, 5.03902, 5.04102, 5.04302, 5.04502, 5.04702, 5.04902, 5.05102, 5.05302, 5.05502, 5.05702, 5.05902, 5.06102, 5.06302, 5.06502, 5.06702, 5.06902, 5.07102, 5.07302, 5.07502, 5.07702, 5.07902, 5.08102, 5.08302, 5.08502, 5.08702, 5.08902, 5.09102, 5.09302, 5.09502, 5.09702, 5.09902, 5.10102, 5.10302, 5.10502, 5.10702, 5.10902, 5.11102, 5.11302, 5.11502, 5.11702, 5.11802
5.12102, 5.12302, 5.12502, 5.12702, 5.12902, 5.13102, 5.13302, 5.13502, 5.13702, 5.13902, 5.14102, 5.14302, 5.14502, 5.14702, 5.14902, 5.15102, 5.15302, 5.15502, 5.15702, 5.15902, 5.16102, 5.16302, 5.16502, 5.16702, 5.16902, 5.17102, 5.17302, 5.17502, 5.17702, 5.17902, 5.18102, 5.18302, 5.18502, 5.18702, 5.18902, 5.19102, 5.19302, 5.19502, 5.19702, 5.19902, 5.20102, 5.20302, 5.20502, 5.20702, 5.20902, 5.21102, 5.21302, 5.21502, 5.21702, 5.21902, 5.22102, 5.22302, 5.22502, 5.22702, 5.22902, 5.23102, 5.23302, 5.23502, 5.23702, 5.23902, 5.24102, 5.24302, 5.24502, 5.24702, 5.24902, 5.25102, 5.25302, 5.25502, 5.25702, 5.25902, 5.26102, 5.26302, 5.26502, 5.26702, 5.26902, 5.27102, 5.27302, 5.27502, 5.27702, 5.27902, 5.28102, 5.28302, 5.28502, 5.28702, 5.28902, 5.29102, 5.29302, 5.29502, 5.29702, 5.29902, 5.30102, 5.30302, 5.30502, 5.30702, 5.30902, 5.31102, 5.31302, 5.31502, 5.31702, 5.31902, 5.32102, 5.32302, 5.32502, 5.32702, 5.32902, 5.33102, 5.33302, 5.33502, 5.33702, 5.33902, 5.34102, 5.34302, 5.34502, 5.34702, 5.34902, 5.35102, 5.35302, 5.35502, 5.35702, 5.35902, 5.36102, 5.36302, 5.36502, 5.36702, 5.36902, 5.37102, 5.37302, 5.37402
5.37702, 5.37902, 5.38102, 5.38302, 5.38502, 5.38702, 5.38902, 5.39102, 5.39302, 5.39502, 5.39702, 5.39902, 5.40102, 5.40302, 5.40502, 5.40702, 5.40902, 5.41102, 5.41302, 5.41502, 5.41702, 5.41902, 5.42102, 5.42302, 5.42502, 5.42702, 5.42902, 5.43102, 5.43302, 5.43502, 5.43702, 5.43902, 5.44102, 5.44302, 5.44502, 5.44702, 5.44902, 5.45102, 5.45302, 5.45502, 5.45702, 5.45902, 5.46102, 5.46302, 5.46502, 5.46702, 5.46902, 5.47102, 5.47302, 5.47502, 5.47702, 5.47902, 5.48102, 5.48302, 5.48502, 5.48702, 5.48902, 5.49102, 5.49302, 5.49502, 5.49702, 5.49902, 5.50102, 5.50302, 5.50502, 5.50702, 5.50902, 5.51102, 5.51302, 5.51502, 5.51702, 5.51902, 5.52102, 5.52302, 5.52502, 5.52702, 5.52902, 5.53102, 5.53302, 5.53502, 5.53702, 5.53902, 5.54102, 5.54302, 5.54502, 5.54702, 5.54902, 5.55102, 5.55302, 5.55502, 5.55702, 5.55902, 5.56102, 5.56302, 5.56502, 5.56702, 5.56902, 5.57102, 5.57302, 5.57502, 5.57702, 5.57902, 5.58102, 5.58302, 5.58502, 5.58702, 5.58902, 5.59102, 5.59302, 5.59502, 5.59702, 5.59902, 5.60102, 5.60302, 5.60502, 5.60702, 5.60902, 5.61102, 5.61302, 5.61502, 5.61702, 5.61902, 5.62102, 5.62302, 5.62502, 5.62702, 5.62902, 5.63002
5.63302, 5.63502, 5.63702, 5.63902, 5.64102, 5.64302, 5.64502, 5.64702, 5.64902, 5.65102, 5.65302, 5.65502, 5.65702, 5.65902, 5.66102, 5.66302, 5.66502, 5.66702, 5.66902, 5.67102, 5.67302, 5.67502, 5.67702, 5.67902, 5.68102, 5.68302, 5.68502, 5.68702, 5.68902, 5.69102, 5.69302, 5.69502, 5.69702, 5.69902, 5.70102, 5.70302, 5.70502, 5.70702, 5.70902, 5.71102, 5.71302, 5.71502, 5.71702, 5.71902, 5.72102, 5.72302, 5.72502, 5.72702, 5.72902, 5.73102, 5.73302, 5.73502, 5.73702, 5.73902, 5.74102, 5.74302, 5.74502, 5.74702, 5.74902, 5.75102, 5.75302, 5.75502, 5.75702, 5.75902, 5.76102, 5.76302, 5.76502, 5.76702, 5.76902, 5.77102, 5.77302, 5.77502, 5.77702, 5.77902, 5.78102, 5.78302, 5.78502, 5.78702, 5.78902, 5.79102, 5.79302, 5.79502, 5.79702, 5.79902, 5.80102, 5.80302, 5.80502, 5.80702, 5.80902, 5.81102, 5.81302, 5.81502, 5.81702, 5.81902, 5.82102, 5.82302, 5.82502, 5.82702, 5.82902, 5.83102, 5.83302, 5.83502, 5.83702, 5.83902, 5.84102, 5.84302, 5.84502, 5.84702, 5.84902, 5.85102, 5.85302, 5.85502, 5.85702, 5.85902, 5.86102, 5.86302, 5.86502, 5.86702, 5.86902, 5.87102, 5.87302, 5.87502, 5.87702, 5.87902, 5.88102, 5.88302, 5.88502, 5.88602
5.88902, 5.89102, 5.89302, 5.89502, 5.89702, 5.89902, 5.90102, 5.90302, 5.90502, 5.90702, 5.90902, 5.91102, 5.91302, 5.91502, 5.91702, 5.91902, 5.92102, 5.92302, 5.92502, 5.92702, 5.92902, 5.93102, 5.93302, 5.93502, 5.93702, 5.93902, 5.94102, 5.94302, 5.94502, 5.94702, 5.94902, 5.95102, 5.95302, 5.95502, 5.95702, 5.95902, 5.96102, 5.96302, 5.96502, 5.96702, 5.96902, 5.97102, 5.97302, 5.97502, 5.97702, 5.97902, 5.98102, 5.98302, 5.98502, 5.98702, 5.98902, 5.99102, 5.99302, 5.99502, 5.99702, 5.99902, 6.00102, 6.00302, 6.00502, 6.00702, 6.00902, 6.01102, 6.01302, 6.01502, 6.01702, 6.01902, 6.02102, 6.02302, 6.02502, 6.02702, 6.02902, 6.03102, 6.03302, 6.03502, 6.03702, 6.03902, 6.04102, 6.04302, 6.04502, 6.04702, 6.04902, 6.05102, 6.05302, 6.05502, 6.05702, 6.05902, 6.06102, 6.06302, 6.06502, 6.06702, 6.06902, 6.07102, 6.07302, 6.07502, 6.07702, 6.07902, 6.08102, 6.08302, 6.08502, 6.08702, 6.08902, 6.09102, 6.09302, 6.09502, 6.09702, 6.09902, 6.10102, 6.10302, 6.10502, 6.10702, 6.10902, 6.11102, 6.11302, 6.11502, 6.11702, 6.11902, 6.12102, 6.12302, 6.12502, 6.12702, 6.12902, 6.13102, 6.13302, 6.13502, 6.13702, 6.13902, 6.14102, 6.14202
6.14502, 6.14702, 6.14902, 6.15102, 6.15302, 6.15502, 6.15702, 6.15902, 6.16102, 6.16302, 6.16502, 6.16702, 6.16902, 6.17102, 6.17302, 6.17502, 6.17702, 6.17902, 6.18102, 6.18302, 6.18502, 6.18702, 6.18902, 6.19102, 6.19302, 6.19502, 6.19702, 6.19902, 6.20102, 6.20302, 6.20502, 6.20702, 6.20902, 6.21102, 6.21302, 6.21502, 6.21702, 6.21902, 6.22102, 6.22302, 6.22502, 6.22702, 6.22902, 6.23102, 6.23302, 6.23502, 6.23702, 6.23902, 6.24102, 6.24302, 6.24502, 6.24702, 6.24902, 6.25102, 6.25302, 6.25502, 6.25702, 6.25902, 6.26102, 6.26302, 6.26502, 6.26702, 6.26902, 6.27102, 6.27302, 6.27502, 6.27702, 6.27902, 6.28102, 6.28302, 6.28502, 6.28702, 6.28902, 6.29102, 6.29302, 6.29502, 6.29702, 6.29902, 6.30102, 6.30302, 6.30502, 6.30702, 6.30902, 6.31102, 6.31302, 6.31502, 6.31702, 6.31902, 6.32102, 6.32302, 6.32502, 6.32702, 6.32902, 6.33102, 6.33302, 6.33502, 6.33702, 6.33902, 6.34102, 6.34302, 6.34502, 6.34702, 6.34902, 6.35102, 6.35302, 6.35502, 6.35702, 6.35902, 6.36102, 6.36302, 6.36502, 6.36702, 6.36902, 6.37102, 6.37302, 6.37502, 6.37702, 6.37902, 6.38102, 6.38302, 6.38502, 6.38702, 6.38902, 6.39102, 6.39302, 6.39502, 6.39702, 6.39802
6.40102, 6.40302, 6.40502, 6.40702, 6.40902, 6.41102, 6.41302, 6.41502, 6.41702, 6.41902, 6.42102, 6.42302, 6.42502, 6.42702, 6.42902, 6.43102, 6.43302, 6.43502, 6.43702, 6.43902, 6.44102, 6.44302, 6.44502, 6.44702, 6.44902, 6.45102, 6.45302, 6.45502, 6.45702, 6.45902, 6.46102, 6.46302, 6.46502, 6.46702, 6.46902, 6.47102, 6.47302, 6.47502, 6.47702, 6.47902, 6.48102, 6.48302, 6.48502, 6.48702, 6.48902, 6.49102, 6.49302, 6.49502, 6.49702, 6.49902, 6.50102, 6.50302, 6.50502, 6.50702, 6.50902, 6.51102, 6.51302, 6.51502, 6.51702, 6.51902, 6.52102, 6.52302, 6.52502, 6.52702, 6.52902, 6.53102, 6.53302, 6.53502, 6.53702, 6.53902, 6.54102, 6.54302, 6.54502, 6.54702, 6.54902, 6.55102, 6.55302, 6.55502, 6.55702, 6.55902, 6.56102, 6.56302, 6.56502, 6.56702, 6.56902, 6.57102, 6.57302, 6.57502, 6.57702, 6.57902, 6.58102, 6.58302, 6.58502, 6.58702, 6.58902, 6.59102, 6.59302, 6.59502, 6.59702, 6.59902, 6.60102, 6.60302, 6.60502, 6.60702, 6.60902, 6.61102, 6.61302, 6.61502, 6.61702, 6.61902, 6.62102, 6.62302, 6.62502, 6.62702, 6.62902, 6.63102, 6.63302, 6.63502, 6.63702, 6.63902, 6.64102, 6.64302, 6.64502, 6.64702, 6.64902, 6.65102, 6.65302, 6.65402
6.65702, 6.65902, 6.66102, 6.66302, 6.66502, 6.66702, 6.66902, 6.67102, 6.67302, 6.67502, 6.67702, 6.67902, 6.68102, 6.68302, 6.68502, 6.68702, 6.68902, 6.69102, 6.69302, 6.69502, 6.69702, 6.69902, 6.70102, 6.70302, 6.70502, 6.70702, 6.70902, 6.71102, 6.71302, 6.71502, 6.71702, 6.71902, 6.72102, 6.72302, 6.72502, 6.72702, 6.72902, 6.73102, 6.73302, 6.73502, 6.73702, 6.73902, 6.74102, 6.74302, 6.74502, 6.74702, 6.74902, 6.75102, 6.75302, 6.75502, 6.75702, 6.75902, 6.76102, 6.76302, 6.76502, 6.76702, 6.76902, 6.77102, 6.77302, 6.77502, 6.77702, 6.77902, 6.78102, 6.78302, 6.78502, 6.78702, 6.78902, 6.79102, 6.79302, 6.79502, 6.79702, 6.79902, 6.80102, 6.80302, 6.80502, 6.80702, 6.80902, 6.81102, 6.81302, 6.81502, 6.81702, 6.81902, 6.82102, 6.82302, 6.82502, 6.82702, 6.82902, 6.83102, 6.83302, 6.83502, 6.83702, 6.83902, 6.84102, 6.84302, 6.84502, 6.84702, 6.84902, 6.85102, 6.85302, 6.85502, 6.85702, 6.85902, 6.86102, 6.86302, 6.86502, 6.86702, 6.86902, 6.87102, 6.87302, 6.87502, 6.87702, 6.87902, 6.88102, 6.88302, 6.88502, 6.88702, 6.88902, 6.89102, 6.89302, 6.89502, 6.89702, 6.89902, 6.90102, 6.90302, 6.90502, 6.90702, 6.90902, 6.91002
6.91302, 6.91502, 6.91702, 6.91902, 6.92102, 6.92302, 6.92502, 6.92702, 6.92902, 6.93102, 6.93302, 6.93502, 6.93702, 6.93902, 6.94102, 6.94302, 6.94502, 6.94702, 6.94902, 6.95102, 6.95302, 6.95502, 6.95702, 6.95902, 6.96102, 6.96302, 6.96502, 6.96702, 6.96902, 6.97102, 6.97302, 6.97502, 6.97702, 6.97902, 6.98102, 6.98302, 6.98502, 6.98702, 6.98902, 6.99102, 6.99302, 6.99502, 6.99702, 6.99902, 7.00102, 7.00302, 7.00502, 7.00702, 7.00902, 7.01102, 7.01302, 7.01502, 7.01702, 7.01902, 7.02102, 7.02302, 7.02502, 7.02702, 7.02902, 7.03102, 7.03302, 7.03502, 7.03702, 7.03902, 7.04102, 7.04302, 7.04502, 7.04702, 7.04902, 7.05102, 7.05302, 7.05502, 7.05702, 7.05902, 7.06102, 7.06302, 7.06502, 7.06702, 7.06902, 7.07102, 7.07302, 7.07502, 7.07702, 7.07902, 7.08102, 7.08302, 7.08502, 7.08702, 7.08902, 7.09102, 7.09302, 7.09502, 7.09702, 7.09902, 7.10102, 7.10302, 7.10502, 7.10702, 7.10902, 7.11102, 7.11302, 7.11502, 7.11702, 7.11902, 7.12102, 7.12302, 7.12502, 7.12702, 7.12902, 7.13102, 7.13302, 7.13502, 7.13702, 7.13902, 7.14102, 7.14302, 7.14502, 7.14702, 7.14902, 7.15102, 7.15302, 7.15502, 7.15702, 7.15902, 7.16102, 7.16302, 7.16502, 7.16602
7.16902, 7.17102, 7.17302, 7.17502, 7.17702, 7.17902, 7.18102, 7.18302, 7.18502, 7.18702, 7.18902, 7.19102, 7.19302, 7.19502, 7.19702, 7.19902, 7.20102, 7.20302, 7.20502, 7.20702, 7.20902, 7.21102, 7.21302, 7.21502, 7.21702, 7.21902, 7.22102, 7.22302, 7.22502, 7.22702, 7.22902, 7.23102, 7.23302, 7.23502, 7.23702, 7.23902, 7.24102, 7.24302, 7.24502, 7.24702, 7.24902, 7.25102, 7.25302, 7.25502, 7.25702, 7.25902, 7.26102, 7.26302, 7.26502, 7.26702, 7.26902, 7.27102, 7.27302, 7.27502, 7.27702, 7.27902, 7.28102, 7.28302, 7.28502, 7.28702, 7.28902, 7.29102, 7.29302, 7.29502, 7.29702, 7.29902, 7.30102, 7.30302, 7.30502, 7.30702, 7.30902, 7.31102, 7.31302, 7.31502, 7.31702, 7.31902, 7.32102, 7.32302, 7.32502, 7.32702, 7.32902, 7.33102, 7.33302, 7.33502, 7.33702, 7.33902, 7.34102, 7.34302, 7.34502, 7.34702, 7.34902, 7.35102, 7.35302, 7.35502, 7.35702, 7.35902, 7.36102, 7.36302, 7.36502, 7.36702, 7.36902, 7.37102, 7.37302, 7.37502, 7.37702, 7.37902, 7.38102, 7.38302, 7.38502, 7.38702, 7.38902, 7.39102, 7.39302, 7.39502, 7.39702, 7.39902, 7.40102, 7.40302, 7.40502, 7.40702, 7.40902, 7.41102, 7.41302, 7.41502, 7.41702, 7.41902, 7.42102, 7.42202
7.42502, 7.42702, 7.42902, 7.43102, 7.43302, 7.43502, 7.43702, 7.43902, 7.44102, 7.44302, 7.44502, 7.44702, 7.44902, 7.45102, 7.45302, 7.45502, 7.45702, 7.45902, 7.46102, 7.46302, 7.46502, 7.46702, 7.46902, 7.47102, 7.47302, 7.47502, 7.47702, 7.47902, 7.48102, 7.48302, 7.48502, 7.48702, 7.48902, 7.49102, 7.49302, 7.49502, 7.49702, 7.49902, 7.50102, 7.50302, 7.50502, 7.50702, 7.50902, 7.51102, 7.51302, 7.51502, 7.51702, 7.51902, 7.52102, 7.52302, 7.52502, 7.52702, 7.52902, 7.53102, 7.53302, 7.53502, 7.53702, 7.53902, 7.54102, 7.54302, 7.54502, 7.54702, 7.54902, 7.55102, 7.55302, 7.55502, 7.55702, 7.55902, 7.56102, 7.56302, 7.56502, 7.56702, 7.56902, 7.57102, 7.57302, 7.57502, 7.57702, 7.57902, 7.58102, 7.58302, 7.58502, 7.58702, 7.58902, 7.59102, 7.59302, 7.59502, 7.59702, 7.59902, 7.60102, 7.60302, 7.60502, 7.60702, 7.60902, 7.61102, 7.61302, 7.61502, 7.61702, 7.61902, 7.62102, 7.62302, 7.62502, 7.62702, 7.62902, 7.63102, 7.63302, 7.63502, 7.63702, 7.63902, 7.64102, 7.64302, 7.64502, 7.64702, 7.64902, 7.65102, 7.65302, 7.65502, 7.65702, 7.65902, 7.66102, 7.66302, 7.66502, 7.66702, 7.66902, 7.67102, 7.67302, 7.67502, 7.67702, 7.67802
7.68102, 7.68302, 7.68502, 7.68702, 7.68902, 7.69102, 7.69302, 7.69502, 7.69702, 7.69902, 7.70102, 7.70302, 7.70502, 7.70702, 7.70902, 7.71102, 7.71302, 7.71502, 7.71702, 7.71902, 7.72102, 7.72302, 7.72502, 7.72702, 7.72902, 7.73102, 7.73302, 7.73502, 7.73702, 7.73902, 7.74102, 7.74302, 7.74502, 7.74702, 7.74902, 7.75102, 7.75302, 7.75502, 7.75702, 7.75902, 7.76102, 7.76302, 7.76502, 7.76702, 7.76902, 7.77102, 7.77302, 7.77502, 7.77702, 7.77902, 7.78102, 7.78302, 7.78502, 7.78702, 7.78902, 7.79102, 7.79302, 7.79502, 7.79702, 7.79902, 7.80102, 7.80302, 7.80502, 7.80702, 7.80902, 7.81102, 7.81302, 7.81502, 7.81702, 7.81902, 7.82102, 7.82302, 7.82502, 7.82702, 7.82902, 7.83102, 7.83302, 7.83502, 7.83702, 7.83902, 7.84102, 7.84302, 7.84502, 7.84702, 7.84902, 7.85102, 7.85302, 7.85502, 7.85702, 7.85902, 7.86102, 7.86302, 7.86502, 7.86702, 7.86902, 7.87102, 7.87302, 7.87502, 7.87702, 7.87902, 7.88102, 7.88302, 7.88502, 7.88702, 7.88902, 7.89102, 7.89302, 7.89502, 7.89702, 7.89902, 7.90102, 7.90302, 7.90502, 7.90702, 7.90902, 7.91102, 7.91302, 7.91502, 7.91702, 7.91902, 7.92102, 7.92302, 7.92502, 7.92702, 7.92902, 7.93102, 7.93302, 7.93402
7.93702, 7.93902, 7.94102, 7.94302, 7.94502, 7.94702, 7.94902, 7.95102, 7.95302, 7.95502, 7.95702, 7.95902, 7.96102, 7.96302, 7.96502, 7.96702, 7.96902, 7.97102, 7.97302, 7.97502, 7.97702, 7.97902, 7.98102, 7.98302, 7.98502, 7.98702, 7.98902, 7.99102, 7.99302, 7.99502, 7.99702, 7.99902, 8.00102, 8.00302, 8.00502, 8.00702, 8.00902, 8.01102, 8.01302, 8.01502, 8.01702, 8.01902, 8.02102, 8.02302, 8.02502, 8.02702, 8.02902, 8.03102, 8.03302, 8.03502, 8.03702, 8.03902, 8.04102, 8.04302, 8.04502, 8.04702, 8.04902, 8.05102, 8.05302, 8.05502, 8.05702, 8.05902, 8.06102, 8.06302, 8.06502, 8.06702, 8.06902, 8.07102, 8.07302, 8.07502, 8.07702, 8.07902, 8.08102, 8.08302, 8.08502, 8.08702, 8.08902, 8.09102, 8.09302, 8.09502, 8.09702, 8.09902, 8.10102, 8.10302, 8.10502, 8.10702, 8.10902, 8.11102, 8.11302, 8.11502, 8.11702, 8.11902, 8.12102, 8.12302, 8.12502, 8.12702, 8.12902, 8.13102, 8.13302, 8.13502, 8.13702, 8.13902, 8.14102, 8.14302, 8.14502, 8.14702, 8.14902, 8.15102, 8.15302, 8.15502, 8.15702, 8.15902, 8.16102, 8.16302, 8.16502, 8.16702, 8.16902, 8.17102, 8.17302, 8.17502, 8.17702, 8.17902, 8.18102, 8.18302, 8.18502, 8.18702, 8.18902, 8.19002
8.19302, 8.19502, 8.19702, 8.19902, 8.20102, 8.20302, 8.20502, 8.20702, 8.20902, 8.21102, 8.21302, 8.21502, 8.21702, 8.21902, 8.22102, 8.22302, 8.22502, 8.22702, 8.22902, 8.23102, 8.23302, 8.23502, 8.23702, 8.23902, 8.24102, 8.24302, 8.24502, 8.24702, 8.24902, 8.25102, 8.25302, 8.25502, 8.25702, 8.25902, 8.26102, 8.26302, 8.26502, 8.26702, 8.26902, 8.27102, 8.27302, 8.27502, 8.27702, 8.27902, 8.28102, 8.28302, 8.28502, 8.28702, 8.28902, 8.29102, 8.29302, 8.29502, 8.29702, 8.29902, 8.30102, 8.30302, 8.30502, 8.30702, 8.30902, 8.31102, 8.31302, 8.31502, 8.31702, 8.31902, 8.32102, 8.32302, 8.32502, 8.32702, 8.32902, 8.33102, 8.33302, 8.33502, 8.33702, 8.33902, 8.34102, 8.34302, 8.34502, 8.34702, 8.34902, 8.35102, 8.35302, 8.35502, 8.35702, 8.35902, 8.36102, 8.36302, 8.36502, 8.36702, 8.36902, 8.37102, 8.37302, 8.37502, 8.37702, 8.37902, 8.38102, 8.38302, 8.38502, 8.38702, 8.38902, 8.39102, 8.39302, 8.39502, 8.39702, 8.39902, 8.40102, 8.40302, 8.40502, 8.40702, 8.40902, 8.41102, 8.41302, 8.41502, 8.41702, 8.41902, 8.42102, 8.42302, 8.42502, 8.42702, 8.42902, 8.43102, 8.43302, 8.43502, 8.43702, 8.43902, 8.44102, 8.44302, 8.44502, 8.44602
8.44902, 8.45102, 8.45302, 8.45502, 8.45702, 8.45902, 8.46102, 8.46302, 8.46502, 8.46702, 8.46902, 8.47102, 8.47302, 8.47502, 8.47702, 8.47902, 8.48102, 8.48302, 8.48502, 8.48702, 8.48902, 8.49102, 8.49302, 8.49502, 8.49702, 8.49902, 8.50102, 8.50302, 8.50502, 8.50702, 8.50902, 8.51102, 8.51302, 8.51502, 8.51702, 8.51902, 8.52102, 8.52302, 8.52502, 8.52702, 8.52902, 8.53102, 8.53302, 8.53502, 8.53702, 8.53902, 8.54102, 8.54302, 8.54502, 8.54702, 8.54902, 8.55102, 8.55302, 8.55502, 8.55702, 8.55902, 8.56102, 8.56302, 8.56502, 8.56702, 8.56902, 8.57102, 8.57302, 8.57502, 8.57702, 8.57902, 8.58102, 8.58302, 8.58502, 8.58702, 8.58902, 8.59102, 8.59302, 8.59502, 8.59702, 8.59902, 8.60102, 8.60302, 8.60502, 8.60702, 8.60902, 8.61102, 8.61302, 8.61502, 8.61702, 8.61902, 8.62102, 8.62302, 8.62502, 8.62702, 8.62902, 8.63102, 8.63302, 8.63502, 8.63702, 8.63902, 8.64102, 8.64302, 8.64502, 8.64702, 8.64902, 8.65102, 8.65302, 8.65502, 8.65702, 8.65902, 8.66102, 8.66302, 8.66502, 8.66702, 8.66902, 8.67102, 8.67302, 8.67502, 8.67702, 8.67902, 8.68102, 8.68302, 8.68502, 8.68702, 8.68902, 8.69102, 8.69302, 8.69502, 8.69702, 8.69902, 8.70102, 8.70202
8.70502, 8.70702, 8.70902, 8.71102, 8.71302, 8.71502, 8.71702, 8.71902, 8.72102, 8.72302, 8.72502, 8.72702, 8.72902, 8.73102, 8.73302, 8.73502, 8.73702, 8.73902, 8.74102, 8.74302, 8.74502, 8.74702, 8.74902, 8.75102, 8.75302, 8.75502, 8.75702, 8.75902, 8.76102, 8.76302, 8.76502, 8.76702, 8.76902, 8.77102, 8.77302, 8.77502, 8.77702, 8.77902, 8.78102, 8.78302, 8.78502, 8.78702, 8.78902, 8.79102, 8.79302, 8.79502, 8.79702, 8.79902, 8.80102, 8.80302, 8.80502, 8.80702, 8.80902, 8.81102, 8.81302, 8.81502, 8.81702, 8.81902, 8.82102, 8.82302, 8.82502, 8.82702, 8.82902, 8.83102, 8.83302, 8.83502, 8.83702, 8.83902, 8.84102, 8.84302, 8.84502, 8.84702, 8.84902, 8.85102, 8.85302, 8.85502, 8.85702, 8.85902, 8.86102, 8.86302, 8.86502, 8.86702, 8.86902, 8.87102, 8.87302, 8.87502, 8.87702, 8.87902, 8.88102, 8.88302, 8.88502, 8.88702, 8.88902, 8.89102, 8.89302, 8.89502, 8.89702, 8.89902, 8.90102, 8.90302, 8.90502, 8.90702, 8.90902, 8.91102, 8.91302, 8.91502, 8.91702, 8.91902, 8.92102, 8.92302, 8.92502, 8.92702, 8.92902, 8.93102, 8.93302, 8.93502, 8.93702, 8.93902, 8.94102, 8.94302, 8.94502, 8.94702, 8.94902, 8.95102, 8.95302, 8.95502, 8.95702, 8.95802
8.96102, 8.96302, 8.96502, 8.96702, 8.96902, 8.97102, 8.97302, 8.97502, 8.97702, 8.97902, 8.98102, 8.98302, 8.98502, 8.98702, 8.98902, 8.99102, 8.99302, 8.99502, 8.99702, 8.99902, 9.00102, 9.00302, 9.00502, 9.00702, 9.00902, 9.01102, 9.01302, 9.01502, 9.01702, 9.01902, 9.02102, 9.02302, 9.02502, 9.02702, 9.02902, 9.03102, 9.03302, 9.03502, 9.03702, 9.03902, 9.04102, 9.04302, 9.04502, 9.04702, 9.04902, 9.05102, 9.05302, 9.05502, 9.05702, 9.05902, 9.06102, 9.06302, 9.06502, 9.06702, 9.06902, 9.07102, 9.07302, 9.07502, 9.07702, 9.07902, 9.08102, 9.08302, 9.08502, 9.08702, 9.08902, 9.09102, 9.09302, 9.09502, 9.09702, 9.09902, 9.10102, 9.10302, 9.10502, 9.10702, 9.10902, 9.11102, 9.11302, 9.11502, 9.11702, 9.11902, 9.12102, 9.12302, 9.12502, 9.12702, 9.12902, 9.13102, 9.13302, 9.13502, 9.13702, 9.13902, 9.14102, 9.14302, 9.14502, 9.14702, 9.14902, 9.15102, 9.15302, 9.15502, 9.15702, 9.15902, 9.16102, 9.16302, 9.16502, 9.16702, 9.16902, 9.17102, 9.17302, 9.17502, 9.17702, 9.17902, 9.18102, 9.18302, 9.18502, 9.18702, 9.18902, 9.19102, 9.19302, 9.19502, 9.19702, 9.19902, 9.20102, 9.20302, 9.20502, 9.20702, 9.20902, 9.21102, 9.21302, 9.21402
9.21702, 9.21902, 9.22102, 9.22302, 9.22502, 9.22702, 9.22902, 9.23102, 9.23302, 9.23502, 9.23702, 9.23902, 9.24102, 9.24302, 9.24502, 9.24702, 9.24902, 9.25102, 9.25302, 9.25502, 9.25702, 9.25902, 9.26102, 9.26302, 9.26502, 9.26702, 9.26902, 9.27102, 9.27302, 9.27502, 9.27702, 9.27902, 9.28102, 9.28302, 9.28502, 9.28702, 9.28902, 9.29102, 9.29302, 9.29502, 9.29702, 9.29902, 9.30102, 9.30302, 9.30502, 9.30702, 9.30902, 9.31102, 9.31302, 9.31502, 9.31702, 9.31902, 9.32102, 9.32302, 9.32502, 9.32702, 9.32902, 9.33102, 9.33302, 9.33502, 9.33702, 9.33902, 9.34102, 9.34302, 9.34502, 9.34702, 9.34902, 9.35102, 9.35302, 9.35502, 9.35702, 9.35902, 9.36102, 9.36302, 9.36502, 9.36702, 9.36902, 9.37102, 9.37302, 9.37502, 9.37702, 9.37902, 9.38102, 9.38302, 9.38502, 9.38702, 9.38902, 9.39102, 9.39302, 9.39502, 9.39702, 9.39902, 9.40102, 9.40302, 9.40502, 9.40702, 9.40902, 9.41102, 9.41302, 9.41502, 9.41702, 9.41902, 9.42102, 9.42302, 9.42502, 9.42702, 9.42902, 9.43102, 9.43302, 9.43502, 9.43702, 9.43902, 9.44102, 9.44302, 9.44502, 9.44702, 9.44902, 9.45102, 9.45302, 9.45502, 9.45702, 9.45902, 9.46102, 9.46302, 9.46502, 9.46702, 9.46902, 9.47002
9.47302, 9.47502, 9.47702, 9.47902, 9.48102, 9.48302, 9.48502, 9.48702, 9.48902, 9.49102, 9.49302, 9.49502, 9.49702, 9.49902, 9.50102, 9.50302, 9.50502, 9.50702, 9.50902, 9.51102, 9.51302, 9.51502, 9.51702, 9.51902, 9.52102, 9.52302, 9.52502, 9.52702, 9.52902, 9.53102, 9.53302, 9.53502, 9.53702, 9.53902, 9.54102, 9.54302, 9.54502, 9.54702, 9.54902, 9.55102, 9.55302, 9.55502, 9.55702, 9.55902, 9.56102, 9.56302, 9.56502, 9.56702, 9.56902, 9.57102, 9.57302, 9.57502, 9.57702, 9.57902, 9.58102, 9.58302, 9.58502, 9.58702, 9.58902, 9.59102, 9.59302, 9.59502, 9.59702, 9.59902, 9.60102, 9.60302, 9.60502, 9.60702, 9.60902, 9.61102, 9.61302, 9.61502, 9.61702, 9.61902, 9.62102, 9.62302, 9.62502, 9.62702, 9.62902, 9.63102, 9.63302, 9.63502, 9.63702, 9.63902, 9.64102, 9.64302, 9.64502, 9.64702, 9.64902, 9.65102, 9.65302, 9.65502, 9.65702, 9.65902, 9.66102, 9.66302, 9.66502, 9.66702, 9.66902, 9.67102, 9.67302, 9.67502, 9.67702, 9.67902, 9.68102, 9.68302, 9.68502, 9.68702, 9.68902, 9.69102, 9.69302, 9.69502, 9.69702, 9.69902, 9.70102, 9.70302, 9.70502, 9.70702, 9.70902, 9.71102, 9.71302, 9.71502, 9.71702, 9.71902, 9.72102, 9.72302, 9.72502, 9.72602
9.72902, 9.73102, 9.73302, 9.73502, 9.73702, 9.73902, 9.74102, 9.74302, 9.74502, 9.74702, 9.74902, 9.75102, 9.75302, 9.75502, 9.75702, 9.75902, 9.76102, 9.76302, 9.76502, 9.76702, 9.76902, 9.77102, 9.77302, 9.77502, 9.77702, 9.77902, 9.78102, 9.78302, 9.78502, 9.78702, 9.78902, 9.79102, 9.79302, 9.79502, 9.79702, 9.79902, 9.80102, 9.80302, 9.80502, 9.80702, 9.80902, 9.81102, 9.81302, 9.81502, 9.81702, 9.81902, 9.82102, 9.82302, 9.82502, 9.82702, 9.82902, 9.83102, 9.83302, 9.83502, 9.83702, 9.83902, 9.84102, 9.84302, 9.84502, 9.84702, 9.84902, 9.85102, 9.85302, 9.85502, 9.85702, 9.85902, 9.86102, 9.86302, 9.86502, 9.86702, 9.86902, 9.87102, 9.87302, 9.87502, 9.87702, 9.87902, 9.88102, 9.88302, 9.88502, 9.88702, 9.88902, 9.89102, 9.89302, 9.89502, 9.89702, 9.89902, 9.90102, 9.90302, 9.90502, 9.90702, 9.90902, 9.91102, 9.91302, 9.91502, 9.91702, 9.91902, 9.92102, 9.92302, 9.92502, 9.92702, 9.92902, 9.93102, 9.93302, 9.93502, 9.93702, 9.93902, 9.94102, 9.94302, 9.94502, 9.94702, 9.94902, 9.95102, 9.95302, 9.95502, 9.95702, 9.95902, 9.96102, 9.96302, 9.96502, 9.96702, 9.96902, 9.97102, 9.97302, 9.97502, 9.97702, 9.97902, 9.98102, 9.98202
9.98502, 9.98702, 9.98902, 9.99102, 9.99302, 9.99502, 9.99702, 9.99902, 10.001, 10.003, 10.005, 10.007, 10.009, 10.011, 10.013, 10.015, 10.017, 10.019, 10.021, 10.023, 10.025, 10.027, 10.029, 10.031, 10.033, 10.035, 10.037, 10.039, 10.041, 10.043, 10.045, 10.047, 10.049, 10.051, 10.053, 10.055, 10.057, 10.059, 10.061, 10.063, 10.065, 10.067, 10.069, 10.071, 10.073, 10.075, 10.077, 10.079, 10.081, 10.083, 10.085, 10.087, 10.089, 10.091, 10.093, 10.095, 10.097, 10.099, 10.101, 10.103, 10.105, 10.107, 10.109, 10.111, 10.113, 10.115, 10.117, 10.119, 10.121, 10.123, 10.125, 10.127, 10.129, 10.131, 10.133, 10.135, 10.137, 10.139, 10.141, 10.143, 10.145, 10.147, 10.149, 10.151, 10.153, 10.155, 10.157, 10.159, 10.161, 10.163, 10.165, 10.167, 10.169, 10.171, 10.173, 10.175, 10.177, 10.179, 10.181, 10.183, 10.185, 10.187, 10.189, 10.191, 10.193, 10.195, 10.197, 10.199, 10.201, 10.203, 10.205, 10.207, 10.209, 10.211, 10.213, 10.215, 10.217, 10.219, 10.221, 10.223, 10.225, 10.227, 10.229, 10.231, 10.233, 10.235, 10.237, 10.238
10.241, 10.243, 10.245, 10.247, 10.249, 10.251, 10.253, 10.255, 10.257, 10.259, 10.261, 10.263, 10.265, 10.267, 10.269, 10.271, 10.273, 10.275, 10.277, 10.279, 10.281, 10.283, 10.285, 10.287, 10.289, 10.291, 10.293, 10.295, 10.297, 10.299, 10.301, 10.303, 10.305, 10.307, 10.309, 10.311, 10.313, 10.315, 10.317, 10.319, 10.321, 10.323, 10.325, 10.327, 10.329, 10.331, 10.333, 10.335, 10.337, 10.339, 10.341, 10.343, 10.345, 10.347, 10.349, 10.351, 10.353, 10.355, 10.357, 10.359, 10.361, 10.363, 10.365, 10.367, 10.369, 10.371, 10.373, 10.375, 10.377, 10.379, 10.381, 10.383, 10.385, 10.387, 10.389, 10.391, 10.393, 10.395, 10.397, 10.399, 10.401, 10.403, 10.405, 10.407, 10.409, 10.411, 10.413, 10.415, 10.417, 10.419, 10.421, 10.423, 10.425, 10.427, 10.429, 10.431, 10.433, 10.435, 10.437, 10.439, 10.441, 10.443, 10.445, 10.447, 10.449, 10.451, 10.453, 10.455, 10.457, 10.459, 10.461, 10.463, 10.465, 10.467, 10.469, 10.471, 10.473, 10.475, 10.477, 10.479, 10.481, 10.483, 10.485, 10.487, 10.489, 10.491, 10.493, 10.494
10.497, 10.499, 10.501, 10.503, 10.505, 10.507, 10.509, 10.511, 10.513, 10.515, 10.517, 10.519, 10.521, 10.523, 10.525, 10.527, 10.529, 10.531, 10.533, 10.535, 10.537, 10.539, 10.541, 10.543, 10.545, 10.547, 10.549, 10.551, 10.553, 10.555, 10.557, 10.559, 10.561, 10.563, 10.565, 10.567, 10.569, 10.571, 10.573, 10.575, 10.577, 10.579, 10.581, 10.583, 10.585, 10.587, 10.589, 10.591, 10.593, 10.595, 10.597, 10.599, 10.601, 10.603, 10.605, 10.607, 10.609, 10.611, 10.613, 10.615, 10.617, 10.619, 10.621, 10.623, 10.625, 10.627, 10.629, 10.631, 10.633, 10.635, 10.637, 10.639, 10.641, 10.643, 10.645, 10.647, 10.649, 10.651, 10.653, 10.655, 10.657, 10.659, 10.661, 10.663, 10.665, 10.667, 10.669, 10.671, 10.673, 10.675, 10.677, 10.679, 10.681, 10.683, 10.685, 10.687, 10.689, 10.691, 10.693, 10.695, 10.697, 10.699, 10.701, 10.703, 10.705, 10.707, 10.709, 10.711, 10.713, 10.715, 10.717, 10.719, 10.721, 10.723, 10.725, 10.727, 10.729, 10.731, 10.733, 10.735, 10.737, 10.739, 10.741, 10.743, 10.745, 10.747, 10.749, 10.75
10.753, 10.755, 10.757, 10.759, 10.761, 10.763, 10.765, 10.767, 10.769, 10.771, 10.773, 10.775, 10.777, 10.779, 10.781, 10.783, 10.785, 10.787, 10.789, 10.791, 10.793, 10.795, 10.797, 10.799, 10.801, 10.803, 10.805, 10.807, 10.809, 10.811, 10.813, 10.815, 10.817, 10.819, 10.821, 10.823, 10.825, 10.827, 10.829, 10.831, 10.833, 10.835, 10.837, 10.839, 10.841, 10.843, 10.845, 10.847, 10.849, 10.851, 10.853, 10.855, 10.857, 10.859, 10.861, 10.863, 10.865, 10.867, 10.869, 10.871, 10.873, 10.875, 10.877, 10.879, 10.881, 10.883, 10.885, 10.887, 10.889, 10.891, 10.893, 10.895, 10.897, 10.899, 10.901, 10.903, 10.905, 10.907, 10.909, 10.911, 10.913, 10.915, 10.917, 10.919, 10.921, 10.923, 10.925, 10.927, 10.929, 10.931, 10.933, 10.935, 10.937, 10.939, 10.941, 10.943, 10.945, 10.947, 10.949, 10.951, 10.953, 10.955, 10.957, 10.959, 10.961, 10.963, 10.965, 10.967, 10.969, 10.971, 10.973, 10.975, 10.977, 10.979, 10.981, 10.983, 10.985, 10.987, 10.989, 10.991, 10.993, 10.995, 10.997, 10.999, 11.001, 11.003, 11.005, 11.006
11.009, 11.011, 11.013, 11.015, 11.017, 11.019, 11.021, 11.023, 11.025, 11.027, 11.029, 11.031, 11.033, 11.035, 11.037, 11.039, 11.041, 11.043, 11.045, 11.047, 11.049, 11.051, 11.053, 11.055, 11.057, 11.059, 11.061, 11.063, 11.065, 11.067, 11.069, 11.071, 11.073, 11.075, 11.077, 11.079, 11.081, 11.083, 11.085, 11.087, 11.089, 11.091, 11.093, 11.095, 11.097, 11.099, 11.101, 11.103, 11.105, 11.107, 11.109, 11.111, 11.113, 11.115, 11.117, 11.119, 11.121, 11.123, 11.125, 11.127, 11.129, 11.131, 11.133, 11.135, 11.137, 11.139, 11.141, 11.143, 11.145, 11.147, 11.149, 11.151, 11.153, 11.155, 11.157, 11.159, 11.161, 11.163, 11.165, 11.167, 11.169, 11.171, 11.173, 11.175, 11.177, 11.179, 11.181, 11.183, 11.185, 11.187, 11.189, 11.191, 11.193, 11.195, 11.197, 11.199, 11.201, 11.203, 11.205, 11.207, 11.209, 11.211, 11.213, 11.215, 11.217, 11.219, 11.221, 11.223, 11.225, 11.227, 11.229, 11.231, 11.233, 11.235, 11.237, 11.239, 11.241, 11.243, 11.245, 11.247, 11.249, 11.251, 11.253, 11.255, 11.257, 11.259, 11.261, 11.262
11.265, 11.267, 11.269, 11.271, 11.273, 11.275, 11.277, 11.279, 11.281, 11.283, 11.285, 11.287, 11.289, 11.291, 11.293, 11.295, 11.297, 11.299, 11.301, 11.303, 11.305, 11.307, 11.309, 11.311, 11.313, 11.315, 11.317, 11.319, 11.321, 11.323, 11.325, 11.327, 11.329, 11.331, 11.333, 11.335, 11.337, 11.339, 11.341, 11.343, 11.345, 11.347, 11.349, 11.351, 11.353, 11.355, 11.357, 11.359, 11.361, 11.363, 11.365, 11.367, 11.369, 11.371, 11.373, 11.375, 11.377, 11.379, 11.381, 11.383, 11.385, 11.387, 11.389, 11.391, 11.393, 11.395, 11.397, 11.399, 11.401, 11.403, 11.405, 11.407, 11.409, 11.411, 11.413, 11.415, 11.417, 11.419, 11.421, 11.423, 11.425, 11.427, 11.429, 11.431, 11.433, 11.435, 11.437, 11.439, 11.441, 11.443, 11.445, 11.447, 11.449, 11.451, 11.453, 11.455, 11.457, 11.459, 11.461, 11.463, 11.465, 11.467, 11.469, 11.471, 11.473, 11.475, 11.477, 11.479, 11.481, 11.483, 11.485, 11.487, 11.489, 11.491, 11.493, 11.495, 11.497, 11.499, 11.501, 11.503, 11.505, 11.507, 11.509, 11.511, 11.513, 11.515, 11.517, 11.518
11.521, 11.523, 11.525, 11.527, 11.529, 11.531, 11.533, 11.535, 11.537, 11.539, 11.541, 11.543, 11.545, 11.547, 11.549, 11.551, 11.553, 11.555, 11.557, 11.559, 11.561, 11.563, 11.565, 11.567, 11.569, 11.571, 11.573, 11.575, 11.577, 11.579, 11.581, 11.583, 11.585, 11.587, 11.589, 11.591, 11.593, 11.595, 11.597, 11.599, 11.601, 11.603, 11.605, 11.607, 11.609, 11.611, 11.613, 11.615, 11.617, 11.619, 11.621, 11.623, 11.625, 11.627, 11.629, 11.631, 11.633, 11.635, 11.637, 11.639, 11.641, 11.643, 11.645, 11.647, 11.649, 11.651, 11.653, 11.655, 11.657, 11.659, 11.661, 11.663, 11.665, 11.667, 11.669, 11.671, 11.673, 11.675, 11.677, 11.679, 11.681, 11.683, 11.685, 11.687, 11.689, 11.691, 11.693, 11.695, 11.697, 11.699, 11.701, 11.703, 11.705, 11.707, 11.709, 11.711, 11.713, 11.715, 11.717, 11.719, 11.721, 11.723, 11.725, 11.727, 11.729, 11.731, 11.733, 11.735, 11.737, 11.739, 11.741, 11.743, 11.745, 11.747, 11.749, 11.751, 11.753, 11.755, 11.757, 11.759, 11.761, 11.763, 11.765, 11.767, 11.769, 11.771, 11.773, 11.774
11.777, 11.779, 11.781, 11.783, 11.785, 11.787, 11.789, 11.791, 11.793, 11.795, 11.797, 11.799, 11.801, 11.803, 11.805, 11.807, 11.809, 11.811, 11.813, 11.815, 11.817, 11.819, 11.821, 11.823, 11.825, 11.827, 11.829, 11.831, 11.833, 11.835, 11.837, 11.839, 11.841, 11.843, 11.845, 11.847, 11.849, 11.851, 11.853, 11.855, 11.857, 11.859, 11.861, 11.863, 11.865, 11.867, 11.869, 11.871, 11.873, 11.875, 11.877, 11.879, 11.881, 11.883, 11.885, 11.887, 11.889, 11.891, 11.893, 11.895, 11.897, 11.899, 11.901, 11.903, 11.905, 11.907, 11.909, 11.911, 11.913, 11.915, 11.917, 11.919, 11.921, 11.923, 11.925, 11.927, 11.929, 11.931, 11.933, 11.935, 11.937, 11.939, 11.941, 11.943, 11.945, 11.947, 11.949, 11.951, 11.953, 11.955, 11.957, 11.959, 11.961, 11.963, 11.965, 11.967, 11.969, 11.971, 11.973, 11.975, 11.977, 11.979, 11.981, 11.983, 11.985, 11.987, 11.989, 11.991, 11.993, 11.995, 11.997, 11.999, 12.001, 12.003, 12.005, 12.007, 12.009, 12.011, 12.013, 12.015, 12.017, 12.019, 12.021, 12.023, 12.025, 12.027, 12.029, 12.03
12.033, 12.035, 12.037, 12.039, 12.041, 12.043, 12.045, 12.047, 12.049, 12.051, 12.053, 12.055, 12.057, 12.059, 12.061, 12.063, 12.065, 12.067, 12.069, 12.071, 12.073, 12.075, 12.077, 12.079, 12.081, 12.083, 12.085, 12.087, 12.089, 12.091, 12.093, 12.095, 12.097, 12.099, 12.101, 12.103, 12.105, 12.107, 12.109, 12.111, 12.113, 12.115, 12.117, 12.119, 12.121, 12.123, 12.125, 12.127, 12.129, 12.131, 12.133, 12.135, 12.137, 12.139, 12.141, 12.143, 12.145, 12.147, 12.149, 12.151, 12.153, 12.155, 12.157, 12.159, 12.161, 12.163, 12.165, 12.167, 12.169, 12.171, 12.173, 12.175, 12.177, 12.179, 12.181, 12.183, 12.185, 12.187, 12.189, 12.191, 12.193, 12.195, 12.197, 12.199, 12.201, 12.203, 12.205, 12.207, 12.209, 12.211, 12.213, 12.215, 12.217, 12.219, 12.221, 12.223, 12.225, 12.227, 12.229, 12.231, 12.233, 12.235, 12.237, 12.239, 12.241, 12.243, 12.245, 12.247, 12.249, 12.251, 12.253, 12.255, 12.257, 12.259, 12.261, 12.263, 12.265, 12.267, 12.269, 12.271, 12.273, 12.275, 12.277, 12.279, 12.281, 12.283, 12.285, 12.286
12.289, 12.291, 12.293, 12.295, 12.297, 12.299, 12.301, 12.303, 12.305, 12.307, 12.309, 12.311, 12.313, 12.315, 12.317, 12.319, 12.321, 12.323, 12.325, 12.327, 12.329, 12.331, 12.333, 12.335, 12.337, 12.339, 12.341, 12.343, 12.345, 12.347, 12.349, 12.351, 12.353, 12.355, 12.357, 12.359, 12.361, 12.363, 12.365, 12.367, 12.369, 12.371, 12.373, 12.375, 12.377, 12.379, 12.381, 12.383, 12.385, 12.387, 12.389, 12.391, 12.393, 12.395, 12.397, 12.399, 12.401, 12.403, 12.405, 12.407, 12.409, 12.411, 12.413, 12.415, 12.417, 12.419, 12.421, 12.423, 12.425, 12.427, 12.429, 12.431, 12.433, 12.435, 12.437, 12.439, 12.441, 12.443, 12.445, 12.447, 12.449, 12.451, 12.453, 12.455, 12.457, 12.459, 12.461, 12.463, 12.465, 12.467, 12.469, 12.471, 12.473, 12.475, 12.477, 12.479, 12.481, 12.483, 12.485, 12.487, 12.489, 12.491, 12.493, 12.495, 12.497, 12.499, 12.501, 12.503, 12.505, 12.507, 12.509, 12.511, 12.513, 12.515, 12.517, 12.519, 12.521, 12.523, 12.525, 12.527, 12.529, 12.531, 12.533, 12.535, 12.537, 12.539, 12.541, 12.542
12.545, 12.547, 12.549, 12.551, 12.553, 12.555, 12.557, 12.559, 12.561, 12.563, 12.565, 12.567, 12.569, 12.571, 12.573, 12.575, 12.577, 12.579, 12.581, 12.583, 12.585, 12.587, 12.589, 12.591, 12.593, 12.595, 12.597, 12.599, 12.601, 12.603, 12.605, 12.607, 12.609, 12.611, 12.613, 12.615, 12.617, 12.619, 12.621, 12.623, 12.625, 12.627, 12.629, 12.631, 12.633, 12.635, 12.637, 12.639, 12.641, 12.643, 12.645, 12.647, 12.649, 12.651, 12.653, 12.655, 12.657, 12.659, 12.661, 12.663, 12.665, 12.667, 12.669, 12.671, 12.673, 12.675, 12.677, 12.679, 12.681, 12.683, 12.685, 12.687, 12.689, 12.691, 12.693, 12.695, 12.697, 12.699, 12.701, 12.703, 12.705, 12.707, 12.709, 12.711, 12.713, 12.715, 12.717, 12.719, 12.721, 12.723, 12.725, 12.727, 12.729, 12.731, 12.733, 12.735, 12.737, 12.739, 12.741, 12.743, 12.745, 12.747, 12.749, 12.751, 12.753, 12.755, 12.757, 12.759, 12.761, 12.763, 12.765, 12.767, 12.769, 12.771, 12.773, 12.775, 12.777, 12.779, 12.781, 12.783, 12.785, 12.787, 12.789, 12.791, 12.793, 12.795, 12.797, 12.798
12.801, 12.803, 12.805, 12.807, 12.809, 12.811, 12.813, 12.815, 12.817, 12.819, 12.821, 12.823, 12.825, 12.827, 12.829, 12.831, 12.833, 12.835, 12.837, 12.839, 12.841, 12.843, 12.845, 12.847, 12.849, 12.851, 12.853, 12.855, 12.857, 12.859, 12.861, 12.863, 12.865, 12.867, 12.869, 12.871, 12.873, 12.875, 12.877, 12.879, 12.881, 12.883, 12.885, 12.887, 12.889, 12.891, 12.893, 12.895, 12.897, 12.899, 12.901, 12.903, 12.905, 12.907, 12.909, 12.911, 12.913, 12.915, 12.917, 12.919, 12.921, 12.923, 12.925, 12.927, 12.929, 12.931, 12.933, 12.935, 12.937, 12.939, 12.941, 12.943, 12.945, 12.947, 12.949, 12.951, 12.953, 12.955, 12.957, 12.959, 12.961, 12.963, 12.965, 12.967, 12.969, 12.971, 12.973, 12.975, 12.977, 12.979, 12.981, 12.983, 12.985, 12.987, 12.989, 12.991, 12.993, 12.995, 12.997, 12.999, 13.001, 13.003, 13.005, 13.007, 13.009, 13.011, 13.013, 13.015, 13.017, 13.019, 13.021, 13.023, 13.025, 13.027, 13.029, 13.031, 13.033, 13.035, 13.037, 13.039, 13.041, 13.043, 13.045, 13.047, 13.049, 13.051, 13.053, 13.054
13.057, 13.059, 13.061, 13.063, 13.065, 13.067, 13.069, 13.071, 13.073, 13.075, 13.077, 13.079, 13.081, 13.083, 13.085, 13.087, 13.089, 13.091, 13.093, 13.095, 13.097, 13.099, 13.101, 13.103, 13.105, 13.107, 13.109, 13.111, 13.113, 13.115, 13.117, 13.119, 13.121, 13.123, 13.125, 13.127, 13.129, 13.131, 13.133, 13.135, 13.137, 13.139, 13.141, 13.143, 13.145, 13.147, 13.149, 13.151, 13.153, 13.155, 13.157, 13.159, 13.161, 13.163, 13.165, 13.167, 13.169, 13.171, 13.173, 13.175, 13.177, 13.179, 13.181, 13.183, 13.185, 13.187, 13.189, 13.191, 13.193, 13.195, 13.197, 13.199, 13.201, 13.203, 13.205, 13.207, 13.209, 13.211, 13.213, 13.215, 13.217, 13.219, 13.221, 13.223, 13.225, 13.227, 13.229, 13.231, 13.233, 13.235, 13.237, 13.239, 13.241, 13.243, 13.245, 13.247, 13.249, 13.251, 13.253, 13.255, 13.257, 13.259, 13.261, 13.263, 13.265, 13.267, 13.269, 13.271, 13.273, 13.275, 13.277, 13.279, 13.281, 13.283, 13.285, 13.287, 13.289, 13.291, 13.293, 13.295, 13.297, 13.299, 13.301, 13.303, 13.305, 13.307, 13.309, 13.31
13.313, 13.315, 13.317, 13.319, 13.321, 13.323, 13.325, 13.327, 13.329, 13.331, 13.333, 13.335, 13.337, 13.339, 13.341, 13.343, 13.345, 13.347, 13.349, 13.351, 13.353, 13.355, 13.357, 13.359, 13.361, 13.363, 13.365, 13.367, 13.369, 13.371, 13.373, 13.375, 13.377, 13.379, 13.381, 13.383, 13.385, 13.387, 13.389, 13.391, 13.393, 13.395, 13.397, 13.399, 13.401, 13.403, 13.405, 13.407, 13.409, 13.411, 13.413, 13.415, 13.417, 13.419, 13.421, 13.423, 13.425, 13.427, 13.429, 13.431, 13.433, 13.435, 13.437, 13.439, 13.441, 13.443, 13.445, 13.447, 13.449, 13.451, 13.453, 13.455, 13.457, 13.459, 13.461, 13.463, 13.465, 13.467, 13.469, 13.471, 13.473, 13.475, 13.477, 13.479, 13.481, 13.483, 13.485, 13.487, 13.489, 13.491, 13.493, 13.495, 13.497, 13.499, 13.501, 13.503, 13.505, 13.507, 13.509, 13.511, 13.513, 13.515, 13.517, 13.519, 13.521, 13.523, 13.525, 13.527, 13.529, 13.531, 13.533, 13.535, 13.537, 13.539, 13.541, 13.543, 13.545, 13.547, 13.549, 13.551, 13.553, 13.555, 13.557, 13.559, 13.561, 13.563, 13.565, 13.566
13.569, 13.571, 13.573, 13.575, 13.577, 13.579, 13.581, 13.583, 13.585, 13.587, 13.589, 13.591, 13.593, 13.595, 13.597, 13.599, 13.601, 13.603, 13.605, 13.607, 13.609, 13.611, 13.613, 13.615, 13.617, 13.619, 13.621, 13.623, 13.625, 13.627, 13.629, 13.631, 13.633, 13.635, 13.637, 13.639, 13.641, 13.643, 13.645, 13.647, 13.649, 13.651, 13.653, 13.655, 13.657, 13.659, 13.661, 13.663, 13.665, 13.667, 13.669, 13.671, 13.673, 13.675, 13.677, 13.679, 13.681, 13.683, 13.685, 13.687, 13.689, 13.691, 13.693, 13.695, 13.697, 13.699, 13.701, 13.703, 13.705, 13.707, 13.709, 13.711, 13.713, 13.715, 13.717, 13.719, 13.721, 13.723, 13.725, 13.727, 13.729, 13.731, 13.733, 13.735, 13.737, 13.739, 13.741, 13.743, 13.745, 13.747, 13.749, 13.751, 13.753, 13.755, 13.757, 13.759, 13.761, 13.763, 13.765, 13.767, 13.769, 13.771, 13.773, 13.775, 13.777, 13.779, 13.781, 13.783, 13.785, 13.787, 13.789, 13.791, 13.793, 13.795, 13.797, 13.799, 13.801, 13.803, 13.805, 13.807, 13.809, 13.811, 13.813, 13.815, 13.817, 13.819, 13.821, 13.822
13.825, 13.827, 13.829, 13.831, 13.833, 13.835, 13.837, 13.839, 13.841, 13.843, 13.845, 13.847, 13.849, 13.851, 13.853, 13.855, 13.857, 13.859, 13.861, 13.863, 13.865, 13.867, 13.869, 13.871, 13.873, 13.875, 13.877, 13.879, 13.881, 13.883, 13.885, 13.887, 13.889, 13.891, 13.893, 13.895, 13.897, 13.899, 13.901, 13.903, 13.905, 13.907, 13.909, 13.911, 13.913, 13.915, 13.917, 13.919, 13.921, 13.923, 13.925, 13.927, 13.929, 13.931, 13.933, 13.935, 13.937, 13.939, 13.941, 13.943, 13.945, 13.947, 13.949, 13.951, 13.953, 13.955, 13.957, 13.959, 13.961, 13.963, 13.965, 13.967, 13.969, 13.971, 13.973, 13.975, 13.977, 13.979, 13.981, 13.983, 13.985, 13.987, 13.989, 13.991, 13.993, 13.995, 13.997, 13.999, 14.001, 14.003, 14.005, 14.007, 14.009, 14.011, 14.013, 14.015, 14.017, 14.019, 14.021, 14.023, 14.025, 14.027, 14.029, 14.031, 14.033, 14.035, 14.037, 14.039, 14.041, 14.043, 14.045, 14.047, 14.049, 14.051, 14.053, 14.055, 14.057, 14.059, 14.061, 14.063, 14.065, 14.067, 14.069, 14.071, 14.073, 14.075, 14.077, 14.078
14.081, 14.083, 14.085, 14.087, 14.089, 14.091, 14.093, 14.095, 14.097, 14.099, 14.101, 14.103, 14.105, 14.107, 14.109, 14.111, 14.113, 14.115, 14.117, 14.119, 14.121, 14.123, 14.125, 14.127, 14.129, 14.131, 14.133, 14.135, 14.137, 14.139, 14.141, 14.143, 14.145, 14.147, 14.149, 14.151, 14.153, 14.155, 14.157, 14.159, 14.161, 14.163, 14.165, 14.167, 14.169, 14.171, 14.173, 14.175, 14.177, 14.179, 14.181, 14.183, 14.185, 14.187, 14.189, 14.191, 14.193, 14.195, 14.197, 14.199, 14.201, 14.203, 14.205, 14.207, 14.209, 14.211, 14.213, 14.215, 14.217, 14.219, 14.221, 14.223, 14.225, 14.227, 14.229, 14.231, 14.233, 14.235, 14.237, 14.239, 14.241, 14.243, 14.245, 14.247, 14.249, 14.251, 14.253, 14.255, 14.257, 14.259, 14.261, 14.263, 14.265, 14.267, 14.269, 14.271, 14.273, 14.275, 14.277, 14.279, 14.281, 14.283, 14.285, 14.287, 14.289, 14.291, 14.293, 14.295, 14.297, 14.299, 14.301, 14.303, 14.305, 14.307, 14.309, 14.311, 14.313, 14.315, 14.317, 14.319, 14.321, 14.323, 14.325, 14.327, 14.329, 14.331, 14.333, 14.334
14.337, 14.339, 14.341, 14.343, 14.345, 14.347, 14.349, 14.351, 14.353, 14.355, 14.357, 14.359, 14.361, 14.363, 14.365, 14.367, 14.369, 14.371, 14.373, 14.375, 14.377, 14.379, 14.381, 14.383, 14.385, 14.387, 14.389, 14.391, 14.393, 14.395, 14.397, 14.399, 14.401, 14.403, 14.405, 14.407, 14.409, 14.411, 14.413, 14.415, 14.417, 14.419, 14.421, 14.423, 14.425, 14.427, 14.429, 14.431, 14.433, 14.435, 14.437, 14.439, 14.441, 14.443, 14.445, 14.447, 14.449, 14.451, 14.453, 14.455, 14.457, 14.459, 14.461, 14.463, 14.465, 14.467, 14.469, 14.471, 14.473, 14.475, 14.477, 14.479, 14.481, 14.483, 14.485, 14.487, 14.489, 14.491, 14.493, 14.495, 14.497, 14.499, 14.501, 14.503, 14.505, 14.507, 14.509, 14.511, 14.513, 14.515, 14.517, 14.519, 14.521, 14.523, 14.525, 14.527, 14.529, 14.531, 14.533, 14.535, 14.537, 14.539, 14.541, 14.543, 14.545, 14.547, 14.549, 14.551, 14.553, 14.555, 14.557, 14.559, 14.561, 14.563, 14.565, 14.567, 14.569, 14.571, 14.573, 14.575, 14.577, 14.579, 14.581, 14.583, 14.585, 14.587, 14.589, 14.59
14.593, 14.595, 14.597, 14.599, 14.601, 14.603, 14.605, 14.607, 14.609, 14.611, 14.613, 14.615, 14.617, 14.619, 14.621, 14.623, 14.625, 14.627, 14.629, 14.631, 14.633, 14.635, 14.637, 14.639, 14.641, 14.643, 14.645, 14.647, 14.649, 14.651, 14.653, 14.655, 14.657, 14.659, 14.661, 14.663, 14.665, 14.667, 14.669, 14.671, 14.673, 14.675, 14.677, 14.679, 14.681, 14.683, 14.685, 14.687, 14.689, 14.691, 14.693, 14.695, 14.697, 14.699, 14.701, 14.703, 14.705, 14.707, 14.709, 14.711, 14.713, 14.715, 14.717, 14.719, 14.721, 14.723, 14.725, 14.727, 14.729, 14.731, 14.733, 14.735, 14.737, 14.739, 14.741, 14.743, 14.745, 14.747, 14.749, 14.751, 14.753, 14.755, 14.757, 14.759, 14.761, 14.763, 14.765, 14.767, 14.769, 14.771, 14.773, 14.775, 14.777, 14.779, 14.781, 14.783, 14.785, 14.787, 14.789, 14.791, 14.793, 14.795, 14.797, 14.799, 14.801, 14.803, 14.805, 14.807, 14.809, 14.811, 14.813, 14.815, 14.817, 14.819, 14.821, 14.823, 14.825, 14.827, 14.829, 14.831, 14.833, 14.835, 14.837, 14.839, 14.841, 14.843, 14.845, 14.846
14.849, 14.851, 14.853, 14.855, 14.857, 14.859, 14.861, 14.863, 14.865, 14.867, 14.869, 14.871, 14.873, 14.875, 14.877, 14.879, 14.881, 14.883, 14.885, 14.887, 14.889, 14.891, 14.893, 14.895, 14.897, 14.899, 14.901, 14.903, 14.905, 14.907, 14.909, 14.911, 14.913, 14.915, 14.917, 14.919, 14.921, 14.923, 14.925, 14.927, 14.929, 14.931, 14.933, 14.935, 14.937, 14.939, 14.941, 14.943, 14.945, 14.947, 14.949, 14.951, 14.953, 14.955, 14.957, 14.959, 14.961, 14.963, 14.965, 14.967, 14.969, 14.971, 14.973, 14.975, 14.977, 14.979, 14.981, 14.983, 14.985, 14.987, 14.989, 14.991, 14.993, 14.995, 14.997, 14.999, 15.001, 15.003, 15.005, 15.007, 15.009, 15.011, 15.013, 15.015, 15.017, 15.019, 15.021, 15.023, 15.025, 15.027, 15.029, 15.031, 15.033, 15.035, 15.037, 15.039, 15.041, 15.043, 15.045, 15.047, 15.049, 15.051, 15.053, 15.055, 15.057, 15.059, 15.061, 15.063, 15.065, 15.067, 15.069, 15.071, 15.073, 15.075, 15.077, 15.079, 15.081, 15.083, 15.085, 15.087, 15.089, 15.091, 15.093, 15.095, 15.097, 15.099, 15.101, 15.102
15.105, 15.107, 15.109, 15.111, 15.113, 15.115, 15.117, 15.119, 15.121, 15.123, 15.125, 15.127, 15.129, 15.131, 15.133, 15.135, 15.137, 15.139, 15.141, 15.143, 15.145, 15.147, 15.149, 15.151, 15.153, 15.155, 15.157, 15.159, 15.161, 15.163, 15.165, 15.167, 15.169, 15.171, 15.173, 15.175, 15.177, 15.179, 15.181, 15.183, 15.185, 15.187, 15.189, 15.191, 15.193, 15.195, 15.197, 15.199, 15.201, 15.203, 15.205, 15.207, 15.209, 15.211, 15.213, 15.215, 15.217, 15.219, 15.221, 15.223, 15.225, 15.227, 15.229, 15.231, 15.233, 15.235, 15.237, 15.239, 15.241, 15.243, 15.245, 15.247, 15.249, 15.251, 15.253, 15.255, 15.257, 15.259, 15.261, 15.263, 15.265, 15.267, 15.269, 15.271, 15.273, 15.275, 15.277, 15.279, 15.281, 15.283, 15.285, 15.287, 15.289, 15.291, 15.293, 15.295, 15.297, 15.299, 15.301, 15.303, 15.305, 15.307, 15.309, 15.311, 15.313, 15.315, 15.317, 15.319, 15.321, 15.323, 15.325, 15.327, 15.329, 15.331, 15.333, 15.335, 15.337, 15.339, 15.341, 15.343, 15.345, 15.347, 15.349, 15.351, 15.353, 15.355, 15.357, 15.358
15.361, 15.363, 15.365, 15.367, 15.369, 15.371, 15.373, 15.375, 15.377, 15.379, 15.381, 15.383, 15.385, 15.387, 15.389, 15.391, 15.393, 15.395, 15.397, 15.399, 15.401, 15.403, 15.405, 15.407, 15.409, 15.411, 15.413, 15.415, 15.417, 15.419, 15.421, 15.423, 15.425, 15.427, 15.429, 15.431, 15.433, 15.435, 15.437, 15.439, 15.441, 15.443, 15.445, 15.447, 15.449, 15.451, 15.453, 15.455, 15.457, 15.459, 15.461, 15.463, 15.465, 15.467, 15.469, 15.471, 15.473, 15.475, 15.477, 15.479, 15.481, 15.483, 15.485, 15.487, 15.489, 15.491, 15.493, 15.495, 15.497, 15.499, 15.501, 15.503, 15.505, 15.507, 15.509, 15.511, 15.513, 15.515, 15.517, 15.519, 15.521, 15.523, 15.525, 15.527, 15.529, 15.531, 15.533, 15.535, 15.537, 15.539, 15.541, 15.543, 15.545, 15.547, 15.549, 15.551, 15.553, 15.555, 15.557, 15.559, 15.561, 15.563, 15.565, 15.567, 15.569, 15.571, 15.573, 15.575, 15.577, 15.579, 15.581, 15.583, 15.585, 15.587, 15.589, 15.591, 15.593, 15.595, 15.597, 15.599, 15.601, 15.603, 15.605, 15.607, 15.609, 15.611, 15.613, 15.614
15.617, 15.619, 15.621, 15.623, 15.625, 15.627, 15.629, 15.631, 15.633, 15.635, 15.637, 15.639, 15.641, 15.643, 15.645, 15.647, 15.649, 15.651, 15.653, 15.655, 15.657, 15.659, 15.661, 15.663, 15.665, 15.667, 15.669, 15.671, 15.673, 15.675, 15.677, 15.679, 15.681, 15.683, 15.685, 15.687, 15.689, 15.691, 15.693, 15.695, 15.697, 15.699, 15.701, 15.703, 15.705, 15.707, 15.709, 15.711, 15.713, 15.715, 15.717, 15.719, 15.721, 15.723, 15.725, 15.727, 15.729, 15.731, 15.733, 15.735, 15.737, 15.739, 15.741, 15.743, 15.745, 15.747, 15.749, 15.751, 15.753, 15.755, 15.757, 15.759, 15.761, 15.763, 15.765, 15.767, 15.769, 15.771, 15.773, 15.775, 15.777, 15.779, 15.781, 15.783, 15.785, 15.787, 15.789, 15.791, 15.793, 15.795, 15.797, 15.799, 15.801, 15.803, 15.805, 15.807, 15.809, 15.811, 15.813, 15.815, 15.817, 15.819, 15.821, 15.823, 15.825, 15.827, 15.829, 15.831, 15.833, 15.835, 15.837, 15.839, 15.841, 15.843, 15.845, 15.847, 15.849, 15.851, 15.853, 15.855, 15.857, 15.859, 15.861, 15.863, 15.865, 15.867, 15.869, 15.87
15.873, 15.875, 15.877, 15.879, 15.881, 15.883, 15.885, 15.887, 15.889, 15.891, 15.893, 15.895, 15.897, 15.899, 15.901, 15.903, 15.905, 15.907, 15.909, 15.911, 15.913, 15.915, 15.917, 15.919, 15.921, 15.923, 15.925, 15.927, 15.929, 15.931, 15.933, 15.935, 15.937, 15.939, 15.941, 15.943, 15.945, 15.947, 15.949, 15.951, 15.953, 15.955, 15.957, 15.959, 15.961, 15.963, 15.965, 15.967, 15.969, 15.971, 15.973, 15.975, 15.977, 15.979, 15.981, 15.983, 15.985, 15.987, 15.989, 15.991, 15.993, 15.995, 15.997, 15.999, 16.001, 16.003, 16.005, 16.007, 16.009, 16.011, 16.013, 16.015, 16.017, 16.019, 16.021, 16.023, 16.025, 16.027, 16.029, 16.031, 16.033, 16.035, 16.037, 16.039, 16.041, 16.043, 16.045, 16.047, 16.049, 16.051, 16.053, 16.055, 16.057, 16.059, 16.061, 16.063, 16.065, 16.067, 16.069, 16.071, 16.073, 16.075, 16.077, 16.079, 16.081, 16.083, 16.085, 16.087, 16.089, 16.091, 16.093, 16.095, 16.097, 16.099, 16.101, 16.103, 16.105, 16.107, 16.109, 16.111, 16.113, 16.115, 16.117, 16.119, 16.121, 16.123, 16.125, 16.126
16.129, 16.131, 16.133, 16.135, 16.137, 16.139, 16.141, 16.143, 16.145, 16.147, 16.149, 16.151, 16.153, 16.155, 16.157, 16.159, 16.161, 16.163, 16.165, 16.167, 16.169, 16.171, 16.173, 16.175, 16.177, 16.179, 16.181, 16.183, 16.185, 16.187, 16.189, 16.191, 16.193, 16.195, 16.197, 16.199, 16.201, 16.203, 16.205, 16.207, 16.209, 16.211, 16.213, 16.215, 16.217, 16.219, 16.221, 16.223, 16.225, 16.227, 16.229, 16.231, 16.233, 16.235, 16.237, 16.239, 16.241, 16.243, 16.245, 16.247, 16.249, 16.251, 16.253, 16.255, 16.257, 16.259, 16.261, 16.263, 16.265, 16.267, 16.269, 16.271, 16.273, 16.275, 16.277, 16.279, 16.281, 16.283, 16.285, 16.287, 16.289, 16.291, 16.293, 16.295, 16.297, 16.299, 16.301, 16.303, 16.305, 16.307, 16.309, 16.311, 16.313, 16.315, 16.317, 16.319, 16.321, 16.323, 16.325, 16.327, 16.329, 16.331, 16.333, 16.335, 16.337, 16.339, 16.341, 16.343, 16.345, 16.347, 16.349, 16.351, 16.353, 16.355, 16.357, 16.359, 16.361, 16.363, 16.365, 16.367, 16.369, 16.371, 16.373, 16.375, 16.377, 16.379, 16.381, 16.382
